# Blender 4.1.1
# www.blender.org
mtllib Title.mtl
o オブジェクト
v -22.683002 3.241000 -2.590000
v -22.585075 3.339567 -2.590000
v -22.468338 3.451453 -2.590000
v -22.335846 3.573937 -2.590000
v -22.190670 3.704296 -2.590000
v -22.035866 3.839808 -2.590000
v -21.874500 3.977750 -2.590000
v -21.709637 4.115400 -2.590000
v -21.544338 4.250037 -2.590000
v -21.381660 4.378938 -2.590000
v -21.224670 4.499380 -2.590000
v -21.076427 4.608642 -2.590000
v -20.940002 4.704000 -2.590000
v -21.339001 5.131001 -2.590000
v -21.471039 5.040864 -2.590000
v -21.616570 4.936653 -2.590000
v -21.772453 4.820923 -2.590000
v -21.935555 4.696223 -2.590000
v -22.102741 4.565107 -2.590000
v -22.270874 4.430126 -2.590000
v -22.436821 4.293832 -2.590000
v -22.597446 4.158778 -2.590000
v -22.749611 4.027516 -2.590000
v -22.890182 3.902598 -2.590000
v -23.016022 3.786575 -2.590000
v -23.124001 3.682000 -2.590000
v -23.801704 1.639879 -2.590000
v -24.056297 1.829787 -2.590000
v -24.299999 2.030875 -2.590000
v -24.532040 2.241296 -2.590000
v -24.751629 2.459204 -2.590000
v -24.958000 2.682750 -2.590000
v -25.150372 2.910088 -2.590000
v -25.327965 3.139370 -2.590000
v -25.490002 3.368750 -2.590000
v -25.635704 3.596380 -2.590000
v -25.764297 3.820412 -2.590000
v -25.875000 4.039000 -2.590000
v -26.210999 3.444000 -2.590000
v -26.084923 3.223857 -2.590000
v -25.944908 3.001769 -2.590000
v -25.791332 2.779000 -2.590000
v -25.624561 2.556815 -2.590000
v -25.444954 2.336477 -2.590000
v -25.252880 2.119250 -2.590000
v -25.048698 1.906398 -2.590000
v -24.832779 1.699185 -2.590000
v -24.605484 1.498875 -2.590000
v -24.367180 1.306731 -2.590000
v -24.118233 1.124018 -2.590000
v -23.859001 0.952000 -2.590000
v -23.680016 0.842155 -2.590000
v -23.492863 0.733574 -2.590000
v -23.297249 0.626937 -2.590000
v -23.092892 0.522926 -2.590000
v -22.879486 0.422220 -2.590000
v -22.656754 0.325500 -2.590000
v -22.424389 0.233447 -2.590000
v -22.182114 0.146741 -2.590000
v -21.929626 0.066062 -2.590000
v -21.666641 -0.007908 -2.590000
v -21.392860 -0.074489 -2.590000
v -21.108002 -0.133000 -2.590000
v -20.737000 0.441000 -2.590000
v -21.036720 0.491454 -2.590000
v -21.323566 0.551218 -2.590000
v -21.597775 0.619391 -2.590000
v -21.859589 0.695074 -2.590000
v -22.109245 0.777369 -2.590000
v -22.346996 0.865375 -2.590000
v -22.573078 0.958194 -2.590000
v -22.787735 1.054926 -2.590000
v -22.991215 1.154672 -2.590000
v -23.183758 1.256532 -2.590000
v -23.365604 1.359608 -2.590000
v -23.536999 1.463000 -2.590000
v -13.058002 2.856000 -2.590000
v -13.129066 2.803241 -2.590000
v -13.211834 2.740176 -2.590000
v -13.304855 2.667875 -2.590000
v -13.406700 2.587407 -2.590000
v -13.515934 2.499843 -2.590000
v -13.631126 2.406250 -2.590000
v -13.750835 2.307699 -2.590000
v -13.873631 2.205259 -2.590000
v -13.998077 2.100000 -2.590000
v -14.122746 1.992991 -2.590000
v -14.246197 1.885301 -2.590000
v -14.367001 1.778000 -2.590000
v -14.619450 1.975515 -2.590000
v -14.861763 2.181537 -2.590000
v -15.093140 2.393781 -2.590000
v -15.312778 2.609963 -2.590000
v -15.519875 2.827797 -2.590000
v -15.713627 3.045000 -2.590000
v -15.893234 3.259286 -2.590000
v -16.057888 3.468370 -2.590000
v -16.206799 3.669968 -2.590000
v -16.339153 3.861796 -2.590000
v -16.454155 4.041568 -2.590000
v -16.551003 4.207000 -2.590000
v -16.346893 4.207000 -2.590000
v -16.057987 4.207000 -2.590000
v -15.702141 4.207000 -2.590000
v -15.297222 4.207000 -2.590000
v -14.861092 4.207000 -2.590000
v -14.411625 4.207000 -2.590000
v -13.966675 4.207000 -2.590000
v -13.544109 4.207000 -2.590000
v -13.161797 4.207000 -2.590000
v -12.837597 4.207000 -2.590000
v -12.589375 4.207000 -2.590000
v -12.434998 4.207000 -2.590000
v -12.366276 4.206441 -2.590000
v -12.297043 4.204861 -2.590000
v -12.227955 4.202406 -2.590000
v -12.159668 4.199223 -2.590000
v -12.092842 4.195455 -2.590000
v -12.028130 4.191250 -2.590000
v -11.966183 4.186754 -2.590000
v -11.907669 4.182111 -2.590000
v -11.853237 4.177469 -2.590000
v -11.803543 4.172972 -2.590000
v -11.759247 4.168767 -2.590000
v -11.721001 4.165000 -2.590000
v -11.721001 4.795001 -2.590000
v -11.771542 4.788016 -2.590000
v -11.824928 4.781129 -2.590000
v -11.880795 4.774437 -2.590000
v -11.938778 4.768037 -2.590000
v -11.998508 4.762026 -2.590000
v -12.059624 4.756500 -2.590000
v -12.121761 4.751558 -2.590000
v -12.184555 4.747296 -2.590000
v -12.247639 4.743813 -2.590000
v -12.310650 4.741204 -2.590000
v -12.373226 4.739567 -2.590000
v -12.434998 4.739000 -2.590000
v -12.578709 4.739000 -2.590000
v -12.819378 4.739000 -2.590000
v -13.139042 4.739000 -2.590000
v -13.519733 4.739000 -2.590000
v -13.943497 4.739000 -2.590000
v -14.392372 4.739000 -2.590000
v -14.848389 4.739000 -2.590000
v -15.293591 4.739000 -2.590000
v -15.710014 4.739000 -2.590000
v -16.079700 4.739000 -2.590000
v -16.384682 4.739000 -2.590000
v -16.607002 4.739000 -2.590000
v -16.655254 4.739433 -2.590000
v -16.701954 4.740718 -2.590000
v -16.747002 4.742828 -2.590000
v -16.790295 4.745741 -2.590000
v -16.831745 4.749431 -2.590000
v -16.871250 4.753875 -2.590000
v -16.908714 4.759048 -2.590000
v -16.944038 4.764926 -2.590000
v -16.977127 4.771484 -2.590000
v -17.007881 4.778699 -2.590000
v -17.036205 4.786546 -2.590000
v -17.062000 4.795001 -2.590000
v -17.502998 4.438000 -2.590000
v -17.485653 4.418758 -2.590000
v -17.468647 4.399565 -2.590000
v -17.452030 4.380469 -2.590000
v -17.435852 4.361519 -2.590000
v -17.420158 4.342763 -2.590000
v -17.404999 4.324250 -2.590000
v -17.390423 4.306029 -2.590000
v -17.376480 4.288148 -2.590000
v -17.363220 4.270657 -2.590000
v -17.350685 4.253602 -2.590000
v -17.338928 4.237034 -2.590000
v -17.328003 4.221000 -2.590000
v -17.194042 4.009878 -2.590000
v -17.044464 3.787356 -2.590000
v -16.879669 3.555453 -2.590000
v -16.700069 3.316185 -2.590000
v -16.506084 3.071570 -2.590000
v -16.298122 2.823625 -2.590000
v -16.076599 2.574368 -2.590000
v -15.841923 2.325815 -2.590000
v -15.594513 2.079984 -2.590000
v -15.334782 1.838893 -2.590000
v -15.063141 1.604560 -2.590000
v -14.779999 1.379000 -2.590000
v -14.886436 1.271979 -2.590000
v -14.995056 1.161579 -2.590000
v -15.104847 1.048797 -2.590000
v -15.214779 0.934630 -2.590000
v -15.323837 0.820073 -2.590000
v -15.431000 0.706125 -2.590000
v -15.535248 0.593781 -2.590000
v -15.635555 0.484037 -2.590000
v -15.730907 0.377891 -2.590000
v -15.820278 0.276338 -2.590000
v -15.902649 0.180375 -2.590000
v -15.977001 0.091000 -2.590000
v -15.466000 -0.315000 -2.590000
v -15.395226 -0.220597 -2.590000
v -15.313362 -0.116861 -2.590000
v -15.221874 -0.005250 -2.590000
v -15.122223 0.112778 -2.590000
v -15.015862 0.235764 -2.590000
v -14.904251 0.362250 -2.590000
v -14.788849 0.490778 -2.590000
v -14.671112 0.619889 -2.590000
v -14.552502 0.748125 -2.590000
v -14.434475 0.874028 -2.590000
v -14.318489 0.996139 -2.590000
v -14.206001 1.113000 -2.590000
v -14.093315 1.223416 -2.590000
v -13.967190 1.342995 -2.590000
v -13.830517 1.469234 -2.590000
v -13.686188 1.599630 -2.590000
v -13.537090 1.731678 -2.590000
v -13.386127 1.862875 -2.590000
v -13.236179 1.990718 -2.590000
v -13.090149 2.112704 -2.590000
v -12.950924 2.226328 -2.590000
v -12.821392 2.329088 -2.590000
v -12.704456 2.418480 -2.590000
v -12.603001 2.492000 -2.590000
v -8.410637 4.568277 -2.590000
v -8.471676 4.580722 -2.590000
v -8.529549 4.600750 -2.590000
v -8.583706 4.627778 -2.590000
v -8.633583 4.661222 -2.590000
v -8.678627 4.700500 -2.590000
v -8.718273 4.745028 -2.590000
v -8.751965 4.794223 -2.590000
v -8.779140 4.847500 -2.590000
v -8.799244 4.904278 -2.590000
v -8.811718 4.963973 -2.590000
v -8.816002 5.026000 -2.590000
v -8.811718 5.089637 -2.590000
v -8.799244 5.150672 -2.590000
v -8.779140 5.208548 -2.590000
v -8.751965 5.262704 -2.590000
v -8.718273 5.312583 -2.590000
v -8.678627 5.357625 -2.590000
v -8.633583 5.397272 -2.590000
v -8.583706 5.430964 -2.590000
v -8.529549 5.458141 -2.590000
v -8.471676 5.478246 -2.590000
v -8.410637 5.490718 -2.590000
v -8.347000 5.495000 -2.590000
v -8.284973 5.490718 -2.590000
v -8.225277 5.478245 -2.590000
v -8.168499 5.458140 -2.590000
v -8.115219 5.430963 -2.590000
v -8.066029 5.397271 -2.590000
v -8.021500 5.357625 -2.590000
v -7.982224 5.312583 -2.590000
v -7.948778 5.262704 -2.590000
v -7.921753 5.208547 -2.590000
v -7.901726 5.150671 -2.590000
v -7.889282 5.089636 -2.590000
v -7.885002 5.026000 -2.590000
v -7.889284 4.963973 -2.590000
v -7.901728 4.904279 -2.590000
v -7.921755 4.847501 -2.590000
v -7.948782 4.794223 -2.590000
v -7.982227 4.745028 -2.590000
v -8.021503 4.700500 -2.590000
v -8.066032 4.661223 -2.590000
v -8.115223 4.627778 -2.590000
v -8.168503 4.600750 -2.590000
v -8.225281 4.580722 -2.590000
v -8.284973 4.568278 -2.590000
v -8.347000 4.564000 -2.590000
v -8.453735 5.809725 -2.590000
v -8.556290 5.788547 -2.590000
v -8.653687 5.754438 -2.590000
v -8.744961 5.708371 -2.590000
v -8.829140 5.651318 -2.590000
v -8.905251 5.584250 -2.590000
v -8.972317 5.508142 -2.590000
v -9.029369 5.423964 -2.590000
v -9.075436 5.332688 -2.590000
v -9.109547 5.235288 -2.590000
v -9.130726 5.132734 -2.590000
v -9.138000 5.026000 -2.590000
v -9.130726 4.919404 -2.590000
v -9.109547 4.817232 -2.590000
v -9.075436 4.720407 -2.590000
v -9.029369 4.629852 -2.590000
v -8.972317 4.546492 -2.590000
v -8.905251 4.471250 -2.590000
v -8.829140 4.405049 -2.590000
v -8.744961 4.348814 -2.590000
v -8.653687 4.303468 -2.590000
v -8.556290 4.269935 -2.590000
v -8.453735 4.249138 -2.590000
v -8.347000 4.242000 -2.590000
v -8.324257 4.242291 -2.590000
v -8.301537 4.243166 -2.590000
v -8.278862 4.244625 -2.590000
v -8.256264 4.246666 -2.590000
v -8.233757 4.249291 -2.590000
v -8.211380 4.252500 -2.590000
v -8.189140 4.256292 -2.590000
v -8.167076 4.260667 -2.590000
v -8.145206 4.265625 -2.590000
v -8.123550 4.271167 -2.590000
v -8.102142 4.277292 -2.590000
v -8.081001 4.284000 -2.590000
v -8.066998 4.207000 -2.590000
v -8.026157 4.015545 -2.590000
v -7.977100 3.810528 -2.590000
v -7.919779 3.594719 -2.590000
v -7.854147 3.370889 -2.590000
v -7.780153 3.141809 -2.590000
v -7.697748 2.910250 -2.590000
v -7.606884 2.678983 -2.590000
v -7.507517 2.450778 -2.590000
v -7.399593 2.228406 -2.590000
v -7.283066 2.014639 -2.590000
v -7.157883 1.812246 -2.590000
v -7.024002 1.624000 -2.590000
v -6.860516 1.422798 -2.590000
v -6.687965 1.228889 -2.590000
v -6.505451 1.042562 -2.590000
v -6.312073 0.864111 -2.590000
v -6.106930 0.693826 -2.590000
v -5.889126 0.532000 -2.590000
v -5.657759 0.378923 -2.590000
v -5.411928 0.234889 -2.590000
v -5.150738 0.100187 -2.590000
v -4.873283 -0.024889 -2.590000
v -4.578671 -0.140049 -2.590000
v -4.266001 -0.245000 -2.590000
v -3.790001 0.280000 -2.590000
v -4.117897 0.369335 -2.590000
v -4.423405 0.469097 -2.590000
v -4.707767 0.578922 -2.590000
v -4.972221 0.698444 -2.590000
v -5.218012 0.827300 -2.590000
v -5.446375 0.965125 -2.590000
v -5.658550 1.111554 -2.590000
v -5.855778 1.266222 -2.590000
v -6.039295 1.428765 -2.590000
v -6.210348 1.598819 -2.590000
v -6.370167 1.776019 -2.590000
v -6.520000 1.960000 -2.590000
v -6.640709 2.125881 -2.590000
v -6.754175 2.303551 -2.590000
v -6.860155 2.490797 -2.590000
v -6.958405 2.685408 -2.590000
v -7.048685 2.885171 -2.590000
v -7.130749 3.087875 -2.590000
v -7.204355 3.291309 -2.590000
v -7.269260 3.493260 -2.590000
v -7.325220 3.691516 -2.590000
v -7.371994 3.883866 -2.590000
v -7.409334 4.068098 -2.590000
v -7.437000 4.242000 -2.590000
v -7.288950 4.242000 -2.590000
v -7.058771 4.242000 -2.590000
v -6.762920 4.242000 -2.590000
v -6.417849 4.242000 -2.590000
v -6.040016 4.242000 -2.590000
v -5.645872 4.242000 -2.590000
v -5.251875 4.242000 -2.590000
v -4.874479 4.242000 -2.590000
v -4.530140 4.242000 -2.590000
v -4.235310 4.242000 -2.590000
v -4.006445 4.242000 -2.590000
v -3.860001 4.242000 -2.590000
v -3.790882 4.241721 -2.590000
v -3.723564 4.240931 -2.590000
v -3.658092 4.239703 -2.590000
v -3.594519 4.238111 -2.590000
v -3.532888 4.236227 -2.590000
v -3.473251 4.234125 -2.590000
v -3.415653 4.231877 -2.590000
v -3.360149 4.229556 -2.590000
v -3.306782 4.227235 -2.590000
v -3.255602 4.224987 -2.590000
v -3.206659 4.222884 -2.590000
v -3.160000 4.221000 -2.590000
v -3.160000 4.844000 -2.590000
v -3.210537 4.837154 -2.590000
v -3.263866 4.830648 -2.590000
v -3.319578 4.824532 -2.590000
v -3.377260 4.818852 -2.590000
v -3.436497 4.813659 -2.590000
v -3.496876 4.809000 -2.590000
v -3.557983 4.804925 -2.590000
v -3.619410 4.801482 -2.590000
v -3.680735 4.798719 -2.590000
v -3.741550 4.796686 -2.590000
v -3.801445 4.795430 -2.590000
v -3.860001 4.795001 -2.590000
v -4.006813 4.795001 -2.590000
v -4.236481 4.795001 -2.590000
v -4.532112 4.795001 -2.590000
v -4.876816 4.795001 -2.590000
v -5.253700 4.795001 -2.590000
v -5.645876 4.795001 -2.590000
v -6.036446 4.795001 -2.590000
v -6.408520 4.795001 -2.590000
v -6.745203 4.795001 -2.590000
v -7.029606 4.795001 -2.590000
v -7.244835 4.795001 -2.590000
v -7.373999 4.795001 -2.590000
v -7.598000 4.802001 -2.590000
v -7.592899 4.819643 -2.590000
v -7.588116 4.837552 -2.590000
v -7.583673 4.855704 -2.590000
v -7.579594 4.874075 -2.590000
v -7.575903 4.892640 -2.590000
v -7.572624 4.911376 -2.590000
v -7.569784 4.930257 -2.590000
v -7.567408 4.949260 -2.590000
v -7.565516 4.968360 -2.590000
v -7.564133 4.987533 -2.590000
v -7.563286 5.006754 -2.590000
v -7.563000 5.026000 -2.590000
v -7.570139 5.132734 -2.590000
v -7.590937 5.235288 -2.590000
v -7.624470 5.332688 -2.590000
v -7.669813 5.423964 -2.590000
v -7.726049 5.508142 -2.590000
v -7.792250 5.584250 -2.590000
v -7.867493 5.651318 -2.590000
v -7.950851 5.708371 -2.590000
v -8.041409 5.754438 -2.590000
v -8.138233 5.788547 -2.590000
v -8.240402 5.809725 -2.590000
v -8.347000 5.817000 -2.590000
v 3.566999 3.241000 -2.590000
v 3.664927 3.339567 -2.590000
v 3.781666 3.451453 -2.590000
v 3.914156 3.573937 -2.590000
v 4.059334 3.704296 -2.590000
v 4.214134 3.839808 -2.590000
v 4.375500 3.977750 -2.590000
v 4.540363 4.115400 -2.590000
v 4.705666 4.250037 -2.590000
v 4.868343 4.378938 -2.590000
v 5.025333 4.499380 -2.590000
v 5.173573 4.608642 -2.590000
v 5.309999 4.704000 -2.590000
v 4.910999 5.131001 -2.590000
v 4.778957 5.040864 -2.590000
v 4.633429 4.936653 -2.590000
v 4.477545 4.820923 -2.590000
v 4.314442 4.696223 -2.590000
v 4.147257 4.565107 -2.590000
v 3.979124 4.430126 -2.590000
v 3.813177 4.293832 -2.590000
v 3.652555 4.158778 -2.590000
v 3.500391 4.027516 -2.590000
v 3.359819 3.902598 -2.590000
v 3.233978 3.786575 -2.590000
v 3.125999 3.682000 -2.590000
v 2.448298 1.639879 -2.590000
v 2.193703 1.829787 -2.590000
v 1.949999 2.030875 -2.590000
v 1.717962 2.241296 -2.590000
v 1.498371 2.459204 -2.590000
v 1.292000 2.682750 -2.590000
v 1.099628 2.910088 -2.590000
v 0.922037 3.139370 -2.590000
v 0.760000 3.368750 -2.590000
v 0.614296 3.596380 -2.590000
v 0.485703 3.820412 -2.590000
v 0.375000 4.039000 -2.590000
v 0.039000 3.444000 -2.590000
v 0.165087 3.223857 -2.590000
v 0.305099 3.001769 -2.590000
v 0.458673 2.779000 -2.590000
v 0.625446 2.556815 -2.590000
v 0.805052 2.336477 -2.590000
v 0.997128 2.119250 -2.590000
v 1.201305 1.906398 -2.590000
v 1.417223 1.699185 -2.590000
v 1.644516 1.498875 -2.590000
v 1.882820 1.306731 -2.590000
v 2.131769 1.124018 -2.590000
v 2.391001 0.952000 -2.590000
v 2.569986 0.842155 -2.590000
v 2.757139 0.733574 -2.590000
v 2.952749 0.626937 -2.590000
v 3.157110 0.522926 -2.590000
v 3.370512 0.422220 -2.590000
v 3.593248 0.325500 -2.590000
v 3.825609 0.233447 -2.590000
v 4.067888 0.146741 -2.590000
v 4.320374 0.066062 -2.590000
v 4.583361 -0.007908 -2.590000
v 4.857140 -0.074489 -2.590000
v 5.142000 -0.133000 -2.590000
v 5.513000 0.441000 -2.590000
v 5.213272 0.491454 -2.590000
v 4.926426 0.551218 -2.590000
v 4.652220 0.619391 -2.590000
v 4.390408 0.695074 -2.590000
v 4.140749 0.777369 -2.590000
v 3.903000 0.865375 -2.590000
v 3.676918 0.958194 -2.590000
v 3.462261 1.054926 -2.590000
v 3.258783 1.154672 -2.590000
v 3.066242 1.256532 -2.590000
v 2.884396 1.359608 -2.590000
v 2.713001 1.463000 -2.590000
v 11.183000 1.526000 -2.590000
v 11.071215 1.625758 -2.590000
v 10.957217 1.734898 -2.590000
v 10.842297 1.851718 -2.590000
v 10.727740 1.974518 -2.590000
v 10.614838 2.101596 -2.590000
v 10.504875 2.231250 -2.590000
v 10.399141 2.361779 -2.590000
v 10.298925 2.491481 -2.590000
v 10.205515 2.618656 -2.590000
v 10.120199 2.741602 -2.590000
v 10.044264 2.858617 -2.590000
v 9.979000 2.968000 -2.590000
v 12.099999 2.548000 -2.590000
v 12.028868 2.291997 -2.590000
v 11.956207 2.030648 -2.590000
v 11.883108 1.767937 -2.590000
v 11.810665 1.507852 -2.590000
v 11.739973 1.254377 -2.590000
v 11.672125 1.011500 -2.590000
v 11.608212 0.783206 -2.590000
v 11.549333 0.573481 -2.590000
v 11.496578 0.386312 -2.590000
v 11.451041 0.225685 -2.590000
v 11.413817 0.095586 -2.590000
v 11.386000 -0.000000 -2.590000
v 11.374947 -0.034899 -2.590000
v 11.362924 -0.072690 -2.590000
v 11.350122 -0.112766 -2.590000
v 11.336739 -0.154519 -2.590000
v 11.322966 -0.197341 -2.590000
v 11.308998 -0.240625 -2.590000
v 11.295032 -0.283763 -2.590000
v 11.281259 -0.326148 -2.590000
v 11.267875 -0.367172 -2.590000
v 11.255074 -0.406227 -2.590000
v 11.243051 -0.442706 -2.590000
v 11.232000 -0.476000 -2.590000
v 11.827000 -0.630000 -2.590000
v 11.832542 -0.590937 -2.590000
v 11.838667 -0.550829 -2.590000
v 11.845375 -0.509797 -2.590000
v 11.852667 -0.467963 -2.590000
v 11.860541 -0.425449 -2.590000
v 11.868999 -0.382375 -2.590000
v 11.878041 -0.338864 -2.590000
v 11.887666 -0.295037 -2.590000
v 11.897874 -0.251016 -2.590000
v 11.908666 -0.206921 -2.590000
v 11.920041 -0.162876 -2.590000
v 11.932000 -0.119000 -2.590000
v 12.632000 2.436000 -2.590000
v 14.052999 2.149000 -2.590000
v 14.193000 2.681000 -2.590000
v 14.144405 2.684788 -2.590000
v 14.096492 2.689135 -2.590000
v 14.049063 2.694016 -2.590000
v 14.001926 2.699408 -2.590000
v 13.954887 2.705286 -2.590000
v 13.907750 2.711625 -2.590000
v 13.860322 2.718402 -2.590000
v 13.812407 2.725593 -2.590000
v 13.763813 2.733172 -2.590000
v 13.714343 2.741116 -2.590000
v 13.663804 2.749400 -2.590000
v 13.612000 2.758000 -2.590000
v 12.758000 2.912000 -2.590000
v 12.989000 3.717000 -2.590000
v 13.001396 3.760021 -2.590000
v 13.014084 3.801584 -2.590000
v 13.027062 3.841688 -2.590000
v 13.040333 3.880334 -2.590000
v 13.053896 3.917521 -2.590000
v 13.067750 3.953250 -2.590000
v 13.081896 3.987521 -2.590000
v 13.096333 4.020334 -2.590000
v 13.111062 4.051688 -2.590000
v 13.126083 4.081584 -2.590000
v 13.141396 4.110021 -2.590000
v 13.157000 4.137000 -2.590000
v 12.555000 4.284000 -2.590000
v 12.549462 4.253529 -2.590000
v 12.543365 4.221648 -2.590000
v 12.536735 4.188406 -2.590000
v 12.529593 4.153852 -2.590000
v 12.521964 4.118034 -2.590000
v 12.513875 4.081000 -2.590000
v 12.505348 4.042800 -2.590000
v 12.496408 4.003482 -2.590000
v 12.487078 3.963094 -2.590000
v 12.477384 3.921686 -2.590000
v 12.467350 3.879305 -2.590000
v 12.457000 3.836000 -2.590000
v 12.226000 3.010000 -2.590000
v 11.975689 3.058000 -2.590000
v 11.720930 3.106996 -2.590000
v 11.465734 3.156235 -2.590000
v 11.214110 3.204963 -2.590000
v 10.970071 3.252428 -2.590000
v 10.737624 3.297875 -2.590000
v 10.520782 3.340552 -2.590000
v 10.323555 3.379704 -2.590000
v 10.149954 3.414578 -2.590000
v 10.003986 3.444422 -2.590000
v 9.889666 3.468480 -2.590000
v 9.811001 3.486000 -2.590000
v 9.789459 3.491395 -2.590000
v 9.766993 3.497083 -2.590000
v 9.743846 3.503062 -2.590000
v 9.720261 3.509333 -2.590000
v 9.696482 3.515896 -2.590000
v 9.672751 3.522750 -2.590000
v 9.649313 3.529896 -2.590000
v 9.626409 3.537333 -2.590000
v 9.604281 3.545063 -2.590000
v 9.583177 3.553084 -2.590000
v 9.563334 3.561396 -2.590000
v 9.545000 3.570000 -2.590000
v 9.195000 3.325000 -2.590000
v 9.277006 3.168748 -2.590000
v 9.374472 2.999565 -2.590000
v 9.485062 2.820563 -2.590000
v 9.606443 2.634852 -2.590000
v 9.736284 2.445544 -2.590000
v 9.872250 2.255750 -2.590000
v 10.012007 2.068581 -2.590000
v 10.153223 1.887148 -2.590000
v 10.293563 1.714563 -2.590000
v 10.430695 1.553935 -2.590000
v 10.562285 1.408377 -2.590000
v 10.686001 1.281000 -2.590000
v 20.396526 1.305395 -2.590000
v 20.121384 1.486657 -2.590000
v 19.856983 1.677156 -2.590000
v 19.603741 1.876259 -2.590000
v 19.362066 2.083334 -2.590000
v 19.132374 2.297750 -2.590000
v 18.915079 2.518874 -2.590000
v 18.710592 2.746074 -2.590000
v 18.519329 2.978719 -2.590000
v 18.341698 3.216176 -2.590000
v 18.178118 3.457814 -2.590000
v 18.028999 3.703000 -2.590000
v 17.693001 3.122000 -2.590000
v 17.852570 2.888351 -2.590000
v 18.026310 2.656889 -2.590000
v 18.213516 2.428344 -2.590000
v 18.413483 2.203445 -2.590000
v 18.625504 1.982920 -2.590000
v 18.848875 1.767500 -2.590000
v 19.082893 1.557913 -2.590000
v 19.326851 1.354889 -2.590000
v 19.580048 1.159156 -2.590000
v 19.841772 0.971444 -2.590000
v 20.111324 0.792483 -2.590000
v 20.388000 0.623000 -2.590000
v 20.568205 0.521702 -2.590000
v 20.757477 0.424537 -2.590000
v 20.953796 0.331844 -2.590000
v 21.155148 0.243963 -2.590000
v 21.359512 0.161235 -2.590000
v 21.564875 0.084000 -2.590000
v 21.769215 0.012598 -2.590000
v 21.970518 -0.052630 -2.590000
v 22.166765 -0.111344 -2.590000
v 22.355940 -0.163204 -2.590000
v 22.536024 -0.207869 -2.590000
v 22.705000 -0.245000 -2.590000
v 23.027000 0.322000 -2.590000
v 22.834078 0.358296 -2.590000
v 22.637463 0.400620 -2.590000
v 22.438126 0.448875 -2.590000
v 22.237038 0.502963 -2.590000
v 22.035172 0.562787 -2.590000
v 21.833500 0.628250 -2.590000
v 21.632996 0.699255 -2.590000
v 21.434629 0.775704 -2.590000
v 21.239374 0.857500 -2.590000
v 21.048203 0.944546 -2.590000
v 20.862087 1.036745 -2.590000
v 20.681999 1.134000 -2.590000
v 21.816000 2.317000 -2.590000
v 21.911533 2.384663 -2.590000
v 22.021431 2.460468 -2.590000
v 22.143141 2.542641 -2.590000
v 22.274111 2.629408 -2.590000
v 22.411789 2.718994 -2.590000
v 22.553625 2.809625 -2.590000
v 22.697063 2.899528 -2.590000
v 22.839556 2.986926 -2.590000
v 22.978546 3.070047 -2.590000
v 23.111486 3.147116 -2.590000
v 23.235821 3.216358 -2.590000
v 23.348999 3.276000 -2.590000
v 23.034000 3.752000 -2.590000
v 22.922827 3.690495 -2.590000
v 22.797945 3.619292 -2.590000
v 22.662563 3.540359 -2.590000
v 22.519888 3.455667 -2.590000
v 22.373131 3.367182 -2.590000
v 22.225500 3.276875 -2.590000
v 22.080202 3.186714 -2.590000
v 21.940445 3.098667 -2.590000
v 21.809437 3.014703 -2.590000
v 21.690388 2.936792 -2.590000
v 21.586506 2.866901 -2.590000
v 21.500999 2.807000 -2.590000
v 18.736000 3.955000 -2.590000
v 18.780884 4.047078 -2.590000
v 18.827908 4.140954 -2.590000
v 18.876875 4.236094 -2.590000
v 18.927593 4.331964 -2.590000
v 18.979866 4.428027 -2.590000
v 19.033501 4.523750 -2.590000
v 19.088301 4.618599 -2.590000
v 19.144073 4.712038 -2.590000
v 19.200626 4.803532 -2.590000
v 19.257759 4.892547 -2.590000
v 19.315283 4.978548 -2.590000
v 19.373001 5.061000 -2.590000
v 18.987999 5.222000 -2.590000
v 18.941504 5.153997 -2.590000
v 18.890194 5.076977 -2.590000
v 18.835094 4.992422 -2.590000
v 18.777222 4.901815 -2.590000
v 18.717600 4.806638 -2.590000
v 18.657249 4.708375 -2.590000
v 18.597191 4.608508 -2.590000
v 18.538445 4.508519 -2.590000
v 18.482031 4.409891 -2.590000
v 18.428972 4.314106 -2.590000
v 18.380287 4.222649 -2.590000
v 18.337000 4.137000 -2.590000
v 17.798000 4.305000 -2.590000
v 17.846241 4.398269 -2.590000
v 17.896355 4.492315 -2.590000
v 17.948170 4.586750 -2.590000
v 18.001518 4.681185 -2.590000
v 18.056225 4.775231 -2.590000
v 18.112123 4.868500 -2.590000
v 18.169044 4.960602 -2.590000
v 18.226814 5.051148 -2.590000
v 18.285265 5.139750 -2.590000
v 18.344227 5.226019 -2.590000
v 18.403528 5.309565 -2.590000
v 18.462999 5.390000 -2.590000
v 18.070999 5.558000 -2.590000
v 18.021416 5.491610 -2.590000
v 17.967751 5.415959 -2.590000
v 17.910875 5.332579 -2.590000
v 17.851665 5.243001 -2.590000
v 17.791000 5.148756 -2.590000
v 17.729750 5.051375 -2.590000
v 17.668793 4.952391 -2.590000
v 17.609001 4.853333 -2.590000
v 17.551250 4.755734 -2.590000
v 17.496416 4.661125 -2.590000
v 17.445375 4.571037 -2.590000
v 17.399000 4.487000 -2.590000
v 20.787001 3.857000 -2.590000
v 20.879442 3.926558 -2.590000
v 20.986954 4.004551 -2.590000
v 21.106812 4.089203 -2.590000
v 21.236296 4.178741 -2.590000
v 21.372683 4.271389 -2.590000
v 21.513250 4.365375 -2.590000
v 21.655275 4.458923 -2.590000
v 21.796036 4.550260 -2.590000
v 21.932812 4.637609 -2.590000
v 22.062880 4.719199 -2.590000
v 22.183516 4.793254 -2.590000
v 22.292000 4.858000 -2.590000
v 21.976999 5.327000 -2.590000
v 21.866102 5.263198 -2.590000
v 21.741982 5.188750 -2.590000
v 21.607750 5.105844 -2.590000
v 21.466518 5.016667 -2.590000
v 21.321398 4.923406 -2.590000
v 21.175501 4.828250 -2.590000
v 21.031935 4.733386 -2.590000
v 20.893814 4.641000 -2.590000
v 20.764250 4.553281 -2.590000
v 20.646351 4.472417 -2.590000
v 20.543232 4.400594 -2.590000
v 20.458000 4.340000 -2.590000
v -22.683002 3.241000 2.590000
v -22.585075 3.339567 2.590000
v -22.468338 3.451453 2.590000
v -22.335846 3.573937 2.590000
v -22.190670 3.704296 2.590000
v -22.035866 3.839808 2.590000
v -21.874500 3.977750 2.590000
v -21.709637 4.115400 2.590000
v -21.544338 4.250037 2.590000
v -21.381660 4.378938 2.590000
v -21.224670 4.499380 2.590000
v -21.076427 4.608642 2.590000
v -20.940002 4.704000 2.590000
v -21.339001 5.131001 2.590000
v -21.471039 5.040864 2.590000
v -21.616570 4.936653 2.590000
v -21.772453 4.820923 2.590000
v -21.935555 4.696223 2.590000
v -22.102741 4.565107 2.590000
v -22.270874 4.430126 2.590000
v -22.436821 4.293832 2.590000
v -22.597446 4.158778 2.590000
v -22.749611 4.027516 2.590000
v -22.890182 3.902598 2.590000
v -23.016022 3.786575 2.590000
v -23.124001 3.682000 2.590000
v -23.801704 1.639880 2.590000
v -24.056297 1.829787 2.590000
v -24.299999 2.030875 2.590000
v -24.532040 2.241296 2.590000
v -24.751629 2.459204 2.590000
v -24.958000 2.682750 2.590000
v -25.150372 2.910088 2.590000
v -25.327965 3.139370 2.590000
v -25.490002 3.368750 2.590000
v -25.635704 3.596380 2.590000
v -25.764297 3.820412 2.590000
v -25.875000 4.039000 2.590000
v -26.210999 3.444000 2.590000
v -26.084923 3.223857 2.590000
v -25.944908 3.001769 2.590000
v -25.791332 2.779000 2.590000
v -25.624561 2.556815 2.590000
v -25.444954 2.336477 2.590000
v -25.252880 2.119250 2.590000
v -25.048698 1.906398 2.590000
v -24.832779 1.699185 2.590000
v -24.605484 1.498875 2.590000
v -24.367180 1.306732 2.590000
v -24.118233 1.124019 2.590000
v -23.859001 0.952000 2.590000
v -23.680016 0.842155 2.590000
v -23.492863 0.733574 2.590000
v -23.297249 0.626938 2.590000
v -23.092892 0.522926 2.590000
v -22.879486 0.422220 2.590000
v -22.656754 0.325500 2.590000
v -22.424389 0.233447 2.590000
v -22.182114 0.146741 2.590000
v -21.929626 0.066063 2.590000
v -21.666641 -0.007907 2.590000
v -21.392860 -0.074488 2.590000
v -21.108002 -0.133000 2.590000
v -20.737000 0.441000 2.590000
v -21.036720 0.491454 2.590000
v -21.323566 0.551218 2.590000
v -21.597775 0.619391 2.590000
v -21.859589 0.695074 2.590000
v -22.109245 0.777369 2.590000
v -22.346996 0.865375 2.590000
v -22.573078 0.958194 2.590000
v -22.787735 1.054926 2.590000
v -22.991215 1.154672 2.590000
v -23.183758 1.256533 2.590000
v -23.365604 1.359608 2.590000
v -23.536999 1.463000 2.590000
v -13.058002 2.856000 2.590000
v -13.129066 2.803241 2.590000
v -13.211834 2.740176 2.590000
v -13.304855 2.667875 2.590000
v -13.406700 2.587407 2.590000
v -13.515934 2.499843 2.590000
v -13.631126 2.406250 2.590000
v -13.750835 2.307699 2.590000
v -13.873631 2.205259 2.590000
v -13.998077 2.100000 2.590000
v -14.122746 1.992991 2.590000
v -14.246197 1.885301 2.590000
v -14.367001 1.778000 2.590000
v -14.619450 1.975515 2.590000
v -14.861763 2.181537 2.590000
v -15.093140 2.393781 2.590000
v -15.312778 2.609963 2.590000
v -15.519875 2.827797 2.590000
v -15.713627 3.045000 2.590000
v -15.893234 3.259286 2.590000
v -16.057888 3.468370 2.590000
v -16.206799 3.669968 2.590000
v -16.339153 3.861796 2.590000
v -16.454155 4.041568 2.590000
v -16.551003 4.207000 2.590000
v -16.346893 4.207000 2.590000
v -16.057987 4.207000 2.590000
v -15.702141 4.207000 2.590000
v -15.297222 4.207000 2.590000
v -14.861092 4.207000 2.590000
v -14.411625 4.207000 2.590000
v -13.966675 4.207000 2.590000
v -13.544109 4.207000 2.590000
v -13.161797 4.207000 2.590000
v -12.837597 4.207000 2.590000
v -12.589375 4.207000 2.590000
v -12.434998 4.207000 2.590000
v -12.366276 4.206441 2.590000
v -12.297043 4.204861 2.590000
v -12.227955 4.202406 2.590000
v -12.159668 4.199223 2.590000
v -12.092842 4.195455 2.590000
v -12.028130 4.191250 2.590000
v -11.966183 4.186754 2.590000
v -11.907669 4.182111 2.590000
v -11.853237 4.177469 2.590000
v -11.803543 4.172972 2.590000
v -11.759247 4.168767 2.590000
v -11.721001 4.165000 2.590000
v -11.721001 4.795001 2.590000
v -11.771542 4.788016 2.590000
v -11.824928 4.781129 2.590000
v -11.880795 4.774437 2.590000
v -11.938778 4.768037 2.590000
v -11.998508 4.762026 2.590000
v -12.059624 4.756500 2.590000
v -12.121761 4.751558 2.590000
v -12.184555 4.747296 2.590000
v -12.247639 4.743813 2.590000
v -12.310650 4.741204 2.590000
v -12.373226 4.739567 2.590000
v -12.434998 4.739000 2.590000
v -12.578709 4.739000 2.590000
v -12.819378 4.739000 2.590000
v -13.139042 4.739000 2.590000
v -13.519733 4.739000 2.590000
v -13.943497 4.739000 2.590000
v -14.392372 4.739000 2.590000
v -14.848389 4.739000 2.590000
v -15.293591 4.739000 2.590000
v -15.710014 4.739000 2.590000
v -16.079700 4.739000 2.590000
v -16.384682 4.739000 2.590000
v -16.607002 4.739000 2.590000
v -16.655254 4.739433 2.590000
v -16.701954 4.740718 2.590000
v -16.747002 4.742828 2.590000
v -16.790295 4.745741 2.590000
v -16.831745 4.749431 2.590000
v -16.871250 4.753875 2.590000
v -16.908714 4.759048 2.590000
v -16.944038 4.764926 2.590000
v -16.977127 4.771484 2.590000
v -17.007881 4.778699 2.590000
v -17.036205 4.786546 2.590000
v -17.062000 4.795001 2.590000
v -17.502998 4.438000 2.590000
v -17.485653 4.418758 2.590000
v -17.468647 4.399565 2.590000
v -17.452030 4.380469 2.590000
v -17.435852 4.361519 2.590000
v -17.420158 4.342763 2.590000
v -17.404999 4.324250 2.590000
v -17.390423 4.306029 2.590000
v -17.376480 4.288148 2.590000
v -17.363220 4.270657 2.590000
v -17.350685 4.253602 2.590000
v -17.338928 4.237034 2.590000
v -17.328003 4.221000 2.590000
v -17.194042 4.009878 2.590000
v -17.044464 3.787356 2.590000
v -16.879669 3.555453 2.590000
v -16.700069 3.316185 2.590000
v -16.506084 3.071570 2.590000
v -16.298122 2.823625 2.590000
v -16.076599 2.574368 2.590000
v -15.841923 2.325815 2.590000
v -15.594513 2.079984 2.590000
v -15.334782 1.838894 2.590000
v -15.063141 1.604560 2.590000
v -14.779999 1.379000 2.590000
v -14.886436 1.271979 2.590000
v -14.995056 1.161579 2.590000
v -15.104847 1.048797 2.590000
v -15.214779 0.934630 2.590000
v -15.323837 0.820074 2.590000
v -15.431000 0.706125 2.590000
v -15.535248 0.593781 2.590000
v -15.635555 0.484037 2.590000
v -15.730907 0.377891 2.590000
v -15.820278 0.276338 2.590000
v -15.902649 0.180376 2.590000
v -15.977001 0.091000 2.590000
v -15.466000 -0.315000 2.590000
v -15.395226 -0.220597 2.590000
v -15.313362 -0.116861 2.590000
v -15.221874 -0.005250 2.590000
v -15.122223 0.112778 2.590000
v -15.015862 0.235764 2.590000
v -14.904251 0.362250 2.590000
v -14.788849 0.490778 2.590000
v -14.671112 0.619889 2.590000
v -14.552502 0.748125 2.590000
v -14.434475 0.874028 2.590000
v -14.318489 0.996139 2.590000
v -14.206001 1.113000 2.590000
v -14.093315 1.223416 2.590000
v -13.967190 1.342995 2.590000
v -13.830517 1.469234 2.590000
v -13.686188 1.599630 2.590000
v -13.537090 1.731678 2.590000
v -13.386127 1.862875 2.590000
v -13.236179 1.990718 2.590000
v -13.090149 2.112704 2.590000
v -12.950924 2.226328 2.590000
v -12.821392 2.329088 2.590000
v -12.704456 2.418480 2.590000
v -12.603001 2.492000 2.590000
v -8.410637 4.568277 2.590000
v -8.471676 4.580722 2.590000
v -8.529549 4.600750 2.590000
v -8.583706 4.627778 2.590000
v -8.633583 4.661222 2.590000
v -8.678627 4.700500 2.590000
v -8.718273 4.745028 2.590000
v -8.751965 4.794223 2.590000
v -8.779140 4.847500 2.590000
v -8.799244 4.904278 2.590000
v -8.811718 4.963973 2.590000
v -8.816002 5.026000 2.590000
v -8.811718 5.089637 2.590000
v -8.799244 5.150672 2.590000
v -8.779140 5.208548 2.590000
v -8.751965 5.262704 2.590000
v -8.718273 5.312583 2.590000
v -8.678627 5.357625 2.590000
v -8.633583 5.397272 2.590000
v -8.583706 5.430964 2.590000
v -8.529549 5.458141 2.590000
v -8.471676 5.478246 2.590000
v -8.410637 5.490718 2.590000
v -8.347000 5.495000 2.590000
v -8.284973 5.490718 2.590000
v -8.225277 5.478245 2.590000
v -8.168499 5.458140 2.590000
v -8.115219 5.430963 2.590000
v -8.066029 5.397271 2.590000
v -8.021500 5.357625 2.590000
v -7.982224 5.312583 2.590000
v -7.948778 5.262704 2.590000
v -7.921753 5.208547 2.590000
v -7.901726 5.150671 2.590000
v -7.889282 5.089636 2.590000
v -7.885002 5.026000 2.590000
v -7.889284 4.963973 2.590000
v -7.901728 4.904279 2.590000
v -7.921755 4.847501 2.590000
v -7.948782 4.794223 2.590000
v -7.982227 4.745028 2.590000
v -8.021503 4.700500 2.590000
v -8.066032 4.661223 2.590000
v -8.115223 4.627778 2.590000
v -8.168503 4.600750 2.590000
v -8.225281 4.580722 2.590000
v -8.284973 4.568278 2.590000
v -8.347000 4.564000 2.590000
v -8.453735 5.809725 2.590000
v -8.556290 5.788547 2.590000
v -8.653687 5.754438 2.590000
v -8.744961 5.708371 2.590000
v -8.829140 5.651318 2.590000
v -8.905251 5.584250 2.590000
v -8.972317 5.508142 2.590000
v -9.029369 5.423964 2.590000
v -9.075436 5.332688 2.590000
v -9.109547 5.235288 2.590000
v -9.130726 5.132734 2.590000
v -9.138000 5.026000 2.590000
v -9.130726 4.919404 2.590000
v -9.109547 4.817232 2.590000
v -9.075436 4.720407 2.590000
v -9.029369 4.629852 2.590000
v -8.972317 4.546492 2.590000
v -8.905251 4.471250 2.590000
v -8.829140 4.405049 2.590000
v -8.744961 4.348814 2.590000
v -8.653687 4.303468 2.590000
v -8.556290 4.269935 2.590000
v -8.453735 4.249138 2.590000
v -8.347000 4.242000 2.590000
v -8.324257 4.242291 2.590000
v -8.301537 4.243166 2.590000
v -8.278862 4.244625 2.590000
v -8.256264 4.246666 2.590000
v -8.233757 4.249291 2.590000
v -8.211380 4.252500 2.590000
v -8.189140 4.256292 2.590000
v -8.167076 4.260667 2.590000
v -8.145206 4.265625 2.590000
v -8.123550 4.271167 2.590000
v -8.102142 4.277292 2.590000
v -8.081001 4.284000 2.590000
v -8.066998 4.207000 2.590000
v -8.026157 4.015545 2.590000
v -7.977100 3.810528 2.590000
v -7.919779 3.594719 2.590000
v -7.854147 3.370889 2.590000
v -7.780153 3.141809 2.590000
v -7.697748 2.910250 2.590000
v -7.606884 2.678983 2.590000
v -7.507517 2.450778 2.590000
v -7.399593 2.228406 2.590000
v -7.283066 2.014639 2.590000
v -7.157883 1.812247 2.590000
v -7.024002 1.624000 2.590000
v -6.860516 1.422799 2.590000
v -6.687965 1.228889 2.590000
v -6.505451 1.042563 2.590000
v -6.312073 0.864111 2.590000
v -6.106930 0.693826 2.590000
v -5.889126 0.532000 2.590000
v -5.657759 0.378924 2.590000
v -5.411928 0.234889 2.590000
v -5.150738 0.100188 2.590000
v -4.873283 -0.024889 2.590000
v -4.578671 -0.140049 2.590000
v -4.266001 -0.245000 2.590000
v -3.790001 0.280000 2.590000
v -4.117897 0.369335 2.590000
v -4.423405 0.469097 2.590000
v -4.707767 0.578922 2.590000
v -4.972221 0.698445 2.590000
v -5.218012 0.827301 2.590000
v -5.446375 0.965125 2.590000
v -5.658550 1.111554 2.590000
v -5.855778 1.266222 2.590000
v -6.039295 1.428766 2.590000
v -6.210348 1.598819 2.590000
v -6.370167 1.776019 2.590000
v -6.520000 1.960000 2.590000
v -6.640709 2.125881 2.590000
v -6.754175 2.303551 2.590000
v -6.860155 2.490797 2.590000
v -6.958405 2.685408 2.590000
v -7.048685 2.885171 2.590000
v -7.130749 3.087875 2.590000
v -7.204355 3.291309 2.590000
v -7.269260 3.493260 2.590000
v -7.325220 3.691516 2.590000
v -7.371994 3.883866 2.590000
v -7.409334 4.068098 2.590000
v -7.437000 4.242000 2.590000
v -7.288950 4.242000 2.590000
v -7.058771 4.242000 2.590000
v -6.762920 4.242000 2.590000
v -6.417849 4.242000 2.590000
v -6.040016 4.242000 2.590000
v -5.645872 4.242000 2.590000
v -5.251875 4.242000 2.590000
v -4.874479 4.242000 2.590000
v -4.530140 4.242000 2.590000
v -4.235310 4.242000 2.590000
v -4.006445 4.242000 2.590000
v -3.860001 4.242000 2.590000
v -3.790882 4.241721 2.590000
v -3.723564 4.240931 2.590000
v -3.658092 4.239703 2.590000
v -3.594519 4.238111 2.590000
v -3.532888 4.236227 2.590000
v -3.473251 4.234125 2.590000
v -3.415653 4.231877 2.590000
v -3.360149 4.229556 2.590000
v -3.306782 4.227235 2.590000
v -3.255602 4.224987 2.590000
v -3.206659 4.222884 2.590000
v -3.160000 4.221000 2.590000
v -3.160000 4.844000 2.590000
v -3.210537 4.837154 2.590000
v -3.263866 4.830648 2.590000
v -3.319578 4.824532 2.590000
v -3.377260 4.818852 2.590000
v -3.436497 4.813659 2.590000
v -3.496876 4.809000 2.590000
v -3.557983 4.804925 2.590000
v -3.619410 4.801482 2.590000
v -3.680735 4.798719 2.590000
v -3.741550 4.796686 2.590000
v -3.801445 4.795430 2.590000
v -3.860001 4.795001 2.590000
v -4.006813 4.795001 2.590000
v -4.236481 4.795001 2.590000
v -4.532112 4.795001 2.590000
v -4.876816 4.795001 2.590000
v -5.253700 4.795001 2.590000
v -5.645876 4.795001 2.590000
v -6.036446 4.795001 2.590000
v -6.408520 4.795001 2.590000
v -6.745203 4.795001 2.590000
v -7.029606 4.795001 2.590000
v -7.244835 4.795001 2.590000
v -7.373999 4.795001 2.590000
v -7.598000 4.802001 2.590000
v -7.592899 4.819643 2.590000
v -7.588116 4.837552 2.590000
v -7.583673 4.855704 2.590000
v -7.579594 4.874075 2.590000
v -7.575903 4.892640 2.590000
v -7.572624 4.911376 2.590000
v -7.569784 4.930257 2.590000
v -7.567408 4.949260 2.590000
v -7.565516 4.968360 2.590000
v -7.564133 4.987533 2.590000
v -7.563286 5.006754 2.590000
v -7.563000 5.026000 2.590000
v -7.570139 5.132734 2.590000
v -7.590937 5.235288 2.590000
v -7.624470 5.332688 2.590000
v -7.669813 5.423964 2.590000
v -7.726049 5.508142 2.590000
v -7.792250 5.584250 2.590000
v -7.867493 5.651318 2.590000
v -7.950851 5.708371 2.590000
v -8.041409 5.754438 2.590000
v -8.138233 5.788547 2.590000
v -8.240402 5.809725 2.590000
v -8.347000 5.817000 2.590000
v 3.566999 3.241000 2.590000
v 3.664927 3.339567 2.590000
v 3.781666 3.451453 2.590000
v 3.914156 3.573937 2.590000
v 4.059334 3.704296 2.590000
v 4.214134 3.839808 2.590000
v 4.375500 3.977750 2.590000
v 4.540363 4.115400 2.590000
v 4.705666 4.250037 2.590000
v 4.868343 4.378938 2.590000
v 5.025333 4.499380 2.590000
v 5.173573 4.608642 2.590000
v 5.309999 4.704000 2.590000
v 4.910999 5.131001 2.590000
v 4.778957 5.040864 2.590000
v 4.633429 4.936653 2.590000
v 4.477545 4.820923 2.590000
v 4.314442 4.696223 2.590000
v 4.147257 4.565107 2.590000
v 3.979124 4.430126 2.590000
v 3.813177 4.293832 2.590000
v 3.652555 4.158778 2.590000
v 3.500391 4.027516 2.590000
v 3.359819 3.902598 2.590000
v 3.233978 3.786575 2.590000
v 3.125999 3.682000 2.590000
v 2.448298 1.639880 2.590000
v 2.193703 1.829787 2.590000
v 1.949999 2.030875 2.590000
v 1.717962 2.241296 2.590000
v 1.498371 2.459204 2.590000
v 1.292000 2.682750 2.590000
v 1.099628 2.910088 2.590000
v 0.922037 3.139370 2.590000
v 0.760000 3.368750 2.590000
v 0.614296 3.596380 2.590000
v 0.485703 3.820412 2.590000
v 0.375000 4.039000 2.590000
v 0.039000 3.444000 2.590000
v 0.165087 3.223857 2.590000
v 0.305099 3.001769 2.590000
v 0.458673 2.779000 2.590000
v 0.625446 2.556815 2.590000
v 0.805052 2.336477 2.590000
v 0.997128 2.119250 2.590000
v 1.201305 1.906398 2.590000
v 1.417223 1.699185 2.590000
v 1.644516 1.498875 2.590000
v 1.882820 1.306732 2.590000
v 2.131769 1.124019 2.590000
v 2.391001 0.952000 2.590000
v 2.569986 0.842155 2.590000
v 2.757139 0.733574 2.590000
v 2.952749 0.626938 2.590000
v 3.157110 0.522926 2.590000
v 3.370512 0.422220 2.590000
v 3.593248 0.325500 2.590000
v 3.825609 0.233447 2.590000
v 4.067888 0.146741 2.590000
v 4.320374 0.066063 2.590000
v 4.583361 -0.007907 2.590000
v 4.857140 -0.074488 2.590000
v 5.142000 -0.133000 2.590000
v 5.513000 0.441000 2.590000
v 5.213272 0.491454 2.590000
v 4.926426 0.551218 2.590000
v 4.652220 0.619391 2.590000
v 4.390408 0.695074 2.590000
v 4.140749 0.777369 2.590000
v 3.903000 0.865375 2.590000
v 3.676918 0.958194 2.590000
v 3.462261 1.054926 2.590000
v 3.258783 1.154672 2.590000
v 3.066242 1.256533 2.590000
v 2.884396 1.359608 2.590000
v 2.713001 1.463000 2.590000
v 11.183000 1.526000 2.590000
v 11.071215 1.625758 2.590000
v 10.957217 1.734898 2.590000
v 10.842297 1.851719 2.590000
v 10.727740 1.974519 2.590000
v 10.614838 2.101596 2.590000
v 10.504875 2.231250 2.590000
v 10.399141 2.361779 2.590000
v 10.298925 2.491481 2.590000
v 10.205515 2.618656 2.590000
v 10.120199 2.741602 2.590000
v 10.044264 2.858617 2.590000
v 9.979000 2.968000 2.590000
v 12.099999 2.548000 2.590000
v 12.028868 2.291997 2.590000
v 11.956207 2.030648 2.590000
v 11.883108 1.767938 2.590000
v 11.810665 1.507852 2.590000
v 11.739973 1.254377 2.590000
v 11.672125 1.011500 2.590000
v 11.608212 0.783206 2.590000
v 11.549333 0.573482 2.590000
v 11.496578 0.386313 2.590000
v 11.451041 0.225685 2.590000
v 11.413817 0.095586 2.590000
v 11.386000 0.000000 2.590000
v 11.374947 -0.034899 2.590000
v 11.362924 -0.072690 2.590000
v 11.350122 -0.112765 2.590000
v 11.336739 -0.154518 2.590000
v 11.322966 -0.197341 2.590000
v 11.308998 -0.240625 2.590000
v 11.295032 -0.283763 2.590000
v 11.281259 -0.326148 2.590000
v 11.267875 -0.367172 2.590000
v 11.255074 -0.406227 2.590000
v 11.243051 -0.442705 2.590000
v 11.232000 -0.476000 2.590000
v 11.827000 -0.630000 2.590000
v 11.832542 -0.590937 2.590000
v 11.838667 -0.550829 2.590000
v 11.845375 -0.509797 2.590000
v 11.852667 -0.467963 2.590000
v 11.860541 -0.425448 2.590000
v 11.868999 -0.382375 2.590000
v 11.878041 -0.338864 2.590000
v 11.887666 -0.295037 2.590000
v 11.897874 -0.251016 2.590000
v 11.908666 -0.206921 2.590000
v 11.920041 -0.162875 2.590000
v 11.932000 -0.119000 2.590000
v 12.632000 2.436000 2.590000
v 14.052999 2.149000 2.590000
v 14.193000 2.681000 2.590000
v 14.144405 2.684788 2.590000
v 14.096492 2.689135 2.590000
v 14.049063 2.694016 2.590000
v 14.001926 2.699408 2.590000
v 13.954887 2.705286 2.590000
v 13.907750 2.711625 2.590000
v 13.860322 2.718402 2.590000
v 13.812407 2.725593 2.590000
v 13.763813 2.733172 2.590000
v 13.714343 2.741116 2.590000
v 13.663804 2.749400 2.590000
v 13.612000 2.758000 2.590000
v 12.758000 2.912000 2.590000
v 12.989000 3.717000 2.590000
v 13.001396 3.760021 2.590000
v 13.014084 3.801584 2.590000
v 13.027062 3.841688 2.590000
v 13.040333 3.880334 2.590000
v 13.053896 3.917521 2.590000
v 13.067750 3.953250 2.590000
v 13.081896 3.987521 2.590000
v 13.096333 4.020334 2.590000
v 13.111062 4.051688 2.590000
v 13.126083 4.081584 2.590000
v 13.141396 4.110021 2.590000
v 13.157000 4.137000 2.590000
v 12.555000 4.284000 2.590000
v 12.549462 4.253529 2.590000
v 12.543365 4.221648 2.590000
v 12.536735 4.188406 2.590000
v 12.529593 4.153852 2.590000
v 12.521964 4.118034 2.590000
v 12.513875 4.081000 2.590000
v 12.505348 4.042800 2.590000
v 12.496408 4.003482 2.590000
v 12.487078 3.963094 2.590000
v 12.477384 3.921686 2.590000
v 12.467350 3.879305 2.590000
v 12.457000 3.836000 2.590000
v 12.226000 3.010000 2.590000
v 11.975689 3.058000 2.590000
v 11.720930 3.106996 2.590000
v 11.465734 3.156235 2.590000
v 11.214110 3.204963 2.590000
v 10.970071 3.252428 2.590000
v 10.737624 3.297875 2.590000
v 10.520782 3.340552 2.590000
v 10.323555 3.379704 2.590000
v 10.149954 3.414578 2.590000
v 10.003986 3.444422 2.590000
v 9.889666 3.468480 2.590000
v 9.811001 3.486000 2.590000
v 9.789459 3.491395 2.590000
v 9.766993 3.497083 2.590000
v 9.743846 3.503062 2.590000
v 9.720261 3.509333 2.590000
v 9.696482 3.515896 2.590000
v 9.672751 3.522750 2.590000
v 9.649313 3.529896 2.590000
v 9.626409 3.537333 2.590000
v 9.604281 3.545063 2.590000
v 9.583177 3.553084 2.590000
v 9.563334 3.561396 2.590000
v 9.545000 3.570000 2.590000
v 9.195000 3.325000 2.590000
v 9.277006 3.168748 2.590000
v 9.374472 2.999565 2.590000
v 9.485062 2.820563 2.590000
v 9.606443 2.634852 2.590000
v 9.736284 2.445544 2.590000
v 9.872250 2.255750 2.590000
v 10.012007 2.068581 2.590000
v 10.153223 1.887148 2.590000
v 10.293563 1.714563 2.590000
v 10.430695 1.553935 2.590000
v 10.562285 1.408378 2.590000
v 10.686001 1.281000 2.590000
v 20.396526 1.305395 2.590000
v 20.121384 1.486658 2.590000
v 19.856983 1.677156 2.590000
v 19.603741 1.876259 2.590000
v 19.362066 2.083334 2.590000
v 19.132374 2.297750 2.590000
v 18.915079 2.518874 2.590000
v 18.710592 2.746074 2.590000
v 18.519329 2.978719 2.590000
v 18.341698 3.216176 2.590000
v 18.178118 3.457814 2.590000
v 18.028999 3.703000 2.590000
v 17.693001 3.122000 2.590000
v 17.852570 2.888351 2.590000
v 18.026310 2.656889 2.590000
v 18.213516 2.428344 2.590000
v 18.413483 2.203445 2.590000
v 18.625504 1.982921 2.590000
v 18.848875 1.767500 2.590000
v 19.082893 1.557913 2.590000
v 19.326851 1.354889 2.590000
v 19.580048 1.159157 2.590000
v 19.841772 0.971445 2.590000
v 20.111324 0.792483 2.590000
v 20.388000 0.623000 2.590000
v 20.568205 0.521703 2.590000
v 20.757477 0.424537 2.590000
v 20.953796 0.331844 2.590000
v 21.155148 0.243963 2.590000
v 21.359512 0.161235 2.590000
v 21.564875 0.084000 2.590000
v 21.769215 0.012598 2.590000
v 21.970518 -0.052630 2.590000
v 22.166765 -0.111344 2.590000
v 22.355940 -0.163204 2.590000
v 22.536024 -0.207869 2.590000
v 22.705000 -0.245000 2.590000
v 23.027000 0.322000 2.590000
v 22.834078 0.358296 2.590000
v 22.637463 0.400620 2.590000
v 22.438126 0.448875 2.590000
v 22.237038 0.502963 2.590000
v 22.035172 0.562787 2.590000
v 21.833500 0.628250 2.590000
v 21.632996 0.699255 2.590000
v 21.434629 0.775704 2.590000
v 21.239374 0.857500 2.590000
v 21.048203 0.944546 2.590000
v 20.862087 1.036746 2.590000
v 20.681999 1.134000 2.590000
v 21.816000 2.317000 2.590000
v 21.911533 2.384663 2.590000
v 22.021431 2.460468 2.590000
v 22.143141 2.542641 2.590000
v 22.274111 2.629408 2.590000
v 22.411789 2.718994 2.590000
v 22.553625 2.809625 2.590000
v 22.697063 2.899528 2.590000
v 22.839556 2.986926 2.590000
v 22.978546 3.070047 2.590000
v 23.111486 3.147116 2.590000
v 23.235821 3.216358 2.590000
v 23.348999 3.276000 2.590000
v 23.034000 3.752000 2.590000
v 22.922827 3.690495 2.590000
v 22.797945 3.619292 2.590000
v 22.662563 3.540359 2.590000
v 22.519888 3.455667 2.590000
v 22.373131 3.367182 2.590000
v 22.225500 3.276875 2.590000
v 22.080202 3.186714 2.590000
v 21.940445 3.098667 2.590000
v 21.809437 3.014703 2.590000
v 21.690388 2.936792 2.590000
v 21.586506 2.866901 2.590000
v 21.500999 2.807000 2.590000
v 18.736000 3.955000 2.590000
v 18.780884 4.047078 2.590000
v 18.827908 4.140954 2.590000
v 18.876875 4.236094 2.590000
v 18.927593 4.331964 2.590000
v 18.979866 4.428027 2.590000
v 19.033501 4.523750 2.590000
v 19.088301 4.618599 2.590000
v 19.144073 4.712038 2.590000
v 19.200626 4.803532 2.590000
v 19.257759 4.892547 2.590000
v 19.315283 4.978548 2.590000
v 19.373001 5.061000 2.590000
v 18.987999 5.222000 2.590000
v 18.941504 5.153997 2.590000
v 18.890194 5.076977 2.590000
v 18.835094 4.992422 2.590000
v 18.777222 4.901815 2.590000
v 18.717600 4.806638 2.590000
v 18.657249 4.708375 2.590000
v 18.597191 4.608508 2.590000
v 18.538445 4.508519 2.590000
v 18.482031 4.409891 2.590000
v 18.428972 4.314106 2.590000
v 18.380287 4.222649 2.590000
v 18.337000 4.137000 2.590000
v 17.798000 4.305000 2.590000
v 17.846241 4.398269 2.590000
v 17.896355 4.492315 2.590000
v 17.948170 4.586750 2.590000
v 18.001518 4.681185 2.590000
v 18.056225 4.775231 2.590000
v 18.112123 4.868500 2.590000
v 18.169044 4.960602 2.590000
v 18.226814 5.051148 2.590000
v 18.285265 5.139750 2.590000
v 18.344227 5.226019 2.590000
v 18.403528 5.309565 2.590000
v 18.462999 5.390000 2.590000
v 18.070999 5.558000 2.590000
v 18.021416 5.491610 2.590000
v 17.967751 5.415959 2.590000
v 17.910875 5.332579 2.590000
v 17.851665 5.243001 2.590000
v 17.791000 5.148756 2.590000
v 17.729750 5.051375 2.590000
v 17.668793 4.952391 2.590000
v 17.609001 4.853333 2.590000
v 17.551250 4.755734 2.590000
v 17.496416 4.661125 2.590000
v 17.445375 4.571037 2.590000
v 17.399000 4.487000 2.590000
v 20.787001 3.857000 2.590000
v 20.879442 3.926558 2.590000
v 20.986954 4.004551 2.590000
v 21.106812 4.089203 2.590000
v 21.236296 4.178741 2.590000
v 21.372683 4.271389 2.590000
v 21.513250 4.365375 2.590000
v 21.655275 4.458923 2.590000
v 21.796036 4.550260 2.590000
v 21.932812 4.637609 2.590000
v 22.062880 4.719199 2.590000
v 22.183516 4.793254 2.590000
v 22.292000 4.858000 2.590000
v 21.976999 5.327000 2.590000
v 21.866102 5.263198 2.590000
v 21.741982 5.188750 2.590000
v 21.607750 5.105844 2.590000
v 21.466518 5.016667 2.590000
v 21.321398 4.923406 2.590000
v 21.175501 4.828250 2.590000
v 21.031935 4.733386 2.590000
v 20.893814 4.641000 2.590000
v 20.764250 4.553281 2.590000
v 20.646351 4.472417 2.590000
v 20.543232 4.400594 2.590000
v 20.458000 4.340000 2.590000
v 18.736000 3.955000 2.590000
v 18.835077 3.678992 2.380000
v 18.835077 3.678992 -2.380000
v 18.736000 3.955000 -2.590000
v 18.780884 4.047078 2.590000
v 18.969154 3.954041 2.380000
v 18.969154 3.954041 -2.380000
v 18.780884 4.047078 -2.590000
v 18.827908 4.140954 2.590000
v 19.015154 4.045875 2.380000
v 19.015154 4.045875 -2.380000
v 18.827908 4.140954 -2.590000
v 18.876875 4.236094 2.590000
v 19.063053 4.138939 2.380000
v 19.063053 4.138939 -2.380000
v 18.876875 4.236094 -2.590000
v 18.927593 4.331964 2.590000
v 19.112640 4.232673 2.380000
v 19.112640 4.232673 -2.380000
v 18.927593 4.331964 -2.590000
v 18.979866 4.428027 2.590000
v 19.163704 4.326512 2.380000
v 19.163704 4.326512 -2.380000
v 18.979866 4.428027 -2.590000
v 19.033501 4.523750 2.590000
v 19.216026 4.419892 2.380000
v 19.216026 4.419892 -2.380000
v 19.033501 4.523750 -2.590000
v 19.088301 4.618599 2.590000
v 19.269386 4.512248 2.380000
v 19.269386 4.512248 -2.380000
v 19.088301 4.618599 -2.590000
v 19.144073 4.712038 2.590000
v 19.323563 4.603010 2.380000
v 19.323563 4.603010 -2.380000
v 19.144073 4.712038 -2.590000
v 19.200626 4.803532 2.590000
v 19.378319 4.691602 2.380000
v 19.378319 4.691602 -2.380000
v 19.200626 4.803532 -2.590000
v 19.257759 4.892547 2.590000
v 19.433416 4.777444 2.380000
v 19.433416 4.777444 -2.380000
v 19.257759 4.892547 -2.590000
v 19.315283 4.978548 2.590000
v 19.488598 4.859944 2.380000
v 19.488598 4.859944 -2.380000
v 19.315283 4.978548 -2.590000
v 19.373001 5.061000 2.590000
v 19.694550 5.154157 2.380000
v 19.694550 5.154157 -2.380000
v 19.373001 5.061000 -2.590000
v 18.987999 5.222000 2.590000
v 18.911200 5.481739 2.380000
v 18.911200 5.481739 -2.380000
v 18.987999 5.222000 -2.590000
v 18.941504 5.153997 2.590000
v 18.767435 5.271480 2.380000
v 18.767435 5.271480 -2.380000
v 18.941504 5.153997 -2.590000
v 18.890194 5.076977 2.590000
v 18.714834 5.192520 2.380000
v 18.714834 5.192520 -2.380000
v 18.890194 5.076977 -2.590000
v 18.835094 4.992422 2.590000
v 18.658628 5.106270 2.380000
v 18.658628 5.106270 -2.380000
v 18.835094 4.992422 -2.590000
v 18.777222 4.901815 2.590000
v 18.599747 5.014078 2.380000
v 18.599747 5.014078 -2.380000
v 18.777222 4.901815 -2.590000
v 18.717600 4.806638 2.590000
v 18.539143 4.917334 2.380000
v 18.539143 4.917334 -2.380000
v 18.717600 4.806638 -2.590000
v 18.657249 4.708375 2.590000
v 18.477791 4.817442 2.380000
v 18.477791 4.817442 -2.380000
v 18.657249 4.708375 -2.590000
v 18.597191 4.608508 2.590000
v 18.416674 4.715814 2.380000
v 18.416674 4.715814 -2.380000
v 18.597191 4.608508 -2.590000
v 18.538445 4.508519 2.590000
v 18.356764 4.613844 2.380000
v 18.356764 4.613844 -2.380000
v 18.538445 4.508519 -2.590000
v 18.482031 4.409891 2.590000
v 18.299030 4.512908 2.380000
v 18.299030 4.512908 -2.380000
v 18.482031 4.409891 -2.590000
v 18.428972 4.314106 2.590000
v 18.244423 4.414331 2.380000
v 18.244423 4.414331 -2.380000
v 18.428972 4.314106 -2.590000
v 18.380287 4.222649 2.590000
v 18.193871 4.319361 2.380000
v 18.193871 4.319361 -2.380000
v 18.380287 4.222649 -2.590000
v 18.337000 4.137000 2.590000
v 18.050983 4.036649 2.380000
v 18.050983 4.036649 -2.380000
v 18.337000 4.137000 -2.590000
v 17.798000 4.305000 2.590000
v 17.892700 4.030989 2.380000
v 17.892700 4.030989 -2.380000
v 17.798000 4.305000 -2.590000
v 17.846241 4.398269 2.590000
v 18.032177 4.300648 2.380000
v 18.032177 4.300648 -2.380000
v 17.846241 4.398269 -2.590000
v 17.896355 4.492315 2.590000
v 18.081081 4.392425 2.380000
v 18.081081 4.392425 -2.380000
v 17.896355 4.492315 -2.590000
v 17.948170 4.586750 2.590000
v 18.131653 4.484593 2.380000
v 18.131653 4.484593 -2.380000
v 17.948170 4.586750 -2.590000
v 18.001518 4.681185 2.590000
v 18.183708 4.576740 2.380000
v 18.183708 4.576740 -2.380000
v 18.001518 4.681185 -2.590000
v 18.056225 4.775231 2.590000
v 18.237057 4.668453 2.380000
v 18.237057 4.668453 -2.380000
v 18.056225 4.775231 -2.590000
v 18.112123 4.868500 2.590000
v 18.291515 4.759317 2.380000
v 18.291515 4.759317 -2.380000
v 18.112123 4.868500 -2.590000
v 18.169044 4.960602 2.590000
v 18.346889 4.848920 2.380000
v 18.346889 4.848920 -2.380000
v 18.169044 4.960602 -2.590000
v 18.226814 5.051148 2.590000
v 18.402988 4.936845 2.380000
v 18.402988 4.936845 -2.380000
v 18.226814 5.051148 -2.590000
v 18.285265 5.139750 2.590000
v 18.459610 5.022674 2.380000
v 18.459610 5.022674 -2.380000
v 18.285265 5.139750 -2.590000
v 18.344227 5.226019 2.590000
v 18.516550 5.105986 2.380000
v 18.516550 5.105986 -2.380000
v 18.344227 5.226019 -2.590000
v 18.403528 5.309565 2.590000
v 18.573597 5.186353 2.380000
v 18.573597 5.186353 -2.380000
v 18.403528 5.309565 -2.590000
v 18.462999 5.390000 2.590000
v 18.789602 5.478501 2.380000
v 18.789602 5.478501 -2.380000
v 18.462999 5.390000 -2.590000
v 18.070999 5.558000 2.590000
v 18.001709 5.816170 2.380000
v 18.001709 5.816170 -2.380000
v 18.070999 5.558000 -2.590000
v 18.021416 5.491610 2.590000
v 17.851624 5.615211 2.380000
v 17.851624 5.615211 -2.380000
v 18.021416 5.491610 -2.590000
v 17.967751 5.415959 2.590000
v 17.795353 5.535890 2.380000
v 17.795353 5.535890 -2.380000
v 17.967751 5.415959 -2.590000
v 17.910875 5.332579 2.590000
v 17.736528 5.449650 2.380000
v 17.736528 5.449650 -2.380000
v 17.910875 5.332579 -2.590000
v 17.851665 5.243001 2.590000
v 17.675776 5.357735 2.380000
v 17.675776 5.357735 -2.380000
v 17.851665 5.243001 -2.590000
v 17.791000 5.148756 2.590000
v 17.613825 5.261496 2.380000
v 17.613825 5.261496 -2.380000
v 17.791000 5.148756 -2.590000
v 17.729750 5.051375 2.590000
v 17.551460 5.162342 2.380000
v 17.551460 5.162342 -2.380000
v 17.729750 5.051375 -2.590000
v 17.668793 4.952391 2.590000
v 17.489489 5.061713 2.380000
v 17.489489 5.061713 -2.380000
v 17.668793 4.952391 -2.590000
v 17.609001 4.853333 2.590000
v 17.428738 4.961066 2.380000
v 17.428738 4.961066 -2.380000
v 17.609001 4.853333 -2.590000
v 17.551250 4.755734 2.590000
v 17.370035 4.861858 2.380000
v 17.370035 4.861858 -2.380000
v 17.551250 4.755734 -2.590000
v 17.496416 4.661125 2.590000
v 17.314211 4.765539 2.380000
v 17.314211 4.765539 -2.380000
v 17.496416 4.661125 -2.590000
v 17.445375 4.571037 2.590000
v 17.262081 4.673532 2.380000
v 17.262081 4.673532 -2.380000
v 17.445375 4.571037 -2.590000
v 17.399000 4.487000 2.590000
v 17.105621 4.390007 2.380000
v 17.105621 4.390007 -2.380000
v 17.399000 4.487000 -2.590000
v 20.787001 3.857000 2.590000
v 20.737366 3.556843 2.380000
v 20.737366 3.556843 -2.380000
v 20.787001 3.857000 -2.590000
v 20.879442 3.926558 2.590000
v 21.004238 3.757653 2.380000
v 21.004238 3.757653 -2.380000
v 20.879442 3.926558 -2.590000
v 20.986954 4.004551 2.590000
v 21.109188 3.833786 2.380000
v 21.109188 3.833786 -2.380000
v 20.986954 4.004551 -2.590000
v 21.106812 4.089203 2.590000
v 21.227108 3.917070 2.380000
v 21.227108 3.917070 -2.380000
v 21.106812 4.089203 -2.590000
v 21.236296 4.178741 2.590000
v 21.355019 4.005520 2.380000
v 21.355019 4.005520 -2.380000
v 21.236296 4.178741 -2.590000
v 21.372683 4.271389 2.590000
v 21.490047 4.097245 2.380000
v 21.490047 4.097245 -2.380000
v 21.372683 4.271389 -2.590000
v 21.513250 4.365375 2.590000
v 21.629370 4.190398 2.380000
v 21.629370 4.190398 -2.380000
v 21.513250 4.365375 -2.590000
v 21.655275 4.458923 2.590000
v 21.770187 4.283151 2.380000
v 21.770187 4.283151 -2.380000
v 21.655275 4.458923 -2.590000
v 21.796036 4.550260 2.590000
v 21.909708 4.373682 2.380000
v 21.909708 4.373682 -2.380000
v 21.796036 4.550260 -2.590000
v 21.932812 4.637609 2.590000
v 22.045126 4.460165 2.380000
v 22.045126 4.460165 -2.380000
v 21.932812 4.637609 -2.590000
v 22.062880 4.719199 2.590000
v 22.173611 4.540762 2.380000
v 22.173611 4.540762 -2.380000
v 22.062880 4.719199 -2.590000
v 22.183516 4.793254 2.590000
v 22.292263 4.613600 2.380000
v 22.292263 4.613600 -2.380000
v 22.183516 4.793254 -2.590000
v 22.292000 4.858000 2.590000
v 22.589836 4.791198 2.380000
v 22.589836 4.791198 -2.380000
v 22.292000 4.858000 -2.590000
v 21.976999 5.327000 2.590000
v 22.042095 5.606725 2.380000
v 22.042095 5.606725 -2.380000
v 21.976999 5.327000 -2.590000
v 21.866102 5.263198 2.590000
v 21.759724 5.444271 2.380000
v 21.759724 5.444271 -2.380000
v 21.866102 5.263198 -2.590000
v 21.741982 5.188750 2.590000
v 21.632792 5.368136 2.380000
v 21.632792 5.368136 -2.380000
v 21.741982 5.188750 -2.590000
v 21.607750 5.105844 2.590000
v 21.496511 5.283965 2.380000
v 21.496511 5.283965 -2.380000
v 21.607750 5.105844 -2.590000
v 21.466518 5.016667 2.590000
v 21.353691 5.193785 2.380000
v 21.353691 5.193785 -2.380000
v 21.466518 5.016667 -2.590000
v 21.321398 4.923406 2.590000
v 21.207270 5.099688 2.380000
v 21.207270 5.099688 -2.380000
v 21.321398 4.923406 -2.590000
v 21.175501 4.828250 2.590000
v 21.060253 5.003802 2.380000
v 21.060253 5.003802 -2.380000
v 21.175501 4.828250 -2.590000
v 21.031935 4.733386 2.590000
v 20.915672 4.908266 2.380000
v 20.915672 4.908266 -2.380000
v 21.031935 4.733386 -2.590000
v 20.893814 4.641000 2.590000
v 20.776571 4.815226 2.380000
v 20.776571 4.815226 -2.380000
v 20.893814 4.641000 -2.590000
v 20.764250 4.553281 2.590000
v 20.645992 4.726820 2.380000
v 20.645992 4.726820 -2.380000
v 20.764250 4.553281 -2.590000
v 20.646351 4.472417 2.590000
v 20.526949 4.645170 2.380000
v 20.526949 4.645170 -2.380000
v 20.646351 4.472417 -2.590000
v 20.543232 4.400594 2.590000
v 20.422379 4.572336 2.380000
v 20.422379 4.572336 -2.380000
v 20.543232 4.400594 -2.590000
v 20.458000 4.340000 2.590000
v 20.168564 4.391891 2.380000
v 20.168564 4.391891 -2.380000
v 20.458000 4.340000 -2.590000
v 20.396526 1.305395 2.590000
v 20.508387 1.483176 2.380000
v 20.508387 1.483176 -2.380000
v 20.396526 1.305395 -2.590000
v 20.121384 1.486658 2.590000
v 20.240580 1.659607 2.380000
v 20.240580 1.659607 -2.380000
v 20.121384 1.486657 -2.590000
v 19.856983 1.677156 2.590000
v 19.983315 1.844965 2.380000
v 19.983315 1.844965 -2.380000
v 19.856983 1.677156 -2.590000
v 19.603741 1.876259 2.590000
v 19.737015 2.038609 2.380000
v 19.737015 2.038609 -2.380000
v 19.603741 1.876259 -2.590000
v 19.362066 2.083334 2.590000
v 19.502098 2.239894 2.380000
v 19.502098 2.239894 -2.380000
v 19.362066 2.083334 -2.590000
v 19.132374 2.297750 2.590000
v 19.278984 2.448170 2.380000
v 19.278984 2.448170 -2.380000
v 19.132374 2.297750 -2.590000
v 18.915079 2.518874 2.590000
v 19.068089 2.662781 2.380000
v 19.068089 2.662781 -2.380000
v 18.915079 2.518874 -2.590000
v 18.710592 2.746074 2.590000
v 18.869825 2.883067 2.380000
v 18.869825 2.883067 -2.380000
v 18.710592 2.746074 -2.590000
v 18.519329 2.978719 2.590000
v 18.684601 3.108363 2.380000
v 18.684601 3.108363 -2.380000
v 18.519329 2.978719 -2.590000
v 18.341698 3.216176 2.590000
v 18.512823 3.338001 2.380000
v 18.512823 3.338001 -2.380000
v 18.341698 3.216176 -2.590000
v 18.178118 3.457814 2.590000
v 18.354883 3.571304 2.380000
v 18.354883 3.571304 -2.380000
v 18.178118 3.457814 -2.590000
v 18.028999 3.703000 2.590000
v 18.024452 4.114613 2.380000
v 18.024452 4.114613 -2.380000
v 18.028999 3.703000 -2.590000
v 17.693001 3.122000 2.590000
v 17.445042 3.112714 2.380000
v 17.445042 3.112714 -2.380000
v 17.693001 3.122000 -2.590000
v 17.852570 2.888351 2.590000
v 17.681801 2.766039 2.380000
v 17.681801 2.766039 -2.380000
v 17.852570 2.888351 -2.590000
v 18.026310 2.656889 2.590000
v 17.861032 2.527262 2.380000
v 17.861032 2.527262 -2.380000
v 18.026310 2.656889 -2.590000
v 18.213516 2.428344 2.590000
v 18.053753 2.291984 2.380000
v 18.053753 2.291984 -2.380000
v 18.213516 2.428344 -2.590000
v 18.413483 2.203445 2.590000
v 18.259264 2.060849 2.380000
v 18.259264 2.060849 -2.380000
v 18.413483 2.203445 -2.590000
v 18.625504 1.982921 2.590000
v 18.476870 1.834516 2.380000
v 18.476870 1.834516 -2.380000
v 18.625504 1.982920 -2.590000
v 18.848875 1.767500 2.590000
v 18.705887 1.613652 2.380000
v 18.705887 1.613652 -2.380000
v 18.848875 1.767500 -2.590000
v 19.082893 1.557913 2.590000
v 18.945631 1.398937 2.380000
v 18.945631 1.398936 -2.380000
v 19.082893 1.557913 -2.590000
v 19.326851 1.354889 2.590000
v 19.195425 1.191056 2.380000
v 19.195425 1.191056 -2.380000
v 19.326851 1.354889 -2.590000
v 19.580048 1.159157 2.590000
v 19.454592 0.990706 2.380000
v 19.454592 0.990706 -2.380000
v 19.580048 1.159156 -2.590000
v 19.841772 0.971445 2.590000
v 19.722462 0.798589 2.380000
v 19.722462 0.798588 -2.380000
v 19.841772 0.971444 -2.590000
v 20.111324 0.792483 2.590000
v 19.998363 0.615412 2.380000
v 19.998363 0.615411 -2.380000
v 20.111324 0.792483 -2.590000
v 20.388000 0.623000 2.590000
v 20.281664 0.441870 2.380000
v 20.281664 0.441870 -2.380000
v 20.388000 0.623000 -2.590000
v 20.568205 0.521703 2.590000
v 20.468765 0.336696 2.380000
v 20.468765 0.336696 -2.380000
v 20.568205 0.521702 -2.590000
v 20.757477 0.424537 2.590000
v 20.664667 0.236127 2.380000
v 20.664667 0.236126 -2.380000
v 20.757477 0.424537 -2.590000
v 20.953796 0.331844 2.590000
v 20.866945 0.140620 2.380000
v 20.866945 0.140620 -2.380000
v 20.953796 0.331844 -2.590000
v 21.155148 0.243963 2.590000
v 21.073732 0.050367 2.380000
v 21.073732 0.050366 -2.380000
v 21.155148 0.243963 -2.590000
v 21.359512 0.161235 2.590000
v 21.283140 -0.034403 2.380000
v 21.283140 -0.034403 -2.380000
v 21.359512 0.161235 -2.590000
v 21.564875 0.084000 2.590000
v 21.493267 -0.113429 2.380000
v 21.493267 -0.113430 -2.380000
v 21.564875 0.084000 -2.590000
v 21.769215 0.012598 2.590000
v 21.702206 -0.186437 2.380000
v 21.702206 -0.186438 -2.380000
v 21.769215 0.012598 -2.590000
v 21.970518 -0.052630 2.590000
v 21.908047 -0.253137 2.380000
v 21.908047 -0.253137 -2.380000
v 21.970518 -0.052630 -2.590000
v 22.166765 -0.111344 2.590000
v 22.108902 -0.313229 2.380000
v 22.108902 -0.313229 -2.380000
v 22.166765 -0.111344 -2.590000
v 22.355940 -0.163204 2.590000
v 22.302895 -0.366410 2.380000
v 22.302895 -0.366410 -2.380000
v 22.355940 -0.163204 -2.590000
v 22.536024 -0.207869 2.590000
v 22.488203 -0.412371 2.380000
v 22.488203 -0.412371 -2.380000
v 22.536024 -0.207869 -2.590000
v 22.705000 -0.245000 2.590000
v 22.811150 -0.483335 2.380000
v 22.811150 -0.483336 -2.380000
v 22.705000 -0.245000 -2.590000
v 23.027000 0.322000 2.590000
v 23.354826 0.474007 2.380000
v 23.354826 0.474007 -2.380000
v 23.027000 0.322000 -2.590000
v 22.834078 0.358296 2.590000
v 22.875597 0.564170 2.380000
v 22.875597 0.564169 -2.380000
v 22.834078 0.358296 -2.590000
v 22.637463 0.400620 2.590000
v 22.684271 0.605355 2.380000
v 22.684271 0.605355 -2.380000
v 22.637463 0.400620 -2.590000
v 22.438126 0.448875 2.590000
v 22.490110 0.652356 2.380000
v 22.490110 0.652356 -2.380000
v 22.438126 0.448875 -2.590000
v 22.237038 0.502963 2.590000
v 22.294155 0.705064 2.380000
v 22.294155 0.705064 -2.380000
v 22.237038 0.502963 -2.590000
v 22.035172 0.562787 2.590000
v 22.097435 0.763363 2.380000
v 22.097435 0.763363 -2.380000
v 22.035172 0.562787 -2.590000
v 21.833500 0.628250 2.590000
v 21.900980 0.827132 2.380000
v 21.900980 0.827132 -2.380000
v 21.833500 0.628250 -2.590000
v 21.632996 0.699255 2.590000
v 21.705818 0.896245 2.380000
v 21.705818 0.896245 -2.380000
v 21.632996 0.699255 -2.590000
v 21.434629 0.775704 2.590000
v 21.512976 0.970565 2.380000
v 21.512976 0.970565 -2.380000
v 21.434629 0.775704 -2.590000
v 21.239374 0.857500 2.590000
v 21.323477 1.049951 2.380000
v 21.323477 1.049950 -2.380000
v 21.239374 0.857500 -2.590000
v 21.048203 0.944546 2.590000
v 21.138350 1.134245 2.380000
v 21.138350 1.134245 -2.380000
v 21.048203 0.944546 -2.590000
v 20.862087 1.036746 2.590000
v 20.958622 1.223280 2.380000
v 20.958622 1.223279 -2.380000
v 20.862087 1.036745 -2.590000
v 20.681999 1.134000 2.590000
v 20.785995 1.316505 2.380000
v 20.785995 1.316504 -2.380000
v 20.681999 1.134000 -2.590000
v 21.816000 2.317000 2.590000
v 21.758129 2.018676 2.380000
v 21.758129 2.018676 -2.380000
v 21.816000 2.317000 -2.590000
v 21.911533 2.384663 2.590000
v 22.031845 2.212538 2.380000
v 22.031845 2.212538 -2.380000
v 21.911533 2.384663 -2.590000
v 22.021431 2.460468 2.590000
v 22.139807 2.287008 2.380000
v 22.139807 2.287008 -2.380000
v 22.021431 2.460468 -2.590000
v 22.143141 2.542641 2.590000
v 22.259888 2.368081 2.380000
v 22.259888 2.368081 -2.380000
v 22.143141 2.542641 -2.590000
v 22.274111 2.629408 2.590000
v 22.389370 2.453862 2.380000
v 22.389370 2.453862 -2.380000
v 22.274111 2.629408 -2.590000
v 22.411789 2.718994 2.590000
v 22.525597 2.542503 2.380000
v 22.525597 2.542503 -2.380000
v 22.411789 2.718994 -2.590000
v 22.553625 2.809625 2.590000
v 22.665928 2.632174 2.380000
v 22.665928 2.632174 -2.380000
v 22.553625 2.809625 -2.590000
v 22.697063 2.899528 2.590000
v 22.807728 2.721049 2.380000
v 22.807728 2.721049 -2.380000
v 22.697063 2.899528 -2.590000
v 22.839556 2.986926 2.590000
v 22.948349 2.807301 2.380000
v 22.948349 2.807301 -2.380000
v 22.839556 2.986926 -2.590000
v 22.978546 3.070047 2.590000
v 23.085106 2.889085 2.380000
v 23.085106 2.889085 -2.380000
v 22.978546 3.070047 -2.590000
v 23.111486 3.147116 2.590000
v 23.215242 2.964530 2.380000
v 23.215242 2.964530 -2.380000
v 23.111486 3.147116 -2.590000
v 23.235821 3.216358 2.590000
v 23.335873 3.031708 2.380000
v 23.335873 3.031708 -2.380000
v 23.235821 3.216358 -2.590000
v 23.348999 3.276000 2.590000
v 23.652178 3.198391 2.380000
v 23.652178 3.198391 -2.380000
v 23.348999 3.276000 -2.590000
v 23.034000 3.752000 2.590000
v 23.102076 4.029656 2.380000
v 23.102076 4.029656 -2.380000
v 23.034000 3.752000 -2.590000
v 22.922827 3.690495 2.590000
v 22.819984 3.873595 2.380000
v 22.819984 3.873595 -2.380000
v 22.922827 3.690495 -2.590000
v 22.797945 3.619292 2.590000
v 22.693048 3.801220 2.380000
v 22.693048 3.801220 -2.380000
v 22.797945 3.619292 -2.590000
v 22.662563 3.540359 2.590000
v 22.556078 3.721361 2.380000
v 22.556078 3.721361 -2.380000
v 22.662563 3.540359 -2.590000
v 22.519888 3.455667 2.590000
v 22.412075 3.635879 2.380000
v 22.412075 3.635879 -2.380000
v 22.519888 3.455667 -2.590000
v 22.373131 3.367182 2.590000
v 22.264124 3.546675 2.380000
v 22.264124 3.546675 -2.380000
v 22.373131 3.367182 -2.590000
v 22.225500 3.276875 2.590000
v 22.115345 3.455667 2.380000
v 22.115345 3.455667 -2.380000
v 22.225500 3.276875 -2.590000
v 22.080202 3.186714 2.590000
v 21.968868 3.364774 2.380000
v 21.968868 3.364774 -2.380000
v 22.080202 3.186714 -2.590000
v 21.940445 3.098667 2.590000
v 21.827816 3.275911 2.380000
v 21.827816 3.275911 -2.380000
v 21.940445 3.098667 -2.590000
v 21.809437 3.014703 2.590000
v 21.695278 3.190967 2.380000
v 21.695278 3.190967 -2.380000
v 21.809437 3.014703 -2.590000
v 21.690388 2.936792 2.590000
v 21.574274 3.111775 2.380000
v 21.574274 3.111775 -2.380000
v 21.690388 2.936792 -2.590000
v 21.586506 2.866901 2.590000
v 21.467640 3.040032 2.380000
v 21.467640 3.040032 -2.380000
v 21.586506 2.866901 -2.590000
v 21.500999 2.807000 2.590000
v 21.215219 2.863203 2.380000
v 21.215219 2.863203 -2.380000
v 21.500999 2.807000 -2.590000
v 11.183000 1.526000 2.590000
v 11.555169 1.475335 2.380000
v 11.555169 1.475335 -2.380000
v 11.183000 1.526000 -2.590000
v 11.071215 1.625758 2.590000
v 11.213783 1.779991 2.380000
v 11.213783 1.779990 -2.380000
v 11.071215 1.625758 -2.590000
v 10.957217 1.734898 2.590000
v 11.104715 1.884411 2.380000
v 11.104715 1.884411 -2.380000
v 10.957217 1.734898 -2.590000
v 10.842297 1.851719 2.590000
v 10.993954 1.997004 2.380000
v 10.993954 1.997003 -2.380000
v 10.842297 1.851718 -2.590000
v 10.727740 1.974519 2.590000
v 10.883037 2.115903 2.380000
v 10.883037 2.115903 -2.380000
v 10.727740 1.974518 -2.590000
v 10.614838 2.101596 2.590000
v 10.773431 2.239269 2.380000
v 10.773431 2.239269 -2.380000
v 10.614838 2.101596 -2.590000
v 10.504875 2.231250 2.590000
v 10.666563 2.365274 2.380000
v 10.666563 2.365274 -2.380000
v 10.504875 2.231250 -2.590000
v 10.399141 2.361779 2.590000
v 10.563841 2.492085 2.380000
v 10.563841 2.492085 -2.380000
v 10.399141 2.361779 -2.590000
v 10.298925 2.491481 2.590000
v 10.466663 2.617856 2.380000
v 10.466663 2.617856 -2.380000
v 10.298925 2.491481 -2.590000
v 10.205515 2.618656 2.590000
v 10.376435 2.740698 2.380000
v 10.376435 2.740698 -2.380000
v 10.205515 2.618656 -2.590000
v 10.120199 2.741602 2.590000
v 10.294584 2.858649 2.380000
v 10.294584 2.858649 -2.380000
v 10.120199 2.741602 -2.590000
v 10.044264 2.858617 2.590000
v 10.222577 2.969614 2.380000
v 10.222577 2.969614 -2.380000
v 10.044264 2.858617 -2.590000
v 9.979000 2.968000 2.590000
v 10.401148 2.670329 2.380000
v 10.401148 2.670329 -2.380000
v 9.979000 2.968000 -2.590000
v 12.099999 2.548000 2.590000
v 11.837030 2.385996 2.380000
v 11.837030 2.385996 -2.380000
v 12.099999 2.548000 -2.590000
v 12.028868 2.291997 2.590000
v 11.826538 2.348233 2.380000
v 11.826538 2.348233 -2.380000
v 12.028868 2.291997 -2.590000
v 11.956207 2.030648 2.590000
v 11.753887 2.086921 2.380000
v 11.753887 2.086921 -2.380000
v 11.956207 2.030648 -2.590000
v 11.883108 1.767938 2.590000
v 11.680801 1.824258 2.380000
v 11.680801 1.824258 -2.380000
v 11.883108 1.767937 -2.590000
v 11.810665 1.507852 2.590000
v 11.608376 1.564233 2.380000
v 11.608376 1.564233 -2.380000
v 11.810665 1.507852 -2.590000
v 11.739973 1.254377 2.590000
v 11.537704 1.310835 2.380000
v 11.537704 1.310835 -2.380000
v 11.739973 1.254377 -2.590000
v 11.672125 1.011500 2.590000
v 11.469883 1.068057 2.380000
v 11.469883 1.068057 -2.380000
v 11.672125 1.011500 -2.590000
v 11.608212 0.783206 2.590000
v 11.406009 0.839894 2.380000
v 11.406009 0.839894 -2.380000
v 11.608212 0.783206 -2.590000
v 11.549333 0.573482 2.590000
v 11.347178 0.630348 2.380000
v 11.347178 0.630348 -2.380000
v 11.549333 0.573481 -2.590000
v 11.496578 0.386313 2.590000
v 11.294497 0.443436 2.380000
v 11.294497 0.443436 -2.380000
v 11.496578 0.386312 -2.590000
v 11.451041 0.225685 2.590000
v 11.249072 0.283207 2.380000
v 11.249072 0.283207 -2.380000
v 11.451041 0.225685 -2.590000
v 11.413817 0.095586 2.590000
v 11.212049 0.153810 2.380000
v 11.212049 0.153810 -2.380000
v 11.413817 0.095586 -2.590000
v 11.386000 0.000000 2.590000
v 11.185056 0.061053 2.380000
v 11.185056 0.061053 -2.380000
v 11.386000 -0.000000 -2.590000
v 11.374947 -0.034899 2.590000
v 11.174789 0.028638 2.380000
v 11.174789 0.028638 -2.380000
v 11.374947 -0.034899 -2.590000
v 11.362924 -0.072690 2.590000
v 11.162844 -0.008909 2.380000
v 11.162844 -0.008909 -2.380000
v 11.362924 -0.072690 -2.590000
v 11.350122 -0.112765 2.590000
v 11.150112 -0.048766 2.380000
v 11.150112 -0.048766 -2.380000
v 11.350122 -0.112766 -2.590000
v 11.336739 -0.154518 2.590000
v 11.136793 -0.090318 2.380000
v 11.136793 -0.090318 -2.380000
v 11.336739 -0.154519 -2.590000
v 11.322966 -0.197341 2.590000
v 11.123082 -0.132947 2.380000
v 11.123082 -0.132947 -2.380000
v 11.322966 -0.197341 -2.590000
v 11.308998 -0.240625 2.590000
v 11.109178 -0.176036 2.380000
v 11.109178 -0.176036 -2.380000
v 11.308998 -0.240625 -2.590000
v 11.295032 -0.283763 2.590000
v 11.095277 -0.218970 2.380000
v 11.095277 -0.218970 -2.380000
v 11.295032 -0.283763 -2.590000
v 11.281259 -0.326148 2.590000
v 11.081577 -0.261132 2.380000
v 11.081577 -0.261132 -2.380000
v 11.281259 -0.326148 -2.590000
v 11.267875 -0.367172 2.590000
v 11.068275 -0.301902 2.380000
v 11.068275 -0.301902 -2.380000
v 11.267875 -0.367172 -2.590000
v 11.255074 -0.406227 2.590000
v 11.055573 -0.340656 2.380000
v 11.055573 -0.340656 -2.380000
v 11.255074 -0.406227 -2.590000
v 11.243051 -0.442705 2.590000
v 11.043673 -0.376761 2.380000
v 11.043673 -0.376761 -2.380000
v 11.243051 -0.442706 -2.590000
v 11.232000 -0.476000 2.590000
v 10.961937 -0.623021 2.380000
v 10.961937 -0.623021 -2.380000
v 11.232000 -0.476000 -2.590000
v 11.827000 -0.630000 2.590000
v 12.001902 -0.892189 2.380000
v 12.001902 -0.892189 -2.380000
v 11.827000 -0.630000 -2.590000
v 11.832542 -0.590937 2.590000
v 12.040303 -0.621539 2.380000
v 12.040303 -0.621539 -2.380000
v 11.832542 -0.590937 -2.590000
v 11.838667 -0.550829 2.590000
v 12.046093 -0.583622 2.380000
v 12.046093 -0.583622 -2.380000
v 11.838667 -0.550829 -2.590000
v 11.845375 -0.509797 2.590000
v 12.052446 -0.544769 2.380000
v 12.052446 -0.544769 -2.380000
v 11.845375 -0.509797 -2.590000
v 11.852667 -0.467963 2.590000
v 12.059357 -0.505117 2.380000
v 12.059357 -0.505117 -2.380000
v 11.852667 -0.467963 -2.590000
v 11.860541 -0.425448 2.590000
v 12.066824 -0.464805 2.380000
v 12.066824 -0.464805 -2.380000
v 11.860541 -0.425449 -2.590000
v 11.868999 -0.382375 2.590000
v 12.074842 -0.423970 2.380000
v 12.074842 -0.423971 -2.380000
v 11.868999 -0.382375 -2.590000
v 11.878041 -0.338864 2.590000
v 12.083408 -0.382750 2.380000
v 12.083408 -0.382750 -2.380000
v 11.878041 -0.338864 -2.590000
v 11.887666 -0.295037 2.590000
v 12.092514 -0.341279 2.380000
v 12.092514 -0.341280 -2.380000
v 11.887666 -0.295037 -2.590000
v 11.897874 -0.251016 2.590000
v 12.102157 -0.299698 2.380000
v 12.102157 -0.299698 -2.380000
v 11.897874 -0.251016 -2.590000
v 11.908666 -0.206921 2.590000
v 12.112328 -0.258142 2.380000
v 12.112328 -0.258142 -2.380000
v 11.908666 -0.206921 -2.590000
v 11.920041 -0.162875 2.590000
v 12.123019 -0.216746 2.380000
v 12.123019 -0.216746 -2.380000
v 11.920041 -0.162876 -2.590000
v 11.932000 -0.119000 2.590000
v 12.134573 -0.174356 2.380000
v 12.134573 -0.174356 -2.380000
v 11.932000 -0.119000 -2.590000
v 12.632000 2.436000 2.590000
v 12.782703 2.191322 2.380000
v 12.782703 2.191322 -2.380000
v 12.632000 2.436000 -2.590000
v 14.052999 2.149000 2.590000
v 14.205657 1.903928 2.380000
v 14.205657 1.903927 -2.380000
v 14.052999 2.149000 -2.590000
v 14.193000 2.681000 2.590000
v 14.460101 2.870818 2.380000
v 14.460101 2.870818 -2.380000
v 14.193000 2.681000 -2.590000
v 14.144405 2.684788 2.590000
v 14.162052 2.894049 2.380000
v 14.162052 2.894049 -2.380000
v 14.144405 2.684788 -2.590000
v 14.096492 2.689135 2.590000
v 14.116729 2.898161 2.380000
v 14.116729 2.898161 -2.380000
v 14.096492 2.689135 -2.590000
v 14.049063 2.694016 2.590000
v 14.071746 2.902791 2.380000
v 14.071746 2.902791 -2.380000
v 14.049063 2.694016 -2.590000
v 14.001926 2.699408 2.590000
v 14.026879 2.907923 2.380000
v 14.026879 2.907923 -2.380000
v 14.001926 2.699408 -2.590000
v 13.954887 2.705286 2.590000
v 13.981903 2.913543 2.380000
v 13.981903 2.913543 -2.380000
v 13.954887 2.705286 -2.590000
v 13.907750 2.711625 2.590000
v 13.936600 2.919636 2.380000
v 13.936600 2.919636 -2.380000
v 13.907750 2.711625 -2.590000
v 13.860322 2.718402 2.590000
v 13.890758 2.926186 2.380000
v 13.890758 2.926186 -2.380000
v 13.860322 2.718402 -2.590000
v 13.812407 2.725593 2.590000
v 13.844172 2.933177 2.380000
v 13.844172 2.933177 -2.380000
v 13.812407 2.725593 -2.590000
v 13.763813 2.733172 2.590000
v 13.796641 2.940590 2.380000
v 13.796641 2.940590 -2.380000
v 13.763813 2.733172 -2.590000
v 13.714343 2.741116 2.590000
v 13.747975 2.948406 2.380000
v 13.747975 2.948406 -2.380000
v 13.714343 2.741116 -2.590000
v 13.663804 2.749400 2.590000
v 13.697985 2.956600 2.380000
v 13.697985 2.956600 -2.380000
v 13.663804 2.749400 -2.590000
v 13.612000 2.758000 2.590000
v 13.647832 2.964926 2.380000
v 13.647832 2.964926 -2.380000
v 13.612000 2.758000 -2.590000
v 12.758000 2.912000 2.590000
v 13.023947 3.077430 2.380000
v 13.023947 3.077430 -2.380000
v 12.758000 2.912000 -2.590000
v 12.989000 3.717000 2.590000
v 13.190823 3.658967 2.380000
v 13.190823 3.658967 -2.380000
v 12.989000 3.717000 -2.590000
v 13.001396 3.760021 2.590000
v 13.202729 3.700290 2.380000
v 13.202729 3.700290 -2.380000
v 13.001396 3.760021 -2.590000
v 13.014084 3.801584 2.590000
v 13.214421 3.738593 2.380000
v 13.214421 3.738593 -2.380000
v 13.014084 3.801584 -2.590000
v 13.027062 3.841688 2.590000
v 13.226286 3.775251 2.380000
v 13.226286 3.775251 -2.380000
v 13.027062 3.841688 -2.590000
v 13.040333 3.880334 2.590000
v 13.238303 3.810250 2.380000
v 13.238303 3.810250 -2.380000
v 13.040333 3.880334 -2.590000
v 13.053896 3.917521 2.590000
v 13.250458 3.843578 2.380000
v 13.250458 3.843578 -2.380000
v 13.053896 3.917521 -2.590000
v 13.067750 3.953250 2.590000
v 13.262728 3.875220 2.380000
v 13.262728 3.875220 -2.380000
v 13.067750 3.953250 -2.590000
v 13.081896 3.987521 2.590000
v 13.275086 3.905162 2.380000
v 13.275086 3.905162 -2.380000
v 13.081896 3.987521 -2.590000
v 13.096333 4.020334 2.590000
v 13.287506 3.933389 2.380000
v 13.287506 3.933389 -2.380000
v 13.096333 4.020334 -2.590000
v 13.111062 4.051688 2.590000
v 13.299953 3.959886 2.380000
v 13.299953 3.959886 -2.380000
v 13.111062 4.051688 -2.590000
v 13.126083 4.081584 2.590000
v 13.312392 3.984643 2.380000
v 13.312392 3.984643 -2.380000
v 13.126083 4.081584 -2.590000
v 13.141396 4.110021 2.590000
v 13.324780 4.007646 2.380000
v 13.324780 4.007646 -2.380000
v 13.141396 4.110021 -2.590000
v 13.157000 4.137000 2.590000
v 13.479131 4.274510 2.380000
v 13.479131 4.274510 -2.380000
v 13.157000 4.137000 -2.590000
v 12.555000 4.284000 2.590000
v 12.388245 4.540890 2.380000
v 12.388245 4.540890 -2.380000
v 12.555000 4.284000 -2.590000
v 12.549462 4.253529 2.590000
v 12.343019 4.292026 2.380000
v 12.343019 4.292026 -2.380000
v 12.549462 4.253529 -2.590000
v 12.543365 4.221648 2.590000
v 12.337260 4.261913 2.380000
v 12.337260 4.261913 -2.380000
v 12.543365 4.221648 -2.590000
v 12.536735 4.188406 2.590000
v 12.330935 4.230203 2.380000
v 12.330935 4.230203 -2.380000
v 12.536735 4.188406 -2.590000
v 12.529593 4.153852 2.590000
v 12.324067 4.196977 2.380000
v 12.324067 4.196977 -2.380000
v 12.529593 4.153852 -2.590000
v 12.521964 4.118034 2.590000
v 12.316685 4.162312 2.380000
v 12.316685 4.162312 -2.380000
v 12.521964 4.118034 -2.590000
v 12.513875 4.081000 2.590000
v 12.308815 4.126284 2.380000
v 12.308815 4.126284 -2.380000
v 12.513875 4.081000 -2.590000
v 12.505348 4.042800 2.590000
v 12.300483 4.088958 2.380000
v 12.300483 4.088958 -2.380000
v 12.505348 4.042800 -2.590000
v 12.496408 4.003482 2.590000
v 12.291714 4.050395 2.380000
v 12.291714 4.050395 -2.380000
v 12.496408 4.003482 -2.590000
v 12.487078 3.963094 2.590000
v 12.282536 4.010661 2.380000
v 12.282536 4.010661 -2.380000
v 12.487078 3.963094 -2.590000
v 12.477384 3.921686 2.590000
v 12.272972 3.969811 2.380000
v 12.272972 3.969811 -2.380000
v 12.477384 3.921686 -2.590000
v 12.467350 3.879305 2.590000
v 12.263051 3.927905 2.380000
v 12.263051 3.927905 -2.380000
v 12.467350 3.879305 -2.590000
v 12.457000 3.836000 2.590000
v 12.253682 3.888706 2.380000
v 12.253682 3.888706 -2.380000
v 12.457000 3.836000 -2.590000
v 12.226000 3.010000 2.590000
v 12.075796 3.252629 2.380000
v 12.075796 3.252629 -2.380000
v 12.226000 3.010000 -2.590000
v 11.975689 3.058000 2.590000
v 12.015293 3.264231 2.380000
v 12.015293 3.264231 -2.380000
v 11.975689 3.058000 -2.590000
v 11.720930 3.106996 2.590000
v 11.760653 3.313204 2.380000
v 11.760653 3.313204 -2.380000
v 11.720930 3.106996 -2.590000
v 11.465734 3.156235 2.590000
v 11.505589 3.362418 2.380000
v 11.505589 3.362418 -2.380000
v 11.465734 3.156235 -2.590000
v 11.214110 3.204963 2.590000
v 11.254120 3.411117 2.380000
v 11.254120 3.411117 -2.380000
v 11.214110 3.204963 -2.590000
v 10.970071 3.252428 2.590000
v 11.010265 3.458545 2.380000
v 11.010265 3.458545 -2.380000
v 10.970071 3.252428 -2.590000
v 10.737624 3.297875 2.590000
v 10.778049 3.503948 2.380000
v 10.778049 3.503948 -2.380000
v 10.737624 3.297875 -2.590000
v 10.520782 3.340552 2.590000
v 10.561504 3.546566 2.380000
v 10.561504 3.546566 -2.380000
v 10.520782 3.340552 -2.590000
v 10.323555 3.379704 2.590000
v 10.364680 3.585638 2.380000
v 10.364680 3.585638 -2.380000
v 10.323555 3.379704 -2.590000
v 10.149954 3.414578 2.590000
v 10.191666 3.620394 2.380000
v 10.191666 3.620394 -2.380000
v 10.149954 3.414578 -2.590000
v 10.003986 3.444422 2.590000
v 10.046642 3.650045 2.380000
v 10.046642 3.650045 -2.380000
v 10.003986 3.444422 -2.590000
v 9.889666 3.468480 2.590000
v 9.934115 3.673725 2.380000
v 9.934115 3.673725 -2.380000
v 9.889666 3.468480 -2.590000
v 9.811001 3.486000 2.590000
v 9.859346 3.690378 2.380000
v 9.859346 3.690378 -2.380000
v 9.811001 3.486000 -2.590000
v 9.789459 3.491395 2.590000
v 9.840737 3.695039 2.380000
v 9.840737 3.695039 -2.380000
v 9.789459 3.491395 -2.590000
v 9.766993 3.497083 2.590000
v 9.819021 3.700536 2.380000
v 9.819021 3.700536 -2.380000
v 9.766993 3.497083 -2.590000
v 9.743846 3.503062 2.590000
v 9.797089 3.706202 2.380000
v 9.797089 3.706202 -2.380000
v 9.743846 3.503062 -2.590000
v 9.720261 3.509333 2.590000
v 9.775177 3.712028 2.380000
v 9.775177 3.712028 -2.380000
v 9.720261 3.509333 -2.590000
v 9.696482 3.515896 2.590000
v 9.753555 3.717995 2.380000
v 9.753555 3.717995 -2.380000
v 9.696482 3.515896 -2.590000
v 9.672751 3.522750 2.590000
v 9.732512 3.724073 2.380000
v 9.732512 3.724073 -2.380000
v 9.672751 3.522750 -2.590000
v 9.649313 3.529896 2.590000
v 9.712368 3.730215 2.380000
v 9.712368 3.730215 -2.380000
v 9.649313 3.529896 -2.590000
v 9.626409 3.537333 2.590000
v 9.693473 3.736351 2.380000
v 9.693473 3.736351 -2.380000
v 9.626409 3.537333 -2.590000
v 9.604281 3.545063 2.590000
v 9.676223 3.742376 2.380000
v 9.676223 3.742376 -2.380000
v 9.604281 3.545063 -2.590000
v 9.583177 3.553084 2.590000
v 9.661072 3.748134 2.380000
v 9.661072 3.748134 -2.380000
v 9.583177 3.553084 -2.590000
v 9.563334 3.561396 2.590000
v 9.648550 3.753379 2.380000
v 9.648550 3.753379 -2.380000
v 9.563334 3.561396 -2.590000
v 9.545000 3.570000 2.590000
v 9.524163 3.811752 2.380000
v 9.524163 3.811752 -2.380000
v 9.545000 3.570000 -2.590000
v 9.195000 3.325000 2.590000
v 8.923166 3.391055 2.380000
v 8.923166 3.391055 -2.380000
v 9.195000 3.325000 -2.590000
v 9.277006 3.168748 2.590000
v 9.092979 3.067499 2.380000
v 9.092979 3.067499 -2.380000
v 9.277006 3.168748 -2.590000
v 9.374472 2.999565 2.590000
v 9.194120 2.891938 2.380000
v 9.194120 2.891938 -2.380000
v 9.374472 2.999565 -2.590000
v 9.485062 2.820563 2.590000
v 9.307815 2.707911 2.380000
v 9.307815 2.707911 -2.380000
v 9.485062 2.820563 -2.590000
v 9.606443 2.634852 2.590000
v 9.431940 2.518002 2.380000
v 9.431940 2.518002 -2.380000
v 9.606443 2.634852 -2.590000
v 9.736284 2.445544 2.590000
v 9.564320 2.324993 2.380000
v 9.564320 2.324993 -2.380000
v 9.736284 2.445544 -2.590000
v 9.872250 2.255750 2.590000
v 9.702744 2.131768 2.380000
v 9.702744 2.131768 -2.380000
v 9.872250 2.255750 -2.590000
v 10.012007 2.068581 2.590000
v 9.844996 1.941254 2.380000
v 9.844996 1.941254 -2.380000
v 10.012007 2.068581 -2.590000
v 10.153223 1.887148 2.590000
v 9.988878 1.756396 2.380000
v 9.988878 1.756396 -2.380000
v 10.153223 1.887148 -2.590000
v 10.293563 1.714563 2.590000
v 10.132217 1.580123 2.380000
v 10.132217 1.580123 -2.380000
v 10.293563 1.714563 -2.590000
v 10.430695 1.553935 2.590000
v 10.272918 1.415317 2.380000
v 10.272918 1.415317 -2.380000
v 10.430695 1.553935 -2.590000
v 10.562285 1.408378 2.590000
v 10.409025 1.264761 2.380000
v 10.409025 1.264761 -2.380000
v 10.562285 1.408377 -2.590000
v 10.686001 1.281000 2.590000
v 10.641809 1.025087 2.380000
v 10.641809 1.025086 -2.380000
v 10.686001 1.281000 -2.590000
v 3.566999 3.241000 2.590000
v 3.567482 2.943532 2.380000
v 3.567482 2.943532 -2.380000
v 3.566999 3.241000 -2.590000
v 3.664927 3.339567 2.590000
v 3.812090 3.189735 2.380000
v 3.812090 3.189735 -2.380000
v 3.664927 3.339567 -2.590000
v 3.781666 3.451453 2.590000
v 3.925610 3.298535 2.380000
v 3.925610 3.298535 -2.380000
v 3.781666 3.451453 -2.590000
v 3.914156 3.573937 2.590000
v 4.055593 3.418702 2.380000
v 4.055593 3.418702 -2.380000
v 3.914156 3.573937 -2.590000
v 4.059334 3.704296 2.590000
v 4.198650 3.547158 2.380000
v 4.198650 3.547158 -2.380000
v 4.059334 3.704296 -2.590000
v 4.214134 3.839808 2.590000
v 4.351528 3.680985 2.380000
v 4.351528 3.680985 -2.380000
v 4.214134 3.839808 -2.590000
v 4.375500 3.977750 2.590000
v 4.511026 3.817333 2.380000
v 4.511026 3.817333 -2.380000
v 4.375500 3.977750 -2.590000
v 4.540363 4.115400 2.590000
v 4.673973 3.953382 2.380000
v 4.673973 3.953382 -2.380000
v 4.540363 4.115400 -2.590000
v 4.705666 4.250037 2.590000
v 4.837193 4.086320 2.380000
v 4.837193 4.086320 -2.380000
v 4.705666 4.250037 -2.590000
v 4.868343 4.378938 2.590000
v 4.997475 4.213324 2.380000
v 4.997475 4.213324 -2.380000
v 4.868343 4.378938 -2.590000
v 5.025333 4.499380 2.590000
v 5.151556 4.331535 2.380000
v 5.151556 4.331535 -2.380000
v 5.025333 4.499380 -2.590000
v 5.173573 4.608642 2.590000
v 5.296043 4.438032 2.380000
v 5.296043 4.438032 -2.380000
v 5.173573 4.608642 -2.590000
v 5.309999 4.704000 2.590000
v 5.628681 4.670537 2.380000
v 5.628681 4.670537 -2.380000
v 5.309999 4.704000 -2.590000
v 4.910999 5.131001 2.590000
v 4.941418 5.406029 2.380000
v 4.941418 5.406029 -2.380000
v 4.910999 5.131001 -2.590000
v 4.778957 5.040864 2.590000
v 4.658613 5.212976 2.380000
v 4.658613 5.212976 -2.380000
v 4.778957 5.040864 -2.590000
v 4.633429 4.936653 2.590000
v 4.509697 5.106341 2.380000
v 4.509697 5.106341 -2.380000
v 4.633429 4.936653 -2.590000
v 4.477545 4.820923 2.590000
v 4.351175 4.988651 2.380000
v 4.351175 4.988651 -2.380000
v 4.477545 4.820923 -2.590000
v 4.314442 4.696223 2.590000
v 4.185867 4.862266 2.380000
v 4.185867 4.862266 -2.380000
v 4.314442 4.696223 -2.590000
v 4.147257 4.565107 2.590000
v 4.016722 4.729612 2.380000
v 4.016722 4.729612 -2.380000
v 4.147257 4.565107 -2.590000
v 3.979124 4.430126 2.590000
v 3.846745 4.593151 2.380000
v 3.846745 4.593151 -2.380000
v 3.979124 4.430126 -2.590000
v 3.813177 4.293832 2.590000
v 3.678957 4.455346 2.380000
v 3.678957 4.455346 -2.380000
v 3.813177 4.293832 -2.590000
v 3.652555 4.158778 2.590000
v 3.516392 4.318657 2.380000
v 3.516392 4.318657 -2.380000
v 3.652555 4.158778 -2.590000
v 3.500391 4.027516 2.590000
v 3.362051 4.185518 2.380000
v 3.362051 4.185518 -2.380000
v 3.500391 4.027516 -2.590000
v 3.359819 3.902598 2.590000
v 3.218887 4.058295 2.380000
v 3.218887 4.058295 -2.380000
v 3.359819 3.902598 -2.590000
v 3.233978 3.786575 2.590000
v 3.089735 3.939220 2.380000
v 3.089735 3.939220 -2.380000
v 3.233978 3.786575 -2.590000
v 3.125999 3.682000 2.590000
v 2.826618 3.684397 2.380000
v 2.826618 3.684397 -2.380000
v 3.125999 3.682000 -2.590000
v 2.448298 1.639880 2.590000
v 2.569496 1.811462 2.380000
v 2.569496 1.811462 -2.380000
v 2.448298 1.639879 -2.590000
v 2.193703 1.829787 2.590000
v 2.323387 1.995040 2.380000
v 2.323387 1.995039 -2.380000
v 2.193703 1.829787 -2.590000
v 1.949999 2.030875 2.590000
v 2.087437 2.189731 2.380000
v 2.087437 2.189731 -2.380000
v 1.949999 2.030875 -2.590000
v 1.717962 2.241296 2.590000
v 1.862530 2.393685 2.380000
v 1.862530 2.393685 -2.380000
v 1.717962 2.241296 -2.590000
v 1.498371 2.459204 2.590000
v 1.649553 2.605028 2.380000
v 1.649553 2.605028 -2.380000
v 1.498371 2.459204 -2.590000
v 1.292000 2.682750 2.590000
v 1.449379 2.821863 2.380000
v 1.449379 2.821863 -2.380000
v 1.292000 2.682750 -2.590000
v 1.099628 2.910088 2.590000
v 1.262871 3.042272 2.380000
v 1.262871 3.042272 -2.380000
v 1.099628 2.910088 -2.590000
v 0.922037 3.139370 2.590000
v 1.090891 3.264310 2.380000
v 1.090891 3.264310 -2.380000
v 0.922037 3.139370 -2.590000
v 0.760000 3.368750 2.590000
v 0.934286 3.486000 2.380000
v 0.934286 3.486000 -2.380000
v 0.760000 3.368750 -2.590000
v 0.614296 3.596380 2.590000
v 0.793900 3.705320 2.380000
v 0.793900 3.705320 -2.380000
v 0.614296 3.596380 -2.590000
v 0.485703 3.820412 2.590000
v 0.670567 3.920191 2.380000
v 0.670567 3.920191 -2.380000
v 0.485703 3.820412 -2.590000
v 0.375000 4.039000 2.590000
v 0.385073 4.483909 2.380000
v 0.385073 4.483909 -2.380000
v 0.375000 4.039000 -2.590000
v 0.039000 3.444000 2.590000
v -0.202587 3.443266 2.380000
v -0.202587 3.443266 -2.380000
v 0.039000 3.444000 -2.590000
v 0.165087 3.223857 2.590000
v -0.014929 3.115626 2.380000
v -0.014929 3.115626 -2.380000
v 0.165087 3.223857 -2.590000
v 0.305099 3.001769 2.590000
v 0.129753 2.886127 2.380000
v 0.129753 2.886127 -2.380000
v 0.305099 3.001769 -2.590000
v 0.458673 2.779000 2.590000
v 0.288181 2.656322 2.380000
v 0.288181 2.656322 -2.380000
v 0.458673 2.779000 -2.590000
v 0.625446 2.556815 2.590000
v 0.460016 2.427389 2.380000
v 0.460016 2.427389 -2.380000
v 0.625446 2.556815 -2.590000
v 0.805052 2.336477 2.590000
v 0.644939 2.200528 2.380000
v 0.644939 2.200528 -2.380000
v 0.805052 2.336477 -2.590000
v 0.997128 2.119250 2.590000
v 0.842628 1.976952 2.380000
v 0.842628 1.976952 -2.380000
v 0.997128 2.119250 -2.590000
v 1.201305 1.906398 2.590000
v 1.052765 1.757891 2.380000
v 1.052765 1.757891 -2.380000
v 1.201305 1.906398 -2.590000
v 1.417223 1.699185 2.590000
v 1.275032 1.544583 2.380000
v 1.275032 1.544583 -2.380000
v 1.417223 1.699185 -2.590000
v 1.644516 1.498875 2.590000
v 1.509123 1.338284 2.380000
v 1.509123 1.338284 -2.380000
v 1.644516 1.498875 -2.590000
v 1.882820 1.306732 2.590000
v 1.754721 1.140258 2.380000
v 1.754721 1.140258 -2.380000
v 1.882820 1.306731 -2.590000
v 2.131769 1.124019 2.590000
v 2.011520 0.951784 2.380000
v 2.011520 0.951784 -2.380000
v 2.131769 1.124018 -2.590000
v 2.391001 0.952000 2.590000
v 2.277988 0.774963 2.380000
v 2.277988 0.774963 -2.380000
v 2.391001 0.952000 -2.590000
v 2.569986 0.842155 2.590000
v 2.462357 0.661815 2.380000
v 2.462357 0.661815 -2.380000
v 2.569986 0.842155 -2.590000
v 2.757139 0.733574 2.590000
v 2.654171 0.550529 2.380000
v 2.654171 0.550529 -2.380000
v 2.757139 0.733574 -2.590000
v 2.952749 0.626938 2.590000
v 2.854845 0.441132 2.380000
v 2.854845 0.441132 -2.380000
v 2.952749 0.626937 -2.590000
v 3.157110 0.522926 2.590000
v 3.064651 0.334349 2.380000
v 3.064651 0.334349 -2.380000
v 3.157110 0.522926 -2.590000
v 3.370512 0.422220 2.590000
v 3.283859 0.230904 2.380000
v 3.283859 0.230904 -2.380000
v 3.370512 0.422220 -2.590000
v 3.593248 0.325500 2.590000
v 3.512732 0.131519 2.380000
v 3.512732 0.131519 -2.380000
v 3.593248 0.325500 -2.590000
v 3.825609 0.233447 2.590000
v 3.751535 0.036913 2.380000
v 3.751535 0.036913 -2.380000
v 3.825609 0.233447 -2.590000
v 4.067888 0.146741 2.590000
v 4.000528 -0.052196 2.380000
v 4.000528 -0.052196 -2.380000
v 4.067888 0.146741 -2.590000
v 4.320374 0.066063 2.590000
v 4.259966 -0.135095 2.380000
v 4.259966 -0.135095 -2.380000
v 4.320374 0.066062 -2.590000
v 4.583361 -0.007907 2.590000
v 4.530102 -0.211076 2.380000
v 4.530102 -0.211076 -2.380000
v 4.583361 -0.007908 -2.590000
v 4.857140 -0.074488 2.590000
v 4.811184 -0.279434 2.380000
v 4.811184 -0.279434 -2.380000
v 4.857140 -0.074489 -2.590000
v 5.142000 -0.133000 2.590000
v 5.240416 -0.367599 2.380000
v 5.240416 -0.367599 -2.380000
v 5.142000 -0.133000 -2.590000
v 5.513000 0.441000 2.590000
v 5.862646 0.595097 2.380000
v 5.862646 0.595097 -2.380000
v 5.513000 0.441000 -2.590000
v 5.213272 0.491454 2.590000
v 5.252132 0.697867 2.380000
v 5.252132 0.697867 -2.380000
v 5.213272 0.491454 -2.590000
v 4.926426 0.551218 2.590000
v 4.973192 0.755983 2.380000
v 4.973192 0.755983 -2.380000
v 4.926426 0.551218 -2.590000
v 4.652220 0.619391 2.590000
v 4.706732 0.822231 2.380000
v 4.706732 0.822231 -2.380000
v 4.652220 0.619391 -2.590000
v 4.390408 0.695074 2.590000
v 4.452457 0.895735 2.380000
v 4.452457 0.895735 -2.380000
v 4.390408 0.695074 -2.590000
v 4.140749 0.777369 2.590000
v 4.210093 0.975626 2.380000
v 4.210093 0.975625 -2.380000
v 4.140749 0.777369 -2.590000
v 3.903000 0.865375 2.590000
v 3.979351 1.061038 2.380000
v 3.979351 1.061038 -2.380000
v 3.903000 0.865375 -2.590000
v 3.676918 0.958194 2.590000
v 3.759958 1.151111 2.380000
v 3.759958 1.151110 -2.380000
v 3.676918 0.958194 -2.590000
v 3.462261 1.054926 2.590000
v 3.551640 1.244986 2.380000
v 3.551640 1.244986 -2.380000
v 3.462261 1.054926 -2.590000
v 3.258783 1.154672 2.590000
v 3.354124 1.341810 2.380000
v 3.354124 1.341810 -2.380000
v 3.258783 1.154672 -2.590000
v 3.066242 1.256533 2.590000
v 3.167141 1.440730 2.380000
v 3.167141 1.440729 -2.380000
v 3.066242 1.256532 -2.590000
v 2.884396 1.359608 2.590000
v 2.990429 1.540896 2.380000
v 2.990429 1.540895 -2.380000
v 2.884396 1.359608 -2.590000
v 2.713001 1.463000 2.590000
v 2.825634 1.640306 2.380000
v 2.825634 1.640306 -2.380000
v 2.713001 1.463000 -2.590000
v -8.410637 4.568277 2.590000
v -8.382492 4.776860 2.380000
v -8.382492 4.776860 -2.380000
v -8.410637 4.568277 -2.590000
v -8.471676 4.580722 2.590000
v -8.416119 4.783715 2.380000
v -8.416119 4.783715 -2.380000
v -8.471676 4.580722 -2.590000
v -8.529549 4.600750 2.590000
v -8.447983 4.794742 2.380000
v -8.447983 4.794742 -2.380000
v -8.529549 4.600750 -2.590000
v -8.583706 4.627778 2.590000
v -8.477909 4.809679 2.380000
v -8.477909 4.809679 -2.380000
v -8.583706 4.627778 -2.590000
v -8.633583 4.661222 2.590000
v -8.505589 4.828235 2.380000
v -8.505589 4.828235 -2.380000
v -8.633583 4.661222 -2.590000
v -8.678627 4.700500 2.590000
v -8.530609 4.850055 2.380000
v -8.530609 4.850055 -2.380000
v -8.678627 4.700500 -2.590000
v -8.718273 4.745028 2.590000
v -8.552555 4.874705 2.380000
v -8.552555 4.874705 -2.380000
v -8.718273 4.745028 -2.590000
v -8.751965 4.794223 2.590000
v -8.571053 4.901711 2.380000
v -8.571053 4.901711 -2.380000
v -8.751965 4.794223 -2.590000
v -8.779140 4.847500 2.590000
v -8.585796 4.930616 2.380000
v -8.585796 4.930616 -2.380000
v -8.779140 4.847500 -2.590000
v -8.799244 4.904278 2.590000
v -8.596573 4.961057 2.380000
v -8.596573 4.961057 -2.380000
v -8.799244 4.904278 -2.590000
v -8.811718 4.963973 2.590000
v -8.603210 4.992816 2.380000
v -8.603210 4.992816 -2.380000
v -8.811718 4.963973 -2.590000
v -8.816002 5.026000 2.590000
v -8.605515 5.026183 2.380000
v -8.605515 5.026183 -2.380000
v -8.816002 5.026000 -2.590000
v -8.811718 5.089637 2.590000
v -8.603142 5.061436 2.380000
v -8.603142 5.061436 -2.380000
v -8.811718 5.089637 -2.590000
v -8.799244 5.150672 2.590000
v -8.596294 5.094949 2.380000
v -8.596294 5.094949 -2.380000
v -8.799244 5.150672 -2.590000
v -8.779140 5.208548 2.590000
v -8.585281 5.126650 2.380000
v -8.585281 5.126650 -2.380000
v -8.779140 5.208548 -2.590000
v -8.751965 5.262704 2.590000
v -8.570354 5.156395 2.380000
v -8.570354 5.156395 -2.380000
v -8.751965 5.262704 -2.590000
v -8.718273 5.312583 2.590000
v -8.551769 5.183910 2.380000
v -8.551769 5.183910 -2.380000
v -8.718273 5.312583 -2.590000
v -8.678627 5.357625 2.590000
v -8.529831 5.208833 2.380000
v -8.529831 5.208833 -2.380000
v -8.678627 5.357625 -2.590000
v -8.633583 5.397272 2.590000
v -8.504910 5.230768 2.380000
v -8.504910 5.230768 -2.380000
v -8.633583 5.397272 -2.590000
v -8.583706 5.430964 2.590000
v -8.477394 5.249354 2.380000
v -8.477394 5.249354 -2.380000
v -8.583706 5.430964 -2.590000
v -8.529549 5.458141 2.590000
v -8.447647 5.264281 2.380000
v -8.447647 5.264281 -2.380000
v -8.529549 5.458141 -2.590000
v -8.471676 5.478246 2.590000
v -8.415951 5.275293 2.380000
v -8.415951 5.275293 -2.380000
v -8.471676 5.478246 -2.590000
v -8.410637 5.490718 2.590000
v -8.382439 5.282141 2.380000
v -8.382439 5.282141 -2.380000
v -8.410637 5.490718 -2.590000
v -8.347000 5.495000 2.590000
v -8.347187 5.284513 2.380000
v -8.347187 5.284513 -2.380000
v -8.347000 5.495000 -2.590000
v -8.284973 5.490718 2.590000
v -8.313812 5.282209 2.380000
v -8.313812 5.282209 -2.380000
v -8.284973 5.490718 -2.590000
v -8.225277 5.478245 2.590000
v -8.282059 5.275574 2.380000
v -8.282059 5.275574 -2.380000
v -8.225277 5.478245 -2.590000
v -8.168499 5.458140 2.590000
v -8.251617 5.264796 2.380000
v -8.251617 5.264796 -2.380000
v -8.168499 5.458140 -2.590000
v -8.115219 5.430963 2.590000
v -8.222710 5.250049 2.380000
v -8.222710 5.250049 -2.380000
v -8.115219 5.430963 -2.590000
v -8.066029 5.397271 2.590000
v -8.195702 5.231555 2.380000
v -8.195702 5.231555 -2.380000
v -8.066029 5.397271 -2.590000
v -8.021500 5.357625 2.590000
v -8.171059 5.209609 2.380000
v -8.171059 5.209609 -2.380000
v -8.021500 5.357625 -2.590000
v -7.982224 5.312583 2.590000
v -8.149239 5.184587 2.380000
v -8.149239 5.184587 -2.380000
v -7.982224 5.312583 -2.590000
v -7.948778 5.262704 2.590000
v -8.130684 5.156910 2.380000
v -8.130684 5.156910 -2.380000
v -7.948778 5.262704 -2.590000
v -7.921753 5.208547 2.590000
v -8.115746 5.126982 2.380000
v -8.115746 5.126982 -2.380000
v -7.921753 5.208547 -2.590000
v -7.901726 5.150671 2.590000
v -8.104721 5.095119 2.380000
v -8.104721 5.095119 -2.380000
v -7.901726 5.150671 -2.590000
v -7.889282 5.089636 2.590000
v -8.097862 5.061490 2.380000
v -8.097862 5.061490 -2.380000
v -7.889282 5.089636 -2.590000
v -7.885002 5.026000 2.590000
v -8.095490 5.026188 2.380000
v -8.095490 5.026188 -2.380000
v -7.885002 5.026000 -2.590000
v -7.889284 4.963973 2.590000
v -8.097797 4.992766 2.380000
v -8.097797 4.992766 -2.380000
v -7.889284 4.963973 -2.590000
v -7.901728 4.904279 2.590000
v -8.104443 4.960886 2.380000
v -8.104443 4.960886 -2.380000
v -7.901728 4.904279 -2.590000
v -7.921755 4.847501 2.590000
v -8.115238 4.930282 2.380000
v -8.115238 4.930282 -2.380000
v -7.921755 4.847501 -2.590000
v -7.948782 4.794223 2.590000
v -8.129990 4.901194 2.380000
v -8.129990 4.901194 -2.380000
v -7.948782 4.794223 -2.590000
v -7.982227 4.745028 2.590000
v -8.148460 4.874029 2.380000
v -8.148460 4.874029 -2.380000
v -7.982227 4.745028 -2.590000
v -8.021503 4.700500 2.590000
v -8.170288 4.849282 2.380000
v -8.170288 4.849282 -2.380000
v -8.021503 4.700500 -2.590000
v -8.066032 4.661223 2.590000
v -8.195034 4.827455 2.380000
v -8.195034 4.827455 -2.380000
v -8.066032 4.661223 -2.590000
v -8.115223 4.627778 2.590000
v -8.222195 4.808988 2.380000
v -8.222195 4.808988 -2.380000
v -8.115223 4.627778 -2.590000
v -8.168503 4.600750 2.590000
v -8.251286 4.794231 2.380000
v -8.251286 4.794231 -2.380000
v -8.168503 4.600750 -2.590000
v -8.225281 4.580722 2.590000
v -8.281891 4.783436 2.380000
v -8.281891 4.783436 -2.380000
v -8.225281 4.580722 -2.590000
v -8.284973 4.568278 2.590000
v -8.313759 4.776792 2.380000
v -8.313759 4.776792 -2.380000
v -8.284973 4.568278 -2.590000
v -8.347000 4.564000 2.590000
v -8.347187 4.774487 2.380000
v -8.347187 4.774487 -2.380000
v -8.347000 4.564000 -2.590000
v -8.453735 5.809725 2.590000
v -8.482243 6.018269 2.380000
v -8.482243 6.018269 -2.380000
v -8.453735 5.809725 -2.590000
v -8.556290 5.788547 2.590000
v -8.612480 5.991374 2.380000
v -8.612480 5.991374 -2.380000
v -8.556290 5.788547 -2.590000
v -8.653687 5.754438 2.590000
v -8.736053 5.948098 2.380000
v -8.736053 5.948098 -2.380000
v -8.653687 5.754438 -2.590000
v -8.744961 5.708371 2.590000
v -8.851620 5.889770 2.380000
v -8.851620 5.889770 -2.380000
v -8.744961 5.708371 -2.590000
v -8.829140 5.651318 2.590000
v -8.957985 5.817680 2.380000
v -8.957985 5.817680 -2.380000
v -8.829140 5.651318 -2.590000
v -8.905251 5.584250 2.590000
v -9.054039 5.733039 2.380000
v -9.054039 5.733039 -2.380000
v -8.905251 5.584250 -2.590000
v -8.972317 5.508142 2.590000
v -9.138680 5.636988 2.380000
v -9.138680 5.636988 -2.380000
v -8.972317 5.508142 -2.590000
v -9.029369 5.423964 2.590000
v -9.210770 5.530621 2.380000
v -9.210770 5.530621 -2.380000
v -9.029369 5.423964 -2.590000
v -9.075436 5.332688 2.590000
v -9.269100 5.415052 2.380000
v -9.269100 5.415052 -2.380000
v -9.075436 5.332688 -2.590000
v -9.109547 5.235288 2.590000
v -9.312374 5.291477 2.380000
v -9.312374 5.291477 -2.380000
v -9.109547 5.235288 -2.590000
v -9.130726 5.132734 2.590000
v -9.339268 5.161243 2.380000
v -9.339268 5.161243 -2.380000
v -9.130726 5.132734 -2.590000
v -9.138000 5.026000 2.590000
v -9.348492 5.025991 2.380000
v -9.348492 5.025991 -2.380000
v -9.138000 5.026000 -2.590000
v -9.130726 4.919404 2.590000
v -9.339260 4.890809 2.380000
v -9.339260 4.890809 -2.380000
v -9.130726 4.919404 -2.590000
v -9.109547 4.817232 2.590000
v -9.312309 4.760778 2.380000
v -9.312309 4.760778 -2.380000
v -9.109547 4.817232 -2.590000
v -9.075436 4.720407 2.590000
v -9.268898 4.637551 2.380000
v -9.268898 4.637551 -2.380000
v -9.075436 4.720407 -2.590000
v -9.029369 4.629852 2.590000
v -9.210365 4.522489 2.380000
v -9.210365 4.522489 -2.380000
v -9.029369 4.629852 -2.590000
v -8.972317 4.546492 2.590000
v -9.138023 4.416792 2.380000
v -9.138023 4.416792 -2.380000
v -8.972317 4.546492 -2.590000
v -8.905251 4.471250 2.590000
v -9.053135 4.321557 2.380000
v -9.053135 4.321557 -2.380000
v -8.905251 4.471250 -2.590000
v -8.829140 4.405049 2.590000
v -8.956890 4.237843 2.380000
v -8.956890 4.237843 -2.380000
v -8.829140 4.405049 -2.590000
v -8.744961 4.348814 2.590000
v -8.850437 4.166728 2.380000
v -8.850437 4.166728 -2.380000
v -8.744961 4.348814 -2.590000
v -8.653687 4.303468 2.590000
v -8.734928 4.109341 2.380000
v -8.734928 4.109341 -2.380000
v -8.653687 4.303468 -2.590000
v -8.556290 4.269935 2.590000
v -8.611576 4.066873 2.380000
v -8.611576 4.066873 -2.380000
v -8.556290 4.269935 -2.590000
v -8.453735 4.249138 2.590000
v -8.481735 4.040541 2.380000
v -8.481735 4.040541 -2.380000
v -8.453735 4.249138 -2.590000
v -8.347000 4.242000 2.590000
v -8.352669 4.031910 2.380000
v -8.352669 4.031910 -2.380000
v -8.347000 4.242000 -2.590000
v -8.324257 4.242291 2.590000
v -8.318871 4.032344 2.380000
v -8.318871 4.032344 -2.380000
v -8.324257 4.242291 -2.590000
v -8.301537 4.243166 2.590000
v -8.290756 4.033426 2.380000
v -8.290756 4.033426 -2.380000
v -8.301537 4.243166 -2.590000
v -8.278862 4.244625 2.590000
v -8.262672 4.035232 2.380000
v -8.262672 4.035232 -2.380000
v -8.278862 4.244625 -2.590000
v -8.256264 4.246666 2.590000
v -8.234646 4.037764 2.380000
v -8.234646 4.037764 -2.380000
v -8.256264 4.246666 -2.590000
v -8.233757 4.249291 2.590000
v -8.206684 4.041026 2.380000
v -8.206684 4.041026 -2.380000
v -8.233757 4.249291 -2.590000
v -8.211380 4.252500 2.590000
v -8.178822 4.045021 2.380000
v -8.178822 4.045021 -2.380000
v -8.211380 4.252500 -2.590000
v -8.189140 4.256292 2.590000
v -8.151062 4.049754 2.380000
v -8.151062 4.049754 -2.380000
v -8.189140 4.256292 -2.590000
v -8.167076 4.260667 2.590000
v -8.123428 4.055233 2.380000
v -8.123428 4.055233 -2.380000
v -8.167076 4.260667 -2.590000
v -8.145206 4.265625 2.590000
v -8.095943 4.061464 2.380000
v -8.095943 4.061464 -2.380000
v -8.145206 4.265625 -2.590000
v -8.123550 4.271167 2.590000
v -8.068626 4.068456 2.380000
v -8.068626 4.068456 -2.380000
v -8.123550 4.271167 -2.590000
v -8.102142 4.277292 2.590000
v -8.041496 4.076218 2.380000
v -8.041496 4.076218 -2.380000
v -8.102142 4.277292 -2.590000
v -8.081001 4.284000 2.590000
v -8.244923 4.011672 2.380000
v -8.244923 4.011672 -2.380000
v -8.081001 4.284000 -2.590000
v -8.066998 4.207000 2.590000
v -8.273041 4.166299 2.380000
v -8.273041 4.166299 -2.380000
v -8.066998 4.207000 -2.590000
v -8.026157 4.015545 2.590000
v -8.230995 3.969197 2.380000
v -8.230995 3.969197 -2.380000
v -8.026157 4.015545 -2.590000
v -7.977100 3.810528 2.590000
v -8.180729 3.759131 2.380000
v -8.180729 3.759131 -2.380000
v -7.977100 3.810528 -2.590000
v -7.919779 3.594719 2.590000
v -8.122051 3.538211 2.380000
v -8.122051 3.538211 -2.380000
v -7.919779 3.594719 -2.590000
v -7.854147 3.370889 2.590000
v -8.054859 3.309059 2.380000
v -8.054859 3.309059 -2.380000
v -7.854147 3.370889 -2.590000
v -7.780153 3.141809 2.590000
v -7.979036 3.074317 2.380000
v -7.979036 3.074317 -2.380000
v -7.780153 3.141809 -2.590000
v -7.697748 2.910250 2.590000
v -7.894451 2.836631 2.380000
v -7.894451 2.836631 -2.380000
v -7.697748 2.910250 -2.590000
v -7.606884 2.678983 2.590000
v -7.800945 2.598641 2.380000
v -7.800945 2.598641 -2.380000
v -7.606884 2.678983 -2.590000
v -7.507517 2.450778 2.590000
v -7.698330 2.362976 2.380000
v -7.698330 2.362976 -2.380000
v -7.507517 2.450778 -2.590000
v -7.399593 2.228406 2.590000
v -7.586353 2.132252 2.380000
v -7.586353 2.132252 -2.380000
v -7.399593 2.228406 -2.590000
v -7.283066 2.014639 2.590000
v -7.464691 1.909071 2.380000
v -7.464691 1.909071 -2.380000
v -7.283066 2.014639 -2.590000
v -7.157883 1.812247 2.590000
v -7.332930 1.696038 2.380000
v -7.332930 1.696038 -2.380000
v -7.157883 1.812246 -2.590000
v -7.024002 1.624000 2.590000
v -7.191231 1.496800 2.380000
v -7.191231 1.496799 -2.380000
v -7.024002 1.624000 -2.590000
v -6.860516 1.422799 2.590000
v -7.020527 1.286716 2.380000
v -7.020527 1.286715 -2.380000
v -6.860516 1.422798 -2.590000
v -6.687965 1.228889 2.590000
v -6.841503 1.085531 2.380000
v -6.841503 1.085531 -2.380000
v -6.687965 1.228889 -2.590000
v -6.505451 1.042563 2.590000
v -6.651764 0.891827 2.380000
v -6.651764 0.891827 -2.380000
v -6.505451 1.042562 -2.590000
v -6.312073 0.864111 2.590000
v -6.450439 0.706046 2.380000
v -6.450439 0.706045 -2.380000
v -6.312073 0.864111 -2.590000
v -6.106930 0.693826 2.590000
v -6.236710 0.528632 2.380000
v -6.236710 0.528632 -2.380000
v -6.106930 0.693826 -2.590000
v -5.889126 0.532000 2.590000
v -6.009773 0.360021 2.380000
v -6.009773 0.360020 -2.380000
v -5.889126 0.532000 -2.590000
v -5.657759 0.378924 2.590000
v -5.768860 0.200628 2.380000
v -5.768860 0.200627 -2.380000
v -5.657759 0.378923 -2.590000
v -5.411928 0.234889 2.590000
v -5.513208 0.050840 2.380000
v -5.513208 0.050840 -2.380000
v -5.411928 0.234889 -2.590000
v -5.150738 0.100188 2.590000
v -5.242081 -0.088987 2.380000
v -5.242081 -0.088987 -2.380000
v -5.150738 0.100187 -2.590000
v -4.873283 -0.024889 2.590000
v -4.954716 -0.218532 2.380000
v -4.954716 -0.218532 -2.380000
v -4.873283 -0.024889 -2.590000
v -4.578671 -0.140049 2.590000
v -4.650352 -0.337502 2.380000
v -4.650352 -0.337503 -2.380000
v -4.578671 -0.140049 -2.590000
v -4.266001 -0.245000 2.590000
v -4.202656 -0.487777 2.380000
v -4.202656 -0.487777 -2.380000
v -4.266001 -0.245000 -2.590000
v -3.790001 0.280000 2.590000
v -3.404438 0.392608 2.380000
v -3.404438 0.392608 -2.380000
v -3.790001 0.280000 -2.590000
v -4.117897 0.369335 2.590000
v -4.057665 0.570580 2.380000
v -4.057665 0.570580 -2.380000
v -4.117897 0.369335 -2.590000
v -4.423405 0.469097 2.590000
v -4.352932 0.666998 2.380000
v -4.352932 0.666998 -2.380000
v -4.423405 0.469097 -2.590000
v -4.707767 0.578922 2.590000
v -4.626629 0.772704 2.380000
v -4.626629 0.772704 -2.380000
v -4.707767 0.578922 -2.590000
v -4.972221 0.698445 2.590000
v -4.880146 0.887282 2.380000
v -4.880146 0.887282 -2.380000
v -4.972221 0.698444 -2.590000
v -5.218012 0.827301 2.590000
v -5.114908 1.010358 2.380000
v -5.114908 1.010358 -2.380000
v -5.218012 0.827300 -2.590000
v -5.446375 0.965125 2.590000
v -5.332375 1.141604 2.380000
v -5.332375 1.141604 -2.380000
v -5.446375 0.965125 -2.590000
v -5.658550 1.111554 2.590000
v -5.534000 1.280753 2.380000
v -5.534000 1.280753 -2.380000
v -5.658550 1.111554 -2.590000
v -5.855778 1.266222 2.590000
v -5.721245 1.427592 2.380000
v -5.721245 1.427592 -2.380000
v -5.855778 1.266222 -2.590000
v -6.039295 1.428766 2.590000
v -5.895531 1.581958 2.380000
v -5.895531 1.581958 -2.380000
v -6.039295 1.428765 -2.590000
v -6.210348 1.598819 2.590000
v -6.058235 1.743714 2.380000
v -6.058235 1.743714 -2.380000
v -6.210348 1.598819 -2.590000
v -6.370167 1.776019 2.590000
v -6.210678 1.912735 2.380000
v -6.210678 1.912735 -2.380000
v -6.370167 1.776019 -2.590000
v -6.520000 1.960000 2.590000
v -6.353558 2.088180 2.380000
v -6.353558 2.088180 -2.380000
v -6.520000 1.960000 -2.590000
v -6.640709 2.125881 2.590000
v -6.467152 2.244286 2.380000
v -6.467152 2.244286 -2.380000
v -6.640709 2.125881 -2.590000
v -6.754175 2.303551 2.590000
v -6.574175 2.411863 2.380000
v -6.574175 2.411863 -2.380000
v -6.754175 2.303551 -2.590000
v -6.860155 2.490797 2.590000
v -6.674942 2.589894 2.380000
v -6.674942 2.589894 -2.380000
v -6.860155 2.490797 -2.590000
v -6.958405 2.685408 2.590000
v -6.768902 2.776013 2.380000
v -6.768902 2.776013 -2.380000
v -6.958405 2.685408 -2.590000
v -7.048685 2.885171 2.590000
v -6.855598 2.967848 2.380000
v -6.855598 2.967848 -2.380000
v -7.048685 2.885171 -2.590000
v -7.130749 3.087875 2.590000
v -6.934616 3.163029 2.380000
v -6.934616 3.163029 -2.380000
v -7.130749 3.087875 -2.590000
v -7.204355 3.291309 2.590000
v -7.005589 3.359183 2.380000
v -7.005589 3.359183 -2.380000
v -7.204355 3.291309 -2.590000
v -7.269260 3.493260 2.590000
v -7.068180 3.553929 2.380000
v -7.068180 3.553929 -2.380000
v -7.269260 3.493260 -2.590000
v -7.325220 3.691516 2.590000
v -7.122074 3.744866 2.380000
v -7.122074 3.744866 -2.380000
v -7.325220 3.691516 -2.590000
v -7.371994 3.883866 2.590000
v -7.166981 3.929550 2.380000
v -7.166981 3.929550 -2.380000
v -7.371994 3.883866 -2.590000
v -7.409334 4.068098 2.590000
v -7.202637 4.105470 2.380000
v -7.202637 4.105470 -2.380000
v -7.409334 4.068098 -2.590000
v -7.437000 4.242000 2.590000
v -7.190950 4.032000 2.380000
v -7.190950 4.032000 -2.380000
v -7.437000 4.242000 -2.590000
v -7.288950 4.242000 2.590000
v -7.288950 4.032000 2.380000
v -7.288950 4.032000 -2.380000
v -7.288950 4.242000 -2.590000
v -7.058771 4.242000 2.590000
v -7.058771 4.032000 2.380000
v -7.058771 4.032000 -2.380000
v -7.058771 4.242000 -2.590000
v -6.762920 4.242000 2.590000
v -6.762920 4.032000 2.380000
v -6.762920 4.032000 -2.380000
v -6.762920 4.242000 -2.590000
v -6.417849 4.242000 2.590000
v -6.417849 4.032000 2.380000
v -6.417849 4.032000 -2.380000
v -6.417849 4.242000 -2.590000
v -6.040016 4.242000 2.590000
v -6.040016 4.032000 2.380000
v -6.040016 4.032000 -2.380000
v -6.040016 4.242000 -2.590000
v -5.645872 4.242000 2.590000
v -5.645872 4.032000 2.380000
v -5.645872 4.032000 -2.380000
v -5.645872 4.242000 -2.590000
v -5.251875 4.242000 2.590000
v -5.251875 4.032000 2.380000
v -5.251875 4.032000 -2.380000
v -5.251875 4.242000 -2.590000
v -4.874479 4.242000 2.590000
v -4.874479 4.032000 2.380000
v -4.874479 4.032000 -2.380000
v -4.874479 4.242000 -2.590000
v -4.530140 4.242000 2.590000
v -4.530140 4.032000 2.380000
v -4.530140 4.032000 -2.380000
v -4.530140 4.242000 -2.590000
v -4.235310 4.242000 2.590000
v -4.235310 4.032000 2.380000
v -4.235310 4.032000 -2.380000
v -4.235310 4.242000 -2.590000
v -4.006445 4.242000 2.590000
v -4.006445 4.032000 2.380000
v -4.006445 4.032000 -2.380000
v -4.006445 4.242000 -2.590000
v -3.860001 4.242000 2.590000
v -3.860424 4.032000 2.380000
v -3.860424 4.032000 -2.380000
v -3.860001 4.242000 -2.590000
v -3.790882 4.241721 2.590000
v -3.792538 4.031725 2.380000
v -3.792538 4.031725 -2.380000
v -3.790882 4.241721 -2.590000
v -3.723564 4.240931 2.590000
v -3.726765 4.030954 2.380000
v -3.726765 4.030954 -2.380000
v -3.723564 4.240931 -2.590000
v -3.658092 4.239703 2.590000
v -3.662691 4.029753 2.380000
v -3.662691 4.029753 -2.380000
v -3.658092 4.239703 -2.590000
v -3.594519 4.238111 2.590000
v -3.600355 4.028192 2.380000
v -3.600355 4.028192 -2.380000
v -3.594519 4.238111 -2.590000
v -3.532888 4.236227 2.590000
v -3.539795 4.026340 2.380000
v -3.539795 4.026340 -2.380000
v -3.532888 4.236227 -2.590000
v -3.473251 4.234125 2.590000
v -3.481045 4.024269 2.380000
v -3.481045 4.024269 -2.380000
v -3.473251 4.234125 -2.590000
v -3.415653 4.231877 2.590000
v -3.424135 4.022048 2.380000
v -3.424135 4.022048 -2.380000
v -3.415653 4.231877 -2.590000
v -3.360149 4.229556 2.590000
v -3.369099 4.019747 2.380000
v -3.369099 4.019747 -2.380000
v -3.360149 4.229556 -2.590000
v -3.306782 4.227235 2.590000
v -3.315952 4.017435 2.380000
v -3.315952 4.017435 -2.380000
v -3.306782 4.227235 -2.590000
v -3.255602 4.224987 2.590000
v -3.264717 4.015184 2.380000
v -3.264717 4.015184 -2.380000
v -3.255602 4.224987 -2.590000
v -3.206659 4.222884 2.590000
v -3.215401 4.013066 2.380000
v -3.215401 4.013066 -2.380000
v -3.206659 4.222884 -2.590000
v -3.160000 4.221000 2.590000
v -2.950001 4.002350 2.380000
v -2.950001 4.002350 -2.380000
v -3.160000 4.221000 -2.590000
v -3.160000 4.844000 2.590000
v -2.950001 5.084367 2.380000
v -2.950001 5.084367 -2.380000
v -3.160000 4.844000 -2.590000
v -3.210537 4.837154 2.590000
v -3.237347 5.045441 2.380000
v -3.237347 5.045441 -2.380000
v -3.210537 4.837154 -2.590000
v -3.263866 4.830648 2.590000
v -3.288042 5.039256 2.380000
v -3.288042 5.039256 -2.380000
v -3.263866 4.830648 -2.590000
v -3.319578 4.824532 2.590000
v -3.341328 5.033405 2.380000
v -3.341328 5.033405 -2.380000
v -3.319578 4.824532 -2.590000
v -3.377260 4.818852 2.590000
v -3.396721 5.027951 2.380000
v -3.396721 5.027951 -2.380000
v -3.377260 4.818852 -2.590000
v -3.436497 4.813659 2.590000
v -3.453747 5.022952 2.380000
v -3.453747 5.022952 -2.380000
v -3.436497 4.813659 -2.590000
v -3.496876 4.809000 2.590000
v -3.511940 5.018462 2.380000
v -3.511940 5.018462 -2.380000
v -3.496876 4.809000 -2.590000
v -3.557983 4.804925 2.590000
v -3.570848 5.014534 2.380000
v -3.570848 5.014534 -2.380000
v -3.557983 4.804925 -2.590000
v -3.619410 4.801482 2.590000
v -3.630013 5.011217 2.380000
v -3.630013 5.011217 -2.380000
v -3.619410 4.801482 -2.590000
v -3.680735 4.798719 2.590000
v -3.688971 5.008561 2.380000
v -3.688971 5.008561 -2.380000
v -3.680735 4.798719 -2.590000
v -3.741550 4.796686 2.590000
v -3.747263 5.006612 2.380000
v -3.747263 5.006612 -2.380000
v -3.741550 4.796686 -2.590000
v -3.801445 4.795430 2.590000
v -3.804415 5.005414 2.380000
v -3.804415 5.005414 -2.380000
v -3.801445 4.795430 -2.590000
v -3.860001 4.795001 2.590000
v -3.860769 5.005001 2.380000
v -3.860769 5.005001 -2.380000
v -3.860001 4.795001 -2.590000
v -4.006813 4.795001 2.590000
v -4.006813 5.005000 2.380000
v -4.006813 5.005000 -2.380000
v -4.006813 4.795001 -2.590000
v -4.236481 4.795001 2.590000
v -4.236481 5.005000 2.380000
v -4.236481 5.005000 -2.380000
v -4.236481 4.795001 -2.590000
v -4.532112 4.795001 2.590000
v -4.532112 5.005000 2.380000
v -4.532112 5.005000 -2.380000
v -4.532112 4.795001 -2.590000
v -4.876816 4.795001 2.590000
v -4.876816 5.005000 2.380000
v -4.876816 5.005000 -2.380000
v -4.876816 4.795001 -2.590000
v -5.253700 4.795001 2.590000
v -5.253700 5.005000 2.380000
v -5.253700 5.005000 -2.380000
v -5.253700 4.795001 -2.590000
v -5.645876 4.795001 2.590000
v -5.645876 5.005000 2.380000
v -5.645876 5.005000 -2.380000
v -5.645876 4.795001 -2.590000
v -6.036446 4.795001 2.590000
v -6.036446 5.005000 2.380000
v -6.036446 5.005000 -2.380000
v -6.036446 4.795001 -2.590000
v -6.408520 4.795001 2.590000
v -6.408520 5.005000 2.380000
v -6.408520 5.005000 -2.380000
v -6.408520 4.795001 -2.590000
v -6.745203 4.795001 2.590000
v -6.745203 5.005000 2.380000
v -6.745203 5.005000 -2.380000
v -6.745203 4.795001 -2.590000
v -7.029606 4.795001 2.590000
v -7.029606 5.005000 2.380000
v -7.029606 5.005000 -2.380000
v -7.029606 4.795001 -2.590000
v -7.244835 4.795001 2.590000
v -7.244835 5.005000 2.380000
v -7.244835 5.005000 -2.380000
v -7.244835 4.795001 -2.590000
v -7.373999 4.795001 2.590000
v -7.370718 5.005000 2.380000
v -7.370718 5.005000 -2.380000
v -7.373999 4.795001 -2.590000
v -7.598000 4.802001 2.590000
v -7.321161 5.003452 2.380000
v -7.321161 5.003452 -2.380000
v -7.598000 4.802001 -2.590000
v -7.592899 4.819643 2.590000
v -7.390564 4.763382 2.380000
v -7.390564 4.763382 -2.380000
v -7.592899 4.819643 -2.590000
v -7.588116 4.837552 2.590000
v -7.384661 4.785491 2.380000
v -7.384661 4.785491 -2.380000
v -7.588116 4.837552 -2.590000
v -7.583673 4.855704 2.590000
v -7.379156 4.807978 2.380000
v -7.379156 4.807978 -2.380000
v -7.583673 4.855704 -2.590000
v -7.579594 4.874075 2.590000
v -7.374083 4.830832 2.380000
v -7.374083 4.830832 -2.380000
v -7.579594 4.874075 -2.590000
v -7.575903 4.892640 2.590000
v -7.369463 4.854061 2.380000
v -7.369463 4.854061 -2.380000
v -7.575903 4.892640 -2.590000
v -7.572624 4.911376 2.590000
v -7.365334 4.877655 2.380000
v -7.365334 4.877655 -2.380000
v -7.572624 4.911376 -2.590000
v -7.569784 4.930257 2.590000
v -7.361732 4.901602 2.380000
v -7.361732 4.901602 -2.380000
v -7.569784 4.930257 -2.590000
v -7.567408 4.949260 2.590000
v -7.358698 4.925872 2.380000
v -7.358698 4.925872 -2.380000
v -7.567408 4.949260 -2.590000
v -7.565516 4.968360 2.590000
v -7.356262 4.950455 2.380000
v -7.356262 4.950455 -2.380000
v -7.565516 4.968360 -2.590000
v -7.564133 4.987533 2.590000
v -7.354465 4.975356 2.380000
v -7.354465 4.975356 -2.380000
v -7.564133 4.987533 -2.590000
v -7.563286 5.006754 2.590000
v -7.353355 5.000560 2.380000
v -7.353355 5.000560 -2.380000
v -7.563286 5.006754 -2.590000
v -7.563000 5.026000 2.590000
v -7.352894 5.031452 2.380000
v -7.352894 5.031452 -2.380000
v -7.563000 5.026000 -2.590000
v -7.570139 5.132734 2.590000
v -7.361542 5.160736 2.380000
v -7.361542 5.160736 -2.380000
v -7.570139 5.132734 -2.590000
v -7.590937 5.235288 2.590000
v -7.387875 5.290576 2.380000
v -7.387875 5.290576 -2.380000
v -7.590937 5.235288 -2.590000
v -7.624470 5.332688 2.590000
v -7.430340 5.413924 2.380000
v -7.430340 5.413924 -2.380000
v -7.624470 5.332688 -2.590000
v -7.669813 5.423964 2.590000
v -7.487726 5.529438 2.380000
v -7.487726 5.529438 -2.380000
v -7.669813 5.423964 -2.590000
v -7.726049 5.508142 2.590000
v -7.558844 5.635893 2.380000
v -7.558844 5.635893 -2.380000
v -7.726049 5.508142 -2.590000
v -7.792250 5.584250 2.590000
v -7.642557 5.732137 2.380000
v -7.642557 5.732137 -2.380000
v -7.792250 5.584250 -2.590000
v -7.867493 5.651318 2.590000
v -7.737793 5.817024 2.380000
v -7.737793 5.817024 -2.380000
v -7.867493 5.651318 -2.590000
v -7.950851 5.708371 2.590000
v -7.843489 5.889365 2.380000
v -7.843489 5.889365 -2.380000
v -7.950851 5.708371 -2.590000
v -8.041409 5.754438 2.590000
v -7.958551 5.947899 2.380000
v -7.958551 5.947899 -2.380000
v -8.041409 5.754438 -2.590000
v -8.138233 5.788547 2.590000
v -8.081779 5.991309 2.380000
v -8.081779 5.991309 -2.380000
v -8.138233 5.788547 -2.590000
v -8.240402 5.809725 2.590000
v -8.211811 6.018262 2.380000
v -8.211811 6.018262 -2.380000
v -8.240402 5.809725 -2.590000
v -8.347000 5.817000 2.590000
v -8.346992 6.027488 2.380000
v -8.346992 6.027488 -2.380000
v -8.347000 5.817000 -2.590000
v -13.058002 2.856000 2.590000
v -13.053211 3.121100 2.380000
v -13.053211 3.121100 -2.380000
v -13.058002 2.856000 -2.590000
v -13.129066 2.803241 2.590000
v -13.255299 2.971072 2.380000
v -13.255299 2.971072 -2.380000
v -13.129066 2.803241 -2.590000
v -13.211834 2.740176 2.590000
v -13.339909 2.906601 2.380000
v -13.339909 2.906601 -2.380000
v -13.211834 2.740176 -2.590000
v -13.304855 2.667875 2.590000
v -13.434387 2.833169 2.380000
v -13.434387 2.833169 -2.380000
v -13.304855 2.667875 -2.590000
v -13.406700 2.587407 2.590000
v -13.537472 2.751723 2.380000
v -13.537472 2.751723 -2.380000
v -13.406700 2.587407 -2.590000
v -13.515934 2.499843 2.590000
v -13.647823 2.663262 2.380000
v -13.647823 2.663262 -2.380000
v -13.515934 2.499843 -2.590000
v -13.631126 2.406250 2.590000
v -13.764076 2.568807 2.380000
v -13.764076 2.568807 -2.380000
v -13.631126 2.406250 -2.590000
v -13.750835 2.307699 2.590000
v -13.884834 2.469392 2.380000
v -13.884834 2.469392 -2.380000
v -13.750835 2.307699 -2.590000
v -13.873631 2.205259 2.590000
v -14.008701 2.366058 2.380000
v -14.008701 2.366058 -2.380000
v -13.873631 2.205259 -2.590000
v -13.998077 2.100000 2.590000
v -14.134277 2.259845 2.380000
v -14.134277 2.259845 -2.380000
v -13.998077 2.100000 -2.590000
v -14.122746 1.992991 2.590000
v -14.260162 2.151792 2.380000
v -14.260162 2.151792 -2.380000
v -14.122746 1.992991 -2.590000
v -14.246197 1.885301 2.590000
v -14.384949 2.042933 2.380000
v -14.384949 2.042933 -2.380000
v -14.246197 1.885301 -2.590000
v -14.367001 1.778000 2.590000
v -14.375526 2.051306 2.380000
v -14.375526 2.051306 -2.380000
v -14.367001 1.778000 -2.590000
v -14.619450 1.975515 2.590000
v -14.486679 2.138273 2.380000
v -14.486679 2.138273 -2.380000
v -14.619450 1.975515 -2.590000
v -14.861763 2.181537 2.590000
v -14.722721 2.338964 2.380000
v -14.722721 2.338964 -2.380000
v -14.861763 2.181537 -2.590000
v -15.093140 2.393781 2.590000
v -14.948463 2.546037 2.380000
v -14.948463 2.546037 -2.380000
v -15.093140 2.393781 -2.590000
v -15.312778 2.609963 2.590000
v -15.162983 2.757182 2.380000
v -15.162983 2.757182 -2.380000
v -15.312778 2.609963 -2.590000
v -15.519875 2.827797 2.590000
v -15.365379 2.970076 2.380000
v -15.365379 2.970076 -2.380000
v -15.519875 2.827797 -2.590000
v -15.713627 3.045000 2.590000
v -15.554760 3.182377 2.380000
v -15.554760 3.182377 -2.380000
v -15.713627 3.045000 -2.590000
v -15.893234 3.259286 2.590000
v -15.730232 3.391728 2.380000
v -15.730232 3.391728 -2.380000
v -15.893234 3.259286 -2.590000
v -16.057888 3.468370 2.590000
v -15.890900 3.595748 2.380000
v -15.890900 3.595748 -2.380000
v -16.057888 3.468370 -2.590000
v -16.206799 3.669968 2.590000
v -16.035870 3.792015 2.380000
v -16.035870 3.792015 -2.380000
v -16.206799 3.669968 -2.590000
v -16.339153 3.861796 2.590000
v -16.164227 3.978045 2.380000
v -16.164227 3.978045 -2.380000
v -16.339153 3.861796 -2.590000
v -16.454155 4.041568 2.590000
v -16.275021 4.151240 2.380000
v -16.275021 4.151240 -2.380000
v -16.454155 4.041568 -2.590000
v -16.551003 4.207000 2.590000
v -16.184727 3.997000 2.380000
v -16.184727 3.997000 -2.380000
v -16.551003 4.207000 -2.590000
v -16.346893 4.207000 2.590000
v -16.346893 3.997000 2.380000
v -16.346893 3.997000 -2.380000
v -16.346893 4.207000 -2.590000
v -16.057987 4.207000 2.590000
v -16.057987 3.997000 2.380000
v -16.057987 3.997000 -2.380000
v -16.057987 4.207000 -2.590000
v -15.702141 4.207000 2.590000
v -15.702141 3.997000 2.380000
v -15.702141 3.997000 -2.380000
v -15.702141 4.207000 -2.590000
v -15.297222 4.207000 2.590000
v -15.297222 3.997000 2.380000
v -15.297222 3.997000 -2.380000
v -15.297222 4.207000 -2.590000
v -14.861092 4.207000 2.590000
v -14.861092 3.997000 2.380000
v -14.861092 3.997000 -2.380000
v -14.861092 4.207000 -2.590000
v -14.411625 4.207000 2.590000
v -14.411625 3.997000 2.380000
v -14.411625 3.997000 -2.380000
v -14.411625 4.207000 -2.590000
v -13.966675 4.207000 2.590000
v -13.966675 3.997000 2.380000
v -13.966675 3.997000 -2.380000
v -13.966675 4.207000 -2.590000
v -13.544109 4.207000 2.590000
v -13.544109 3.997000 2.380000
v -13.544109 3.997000 -2.380000
v -13.544109 4.207000 -2.590000
v -13.161797 4.207000 2.590000
v -13.161797 3.997000 2.380000
v -13.161797 3.997000 -2.380000
v -13.161797 4.207000 -2.590000
v -12.837597 4.207000 2.590000
v -12.837597 3.997000 2.380000
v -12.837597 3.997000 -2.380000
v -12.837597 4.207000 -2.590000
v -12.589375 4.207000 2.590000
v -12.589375 3.997000 2.380000
v -12.589375 3.997000 -2.380000
v -12.589375 4.207000 -2.590000
v -12.434998 4.207000 2.590000
v -12.435852 3.997000 2.380000
v -12.435852 3.997000 -2.380000
v -12.434998 4.207000 -2.590000
v -12.366276 4.206441 2.590000
v -12.369526 3.996461 2.380000
v -12.369526 3.996461 -2.380000
v -12.366276 4.206441 -2.590000
v -12.297043 4.204861 2.590000
v -12.303169 3.994946 2.380000
v -12.303169 3.994946 -2.380000
v -12.297043 4.204861 -2.590000
v -12.227955 4.202406 2.590000
v -12.236572 3.992580 2.380000
v -12.236572 3.992580 -2.380000
v -12.227955 4.202406 -2.590000
v -12.159668 4.199223 2.590000
v -12.170471 3.989498 2.380000
v -12.170471 3.989498 -2.380000
v -12.159668 4.199223 -2.590000
v -12.092842 4.195455 2.590000
v -12.105560 3.985839 2.380000
v -12.105560 3.985839 -2.380000
v -12.092842 4.195455 -2.590000
v -12.028130 4.191250 2.590000
v -12.042538 3.981744 2.380000
v -12.042538 3.981744 -2.380000
v -12.028130 4.191250 -2.590000
v -11.966183 4.186754 2.590000
v -11.982090 3.977356 2.380000
v -11.982090 3.977356 -2.380000
v -11.966183 4.186754 -2.590000
v -11.907669 4.182111 2.590000
v -11.924896 3.972818 2.380000
v -11.924896 3.972818 -2.380000
v -11.907669 4.182111 -2.590000
v -11.853237 4.177469 2.590000
v -11.871620 3.968275 2.380000
v -11.871620 3.968275 -2.380000
v -11.853237 4.177469 -2.590000
v -11.803543 4.172972 2.590000
v -11.822929 3.963868 2.380000
v -11.822929 3.963868 -2.380000
v -11.803543 4.172972 -2.590000
v -11.759247 4.168767 2.590000
v -11.779461 3.959742 2.380000
v -11.779461 3.959742 -2.380000
v -11.759247 4.168767 -2.590000
v -11.721001 4.165000 2.590000
v -11.511002 3.933299 2.380000
v -11.511002 3.933299 -2.380000
v -11.721001 4.165000 -2.590000
v -11.721001 4.795001 2.590000
v -11.511002 5.036016 2.380000
v -11.511002 5.036016 -2.380000
v -11.721001 4.795001 -2.590000
v -11.771542 4.788016 2.590000
v -11.799351 4.996169 2.380000
v -11.799351 4.996169 -2.380000
v -11.771542 4.788016 -2.590000
v -11.824928 4.781129 2.590000
v -11.850849 4.989525 2.380000
v -11.850849 4.989525 -2.380000
v -11.824928 4.781129 -2.590000
v -11.880795 4.774437 2.590000
v -11.904804 4.983063 2.380000
v -11.904804 4.983063 -2.380000
v -11.880795 4.774437 -2.590000
v -11.938778 4.768037 2.590000
v -11.960812 4.976881 2.380000
v -11.960812 4.976881 -2.380000
v -11.938778 4.768037 -2.590000
v -11.998508 4.762026 2.590000
v -12.018478 4.971077 2.380000
v -12.018478 4.971077 -2.380000
v -11.998508 4.762026 -2.590000
v -12.059624 4.756500 2.590000
v -12.077404 4.965750 2.380000
v -12.077404 4.965750 -2.380000
v -12.059624 4.756500 -2.590000
v -12.121761 4.751558 2.590000
v -12.137196 4.960994 2.380000
v -12.137196 4.960994 -2.380000
v -12.121761 4.751558 -2.590000
v -12.184555 4.747296 2.590000
v -12.197453 4.956904 2.380000
v -12.197453 4.956904 -2.380000
v -12.184555 4.747296 -2.590000
v -12.247639 4.743813 2.590000
v -12.257774 4.953573 2.380000
v -12.257774 4.953573 -2.380000
v -12.247639 4.743813 -2.590000
v -12.310650 4.741204 2.590000
v -12.317741 4.951090 2.380000
v -12.317741 4.951090 -2.380000
v -12.310650 4.741204 -2.590000
v -12.373226 4.739567 2.590000
v -12.376934 4.949542 2.380000
v -12.376934 4.949542 -2.380000
v -12.373226 4.739567 -2.590000
v -12.434998 4.739000 2.590000
v -12.435963 4.949000 2.380000
v -12.435963 4.949000 -2.380000
v -12.434998 4.739000 -2.590000
v -12.578709 4.739000 2.590000
v -12.578709 4.949000 2.380000
v -12.578709 4.949000 -2.380000
v -12.578709 4.739000 -2.590000
v -12.819378 4.739000 2.590000
v -12.819378 4.949000 2.380000
v -12.819378 4.949000 -2.380000
v -12.819378 4.739000 -2.590000
v -13.139042 4.739000 2.590000
v -13.139042 4.949000 2.380000
v -13.139042 4.949000 -2.380000
v -13.139042 4.739000 -2.590000
v -13.519733 4.739000 2.590000
v -13.519733 4.949000 2.380000
v -13.519733 4.949000 -2.380000
v -13.519733 4.739000 -2.590000
v -13.943497 4.739000 2.590000
v -13.943497 4.949000 2.380000
v -13.943497 4.949000 -2.380000
v -13.943497 4.739000 -2.590000
v -14.392372 4.739000 2.590000
v -14.392372 4.949000 2.380000
v -14.392372 4.949000 -2.380000
v -14.392372 4.739000 -2.590000
v -14.848389 4.739000 2.590000
v -14.848389 4.949000 2.380000
v -14.848389 4.949000 -2.380000
v -14.848389 4.739000 -2.590000
v -15.293591 4.739000 2.590000
v -15.293591 4.949000 2.380000
v -15.293591 4.949000 -2.380000
v -15.293591 4.739000 -2.590000
v -15.710014 4.739000 2.590000
v -15.710014 4.949000 2.380000
v -15.710014 4.949000 -2.380000
v -15.710014 4.739000 -2.590000
v -16.079700 4.739000 2.590000
v -16.079700 4.949000 2.380000
v -16.079700 4.949000 -2.380000
v -16.079700 4.739000 -2.590000
v -16.384682 4.739000 2.590000
v -16.384682 4.949000 2.380000
v -16.384682 4.949000 -2.380000
v -16.384682 4.739000 -2.590000
v -16.607002 4.739000 2.590000
v -16.606060 4.949000 2.380000
v -16.606060 4.949000 -2.380000
v -16.607002 4.739000 -2.590000
v -16.655254 4.739433 2.590000
v -16.651424 4.949408 2.380000
v -16.651424 4.949408 -2.380000
v -16.655254 4.739433 -2.590000
v -16.701954 4.740718 2.590000
v -16.694153 4.950583 2.380000
v -16.694153 4.950583 -2.380000
v -16.701954 4.740718 -2.590000
v -16.747002 4.742828 2.590000
v -16.735039 4.952498 2.380000
v -16.735039 4.952498 -2.380000
v -16.747002 4.742828 -2.590000
v -16.790295 4.745741 2.590000
v -16.773933 4.955115 2.380000
v -16.773933 4.955115 -2.380000
v -16.790295 4.745741 -2.590000
v -16.831745 4.749431 2.590000
v -16.810692 4.958387 2.380000
v -16.810692 4.958387 -2.380000
v -16.831745 4.749431 -2.590000
v -16.871250 4.753875 2.590000
v -16.845146 4.962263 2.380000
v -16.845146 4.962263 -2.380000
v -16.871250 4.753875 -2.590000
v -16.908714 4.759048 2.590000
v -16.877110 4.966677 2.380000
v -16.877110 4.966677 -2.380000
v -16.908714 4.759048 -2.590000
v -16.944038 4.764926 2.590000
v -16.906380 4.971547 2.380000
v -16.906380 4.971547 -2.380000
v -16.944038 4.764926 -2.590000
v -16.977127 4.771484 2.590000
v -16.932716 4.976768 2.380000
v -16.932716 4.976768 -2.380000
v -16.977127 4.771484 -2.590000
v -17.007881 4.778699 2.590000
v -16.955849 4.982193 2.380000
v -16.955849 4.982193 -2.380000
v -17.007881 4.778699 -2.590000
v -17.036205 4.786546 2.590000
v -16.975437 4.987621 2.380000
v -16.975437 4.987621 -2.380000
v -17.036205 4.786546 -2.590000
v -17.062000 4.795001 2.590000
v -17.105255 5.030169 2.380000
v -17.105255 5.030169 -2.380000
v -17.062000 4.795001 -2.590000
v -17.502998 4.438000 2.590000
v -17.807262 4.461876 2.380000
v -17.807262 4.461876 -2.380000
v -17.502998 4.438000 -2.590000
v -17.485653 4.418758 2.590000
v -17.642231 4.278815 2.380000
v -17.642231 4.278815 -2.380000
v -17.485653 4.418758 -2.590000
v -17.468647 4.399565 2.590000
v -17.626450 4.261003 2.380000
v -17.626450 4.261003 -2.380000
v -17.468647 4.399565 -2.590000
v -17.452030 4.380469 2.590000
v -17.611103 4.243366 2.380000
v -17.611103 4.243366 -2.380000
v -17.452030 4.380469 -2.590000
v -17.435852 4.361519 2.590000
v -17.596237 4.225956 2.380000
v -17.596237 4.225956 -2.380000
v -17.435852 4.361519 -2.590000
v -17.420158 4.342763 2.590000
v -17.581928 4.208858 2.380000
v -17.581928 4.208858 -2.380000
v -17.420158 4.342763 -2.590000
v -17.404999 4.324250 2.590000
v -17.568241 4.192136 2.380000
v -17.568241 4.192136 -2.380000
v -17.404999 4.324250 -2.590000
v -17.390423 4.306029 2.590000
v -17.555225 4.175868 2.380000
v -17.555225 4.175868 -2.380000
v -17.390423 4.306029 -2.590000
v -17.376480 4.288148 2.590000
v -17.542965 4.160144 2.380000
v -17.542965 4.160144 -2.380000
v -17.376480 4.288148 -2.590000
v -17.363220 4.270657 2.590000
v -17.531509 4.145034 2.380000
v -17.531509 4.145034 -2.380000
v -17.363220 4.270657 -2.590000
v -17.350685 4.253602 2.590000
v -17.520939 4.130652 2.380000
v -17.520939 4.130652 -2.380000
v -17.350685 4.253602 -2.590000
v -17.338928 4.237034 2.590000
v -17.511345 4.117126 2.380000
v -17.511345 4.117126 -2.380000
v -17.338928 4.237034 -2.590000
v -17.328003 4.221000 2.590000
v -17.503471 4.105578 2.380000
v -17.503471 4.105578 -2.380000
v -17.328003 4.221000 -2.590000
v -17.194042 4.009878 2.590000
v -17.369877 3.895026 2.380000
v -17.369877 3.895026 -2.380000
v -17.194042 4.009878 -2.590000
v -17.044464 3.787356 2.590000
v -17.217224 3.667937 2.380000
v -17.217224 3.667937 -2.380000
v -17.044464 3.787356 -2.590000
v -16.879669 3.555453 2.590000
v -17.049259 3.431577 2.380000
v -17.049259 3.431577 -2.380000
v -16.879669 3.555453 -2.590000
v -16.700069 3.316185 2.590000
v -16.866344 3.187887 2.380000
v -16.866344 3.187887 -2.380000
v -16.700069 3.316185 -2.590000
v -16.506084 3.071570 2.590000
v -16.668835 2.938827 2.380000
v -16.668835 2.938827 -2.380000
v -16.506084 3.071570 -2.590000
v -16.298122 2.823625 2.590000
v -16.457088 2.686370 2.380000
v -16.457088 2.686370 -2.380000
v -16.298122 2.823625 -2.590000
v -16.076599 2.574368 2.590000
v -16.231464 2.432500 2.380000
v -16.231464 2.432500 -2.380000
v -16.076599 2.574368 -2.590000
v -15.841923 2.325815 2.590000
v -15.992317 2.179210 2.380000
v -15.992317 2.179210 -2.380000
v -15.841923 2.325815 -2.590000
v -15.594513 2.079984 2.590000
v -15.739998 1.928501 2.380000
v -15.739998 1.928501 -2.380000
v -15.594513 2.079984 -2.590000
v -15.334782 1.838894 2.590000
v -15.474850 1.682380 2.380000
v -15.474850 1.682380 -2.380000
v -15.334782 1.838893 -2.590000
v -15.063141 1.604560 2.590000
v -15.197201 1.442867 2.380000
v -15.197201 1.442867 -2.380000
v -15.063141 1.604560 -2.590000
v -14.779999 1.379000 2.590000
v -15.094234 1.360841 2.380000
v -15.094234 1.360841 -2.380000
v -14.779999 1.379000 -2.590000
v -14.886436 1.271979 2.590000
v -15.035732 1.419664 2.380000
v -15.035732 1.419663 -2.380000
v -14.886436 1.271979 -2.590000
v -14.995056 1.161579 2.590000
v -15.145145 1.308462 2.380000
v -15.145145 1.308462 -2.380000
v -14.995056 1.161579 -2.590000
v -15.104847 1.048797 2.590000
v -15.255722 1.194870 2.380000
v -15.255722 1.194869 -2.380000
v -15.104847 1.048797 -2.590000
v -15.214779 0.934630 2.590000
v -15.366467 1.079860 2.380000
v -15.366467 1.079860 -2.380000
v -15.214779 0.934630 -2.590000
v -15.323837 0.820074 2.590000
v -15.476379 0.964407 2.380000
v -15.476379 0.964407 -2.380000
v -15.323837 0.820073 -2.590000
v -15.431000 0.706125 2.590000
v -15.584457 0.849481 2.380000
v -15.584457 0.849481 -2.380000
v -15.431000 0.706125 -2.590000
v -15.535248 0.593781 2.590000
v -15.689720 0.736044 2.380000
v -15.689720 0.736044 -2.380000
v -15.535248 0.593781 -2.590000
v -15.635555 0.484037 2.590000
v -15.791176 0.625047 2.380000
v -15.791176 0.625047 -2.380000
v -15.635555 0.484037 -2.590000
v -15.730907 0.377891 2.590000
v -15.887844 0.517430 2.380000
v -15.887844 0.517429 -2.380000
v -15.730907 0.377891 -2.590000
v -15.820278 0.276338 2.590000
v -15.978779 0.414101 2.380000
v -15.978779 0.414101 -2.380000
v -15.820278 0.276338 -2.590000
v -15.902649 0.180376 2.590000
v -16.063053 0.315924 2.380000
v -16.063053 0.315924 -2.380000
v -15.902649 0.180375 -2.590000
v -15.977001 0.091000 2.590000
v -16.275799 0.060187 2.380000
v -16.275799 0.060187 -2.380000
v -15.977001 0.091000 -2.590000
v -15.466000 -0.315000 2.590000
v -15.427536 -0.613776 2.380000
v -15.427536 -0.613776 -2.380000
v -15.466000 -0.315000 -2.590000
v -15.395226 -0.220597 2.590000
v -15.228760 -0.348647 2.380000
v -15.228760 -0.348647 -2.380000
v -15.395226 -0.220597 -2.590000
v -15.313362 -0.116861 2.590000
v -15.149719 -0.248481 2.380000
v -15.149719 -0.248481 -2.380000
v -15.313362 -0.116861 -2.590000
v -15.221874 -0.005250 2.590000
v -15.060432 -0.139558 2.380000
v -15.060432 -0.139559 -2.380000
v -15.221874 -0.005250 -2.590000
v -15.122223 0.112778 2.590000
v -14.962570 -0.023649 2.380000
v -14.962570 -0.023649 -2.380000
v -15.122223 0.112778 -2.590000
v -15.015862 0.235764 2.590000
v -14.857708 0.097604 2.380000
v -14.857708 0.097604 -2.380000
v -15.015862 0.235764 -2.590000
v -14.904251 0.362250 2.590000
v -14.747391 0.222625 2.380000
v -14.747391 0.222625 -2.380000
v -14.904251 0.362250 -2.590000
v -14.788849 0.490778 2.590000
v -14.633133 0.349876 2.380000
v -14.633133 0.349876 -2.380000
v -14.788849 0.490778 -2.590000
v -14.671112 0.619889 2.590000
v -14.516441 0.477840 2.380000
v -14.516441 0.477840 -2.380000
v -14.671112 0.619889 -2.590000
v -14.552502 0.748125 2.590000
v -14.398811 0.605015 2.380000
v -14.398811 0.605015 -2.380000
v -14.552502 0.748125 -2.590000
v -14.434475 0.874028 2.590000
v -14.281738 0.729902 2.380000
v -14.281738 0.729902 -2.380000
v -14.434475 0.874028 -2.590000
v -14.318489 0.996139 2.590000
v -14.166706 0.851008 2.380000
v -14.166706 0.851008 -2.380000
v -14.318489 0.996139 -2.590000
v -14.206001 1.113000 2.590000
v -14.056831 0.965154 2.380000
v -14.056831 0.965154 -2.380000
v -14.206001 1.113000 -2.590000
v -14.093315 1.223416 2.590000
v -13.947575 1.072211 2.380000
v -13.947575 1.072211 -2.380000
v -14.093315 1.223416 -2.590000
v -13.967190 1.342995 2.590000
v -13.823700 1.189659 2.380000
v -13.823700 1.189659 -2.380000
v -13.967190 1.342995 -2.590000
v -13.830517 1.469234 2.590000
v -13.688877 1.314185 2.380000
v -13.688877 1.314185 -2.380000
v -13.830517 1.469234 -2.590000
v -13.686188 1.599630 2.590000
v -13.546177 1.443110 2.380000
v -13.546177 1.443110 -2.380000
v -13.686188 1.599630 -2.590000
v -13.537090 1.731678 2.590000
v -13.398598 1.573817 2.380000
v -13.398598 1.573817 -2.380000
v -13.537090 1.731678 -2.590000
v -13.386127 1.862875 2.590000
v -13.249123 1.703717 2.380000
v -13.249123 1.703717 -2.380000
v -13.386127 1.862875 -2.590000
v -13.236179 1.990718 2.590000
v -13.100739 1.830229 2.380000
v -13.100739 1.830229 -2.380000
v -13.236179 1.990718 -2.590000
v -13.090149 2.112704 2.590000
v -12.956440 1.950767 2.380000
v -12.956440 1.950767 -2.380000
v -13.090149 2.112704 -2.590000
v -12.950924 2.226328 2.590000
v -12.819267 2.062715 2.380000
v -12.819267 2.062715 -2.380000
v -12.950924 2.226328 -2.590000
v -12.821392 2.329088 2.590000
v -12.692360 2.163398 2.380000
v -12.692360 2.163398 -2.380000
v -12.821392 2.329088 -2.590000
v -12.704456 2.418480 2.590000
v -12.579056 2.250011 2.380000
v -12.579056 2.250011 -2.380000
v -12.704456 2.418480 -2.590000
v -12.603001 2.492000 2.590000
v -12.256516 2.483743 2.380000
v -12.256516 2.483743 -2.380000
v -12.603001 2.492000 -2.590000
v -22.683002 3.241000 2.590000
v -22.682518 2.943530 2.380000
v -22.682518 2.943530 -2.380000
v -22.683002 3.241000 -2.590000
v -22.585075 3.339567 2.590000
v -22.437912 3.189736 2.380000
v -22.437912 3.189736 -2.380000
v -22.585075 3.339567 -2.590000
v -22.468338 3.451453 2.590000
v -22.324390 3.298536 2.380000
v -22.324390 3.298536 -2.380000
v -22.468338 3.451453 -2.590000
v -22.335846 3.573937 2.590000
v -22.194408 3.418702 2.380000
v -22.194408 3.418702 -2.380000
v -22.335846 3.573937 -2.590000
v -22.190670 3.704296 2.590000
v -22.051350 3.547158 2.380000
v -22.051350 3.547158 -2.380000
v -22.190670 3.704296 -2.590000
v -22.035866 3.839808 2.590000
v -21.898476 3.680984 2.380000
v -21.898476 3.680984 -2.380000
v -22.035866 3.839808 -2.590000
v -21.874500 3.977750 2.590000
v -21.738976 3.817333 2.380000
v -21.738976 3.817333 -2.380000
v -21.874500 3.977750 -2.590000
v -21.709637 4.115400 2.590000
v -21.576027 3.953382 2.380000
v -21.576027 3.953382 -2.380000
v -21.709637 4.115400 -2.590000
v -21.544338 4.250037 2.590000
v -21.412811 4.086320 2.380000
v -21.412811 4.086320 -2.380000
v -21.544338 4.250037 -2.590000
v -21.381660 4.378938 2.590000
v -21.252529 4.213324 2.380000
v -21.252529 4.213324 -2.380000
v -21.381660 4.378938 -2.590000
v -21.224670 4.499380 2.590000
v -21.098450 4.331535 2.380000
v -21.098450 4.331535 -2.380000
v -21.224670 4.499380 -2.590000
v -21.076427 4.608642 2.590000
v -20.953960 4.438031 2.380000
v -20.953960 4.438031 -2.380000
v -21.076427 4.608642 -2.590000
v -20.940002 4.704000 2.590000
v -20.621319 4.670536 2.380000
v -20.621319 4.670536 -2.380000
v -20.940002 4.704000 -2.590000
v -21.339001 5.131001 2.590000
v -21.308586 5.406032 2.380000
v -21.308586 5.406032 -2.380000
v -21.339001 5.131001 -2.590000
v -21.471039 5.040864 2.590000
v -21.591385 5.212975 2.380000
v -21.591385 5.212975 -2.380000
v -21.471039 5.040864 -2.590000
v -21.616570 4.936653 2.590000
v -21.740299 5.106342 2.380000
v -21.740299 5.106342 -2.380000
v -21.616570 4.936653 -2.590000
v -21.772453 4.820923 2.590000
v -21.898823 4.988651 2.380000
v -21.898823 4.988651 -2.380000
v -21.772453 4.820923 -2.590000
v -21.935555 4.696223 2.590000
v -22.064129 4.862266 2.380000
v -22.064129 4.862266 -2.380000
v -21.935555 4.696223 -2.590000
v -22.102741 4.565107 2.590000
v -22.233276 4.729613 2.380000
v -22.233276 4.729613 -2.380000
v -22.102741 4.565107 -2.590000
v -22.270874 4.430126 2.590000
v -22.403255 4.593151 2.380000
v -22.403255 4.593151 -2.380000
v -22.270874 4.430126 -2.590000
v -22.436821 4.293832 2.590000
v -22.571037 4.455346 2.380000
v -22.571037 4.455346 -2.380000
v -22.436821 4.293832 -2.590000
v -22.597446 4.158778 2.590000
v -22.733604 4.318658 2.380000
v -22.733604 4.318658 -2.380000
v -22.597446 4.158778 -2.590000
v -22.749611 4.027516 2.590000
v -22.887951 4.185518 2.380000
v -22.887951 4.185518 -2.380000
v -22.749611 4.027516 -2.590000
v -22.890182 3.902598 2.590000
v -23.031116 4.058294 2.380000
v -23.031116 4.058294 -2.380000
v -22.890182 3.902598 -2.590000
v -23.016022 3.786575 2.590000
v -23.160267 3.939219 2.380000
v -23.160267 3.939219 -2.380000
v -23.016022 3.786575 -2.590000
v -23.124001 3.682000 2.590000
v -23.423378 3.684396 2.380000
v -23.423378 3.684396 -2.380000
v -23.124001 3.682000 -2.590000
v -23.801704 1.639880 2.590000
v -23.680508 1.811462 2.380000
v -23.680508 1.811462 -2.380000
v -23.801704 1.639879 -2.590000
v -24.056297 1.829787 2.590000
v -23.926613 1.995039 2.380000
v -23.926613 1.995039 -2.380000
v -24.056297 1.829787 -2.590000
v -24.299999 2.030875 2.590000
v -24.162563 2.189731 2.380000
v -24.162563 2.189731 -2.380000
v -24.299999 2.030875 -2.590000
v -24.532040 2.241296 2.590000
v -24.387470 2.393685 2.380000
v -24.387470 2.393685 -2.380000
v -24.532040 2.241296 -2.590000
v -24.751629 2.459204 2.590000
v -24.600449 2.605028 2.380000
v -24.600449 2.605028 -2.380000
v -24.751629 2.459204 -2.590000
v -24.958000 2.682750 2.590000
v -24.800621 2.821863 2.380000
v -24.800621 2.821863 -2.380000
v -24.958000 2.682750 -2.590000
v -25.150372 2.910088 2.590000
v -24.987129 3.042273 2.380000
v -24.987129 3.042273 -2.380000
v -25.150372 2.910088 -2.590000
v -25.327965 3.139370 2.590000
v -25.159111 3.264310 2.380000
v -25.159111 3.264310 -2.380000
v -25.327965 3.139370 -2.590000
v -25.490002 3.368750 2.590000
v -25.315716 3.486000 2.380000
v -25.315716 3.486000 -2.380000
v -25.490002 3.368750 -2.590000
v -25.635704 3.596380 2.590000
v -25.456100 3.705319 2.380000
v -25.456100 3.705319 -2.380000
v -25.635704 3.596380 -2.590000
v -25.764297 3.820412 2.590000
v -25.579433 3.920190 2.380000
v -25.579433 3.920190 -2.380000
v -25.764297 3.820412 -2.590000
v -25.875000 4.039000 2.590000
v -25.864925 4.483910 2.380000
v -25.864925 4.483910 -2.380000
v -25.875000 4.039000 -2.590000
v -26.210999 3.444000 2.590000
v -26.452583 3.443270 2.380000
v -26.452583 3.443270 -2.380000
v -26.210999 3.444000 -2.590000
v -26.084923 3.223857 2.590000
v -26.264938 3.115629 2.380000
v -26.264938 3.115629 -2.380000
v -26.084923 3.223857 -2.590000
v -25.944908 3.001769 2.590000
v -26.120255 2.886127 2.380000
v -26.120255 2.886127 -2.380000
v -25.944908 3.001769 -2.590000
v -25.791332 2.779000 2.590000
v -25.961826 2.656322 2.380000
v -25.961826 2.656322 -2.380000
v -25.791332 2.779000 -2.590000
v -25.624561 2.556815 2.590000
v -25.789989 2.427389 2.380000
v -25.789989 2.427389 -2.380000
v -25.624561 2.556815 -2.590000
v -25.444954 2.336477 2.590000
v -25.605064 2.200528 2.380000
v -25.605064 2.200528 -2.380000
v -25.444954 2.336477 -2.590000
v -25.252880 2.119250 2.590000
v -25.407375 1.976952 2.380000
v -25.407375 1.976952 -2.380000
v -25.252880 2.119250 -2.590000
v -25.048698 1.906398 2.590000
v -25.197243 1.757890 2.380000
v -25.197243 1.757890 -2.380000
v -25.048698 1.906398 -2.590000
v -24.832779 1.699185 2.590000
v -24.974968 1.544583 2.380000
v -24.974968 1.544583 -2.380000
v -24.832779 1.699185 -2.590000
v -24.605484 1.498875 2.590000
v -24.740879 1.338284 2.380000
v -24.740879 1.338284 -2.380000
v -24.605484 1.498875 -2.590000
v -24.367180 1.306732 2.590000
v -24.495277 1.140258 2.380000
v -24.495277 1.140258 -2.380000
v -24.367180 1.306731 -2.590000
v -24.118233 1.124019 2.590000
v -24.238480 0.951784 2.380000
v -24.238480 0.951784 -2.380000
v -24.118233 1.124018 -2.590000
v -23.859001 0.952000 2.590000
v -23.972012 0.774964 2.380000
v -23.972012 0.774964 -2.380000
v -23.859001 0.952000 -2.590000
v -23.680016 0.842155 2.590000
v -23.787647 0.661815 2.380000
v -23.787647 0.661815 -2.380000
v -23.680016 0.842155 -2.590000
v -23.492863 0.733574 2.590000
v -23.595829 0.550529 2.380000
v -23.595829 0.550529 -2.380000
v -23.492863 0.733574 -2.590000
v -23.297249 0.626938 2.590000
v -23.395153 0.441132 2.380000
v -23.395153 0.441132 -2.380000
v -23.297249 0.626937 -2.590000
v -23.092892 0.522926 2.590000
v -23.185349 0.334349 2.380000
v -23.185349 0.334349 -2.380000
v -23.092892 0.522926 -2.590000
v -22.879486 0.422220 2.590000
v -22.966141 0.230904 2.380000
v -22.966141 0.230904 -2.380000
v -22.879486 0.422220 -2.590000
v -22.656754 0.325500 2.590000
v -22.737267 0.131519 2.380000
v -22.737267 0.131519 -2.380000
v -22.656754 0.325500 -2.590000
v -22.424389 0.233447 2.590000
v -22.498463 0.036913 2.380000
v -22.498463 0.036913 -2.380000
v -22.424389 0.233447 -2.590000
v -22.182114 0.146741 2.590000
v -22.249470 -0.052196 2.380000
v -22.249470 -0.052196 -2.380000
v -22.182114 0.146741 -2.590000
v -21.929626 0.066063 2.590000
v -21.990036 -0.135095 2.380000
v -21.990036 -0.135095 -2.380000
v -21.929626 0.066062 -2.590000
v -21.666641 -0.007907 2.590000
v -21.719898 -0.211076 2.380000
v -21.719898 -0.211076 -2.380000
v -21.666641 -0.007908 -2.590000
v -21.392860 -0.074488 2.590000
v -21.438812 -0.279434 2.380000
v -21.438812 -0.279434 -2.380000
v -21.392860 -0.074489 -2.590000
v -21.108002 -0.133000 2.590000
v -21.009590 -0.367599 2.380000
v -21.009590 -0.367599 -2.380000
v -21.108002 -0.133000 -2.590000
v -20.737000 0.441000 2.590000
v -20.387352 0.595096 2.380000
v -20.387352 0.595096 -2.380000
v -20.737000 0.441000 -2.590000
v -21.036720 0.491454 2.590000
v -20.997860 0.697867 2.380000
v -20.997860 0.697867 -2.380000
v -21.036720 0.491454 -2.590000
v -21.323566 0.551218 2.590000
v -21.276802 0.755983 2.380000
v -21.276802 0.755983 -2.380000
v -21.323566 0.551218 -2.590000
v -21.597775 0.619391 2.590000
v -21.543266 0.822231 2.380000
v -21.543266 0.822231 -2.380000
v -21.597775 0.619391 -2.590000
v -21.859589 0.695074 2.590000
v -21.797539 0.895735 2.380000
v -21.797539 0.895735 -2.380000
v -21.859589 0.695074 -2.590000
v -22.109245 0.777369 2.590000
v -22.039902 0.975626 2.380000
v -22.039902 0.975625 -2.380000
v -22.109245 0.777369 -2.590000
v -22.346996 0.865375 2.590000
v -22.270645 1.061038 2.380000
v -22.270645 1.061038 -2.380000
v -22.346996 0.865375 -2.590000
v -22.573078 0.958194 2.590000
v -22.490040 1.151111 2.380000
v -22.490040 1.151111 -2.380000
v -22.573078 0.958194 -2.590000
v -22.787735 1.054926 2.590000
v -22.698357 1.244986 2.380000
v -22.698357 1.244986 -2.380000
v -22.787735 1.054926 -2.590000
v -22.991215 1.154672 2.590000
v -22.895878 1.341810 2.380000
v -22.895878 1.341810 -2.380000
v -22.991215 1.154672 -2.590000
v -23.183758 1.256533 2.590000
v -23.082855 1.440730 2.380000
v -23.082855 1.440729 -2.380000
v -23.183758 1.256532 -2.590000
v -23.365604 1.359608 2.590000
v -23.259571 1.540896 2.380000
v -23.259571 1.540896 -2.380000
v -23.365604 1.359608 -2.590000
v -23.536999 1.463000 2.590000
v -23.424366 1.640306 2.380000
v -23.424366 1.640306 -2.380000
v -23.536999 1.463000 -2.590000
vn -0.0000 -0.0000 -1.0000
vn -0.0001 -0.0000 -1.0000
vn -0.0002 -0.0000 -1.0000
vn -0.0000 -0.0000 1.0000
vn 0.0001 -0.0000 -1.0000
vn -0.0001 -0.0000 1.0000
vn -0.0002 -0.0000 1.0000
vn 0.0001 -0.0000 1.0000
vn 0.3111 -0.8666 0.3901
vn 0.8281 -0.4092 0.3832
vn 0.6339 -0.3133 0.7071
vn 0.1967 -0.5480 0.8130
vn 0.3111 -0.8666 -0.3901
vn 0.8281 -0.4092 -0.3832
vn 0.1967 -0.5480 -0.8130
vn 0.6339 -0.3133 -0.7071
vn 0.8236 -0.4182 0.3832
vn 0.6305 -0.3201 0.7071
vn 0.8236 -0.4182 -0.3832
vn 0.6305 -0.3201 -0.7071
vn 0.8189 -0.4273 0.3832
vn 0.6269 -0.3271 0.7071
vn 0.8189 -0.4273 -0.3832
vn 0.6269 -0.3271 -0.7071
vn 0.8139 -0.4367 0.3832
vn 0.6231 -0.3343 0.7071
vn 0.8139 -0.4367 -0.3832
vn 0.6231 -0.3343 -0.7071
vn 0.8086 -0.4465 0.3832
vn 0.6190 -0.3418 0.7071
vn 0.8086 -0.4465 -0.3832
vn 0.6190 -0.3418 -0.7071
vn 0.8028 -0.4568 0.3833
vn 0.6146 -0.3497 0.7071
vn 0.8028 -0.4568 -0.3833
vn 0.6146 -0.3497 -0.7071
vn 0.7964 -0.4677 0.3833
vn 0.6097 -0.3581 0.7071
vn 0.7964 -0.4677 -0.3833
vn 0.6097 -0.3581 -0.7071
vn 0.7894 -0.4795 0.3834
vn 0.6043 -0.3671 0.7071
vn 0.7894 -0.4795 -0.3834
vn 0.6043 -0.3671 -0.7071
vn 0.7815 -0.4922 0.3834
vn 0.5983 -0.3769 0.7071
vn 0.7815 -0.4922 -0.3834
vn 0.5983 -0.3769 -0.7071
vn 0.7725 -0.5062 0.3835
vn 0.5914 -0.3875 0.7071
vn 0.7725 -0.5062 -0.3835
vn 0.5914 -0.3875 -0.7071
vn 0.7621 -0.5215 0.3836
vn 0.5835 -0.3993 0.7071
vn 0.7621 -0.5215 -0.3836
vn 0.5835 -0.3993 -0.7071
vn 0.8787 0.2546 0.4037
vn 0.5104 0.1479 0.8471
vn 0.8787 0.2546 -0.4037
vn 0.5104 0.1479 -0.8471
vn -0.2620 0.8862 0.3821
vn -0.1737 0.5876 0.7903
vn -0.2620 0.8862 -0.3821
vn -0.1737 0.5876 -0.7903
vn -0.7660 0.5170 0.3822
vn -0.5861 0.3956 0.7071
vn -0.7660 0.5170 -0.3822
vn -0.5861 0.3956 -0.7071
vn -0.7716 0.5084 0.3823
vn -0.5905 0.3890 0.7071
vn -0.7716 0.5084 -0.3823
vn -0.5905 0.3890 -0.7071
vn -0.7765 0.5009 0.3823
vn -0.5942 0.3833 0.7071
vn -0.7765 0.5009 -0.3823
vn -0.5942 0.3833 -0.7071
vn -0.7809 0.4940 0.3823
vn -0.5976 0.3780 0.7071
vn -0.7809 0.4940 -0.3823
vn -0.5976 0.3780 -0.7071
vn -0.7852 0.4871 0.3823
vn -0.6009 0.3727 0.7071
vn -0.7852 0.4871 -0.3823
vn -0.6009 0.3727 -0.7071
vn -0.7896 0.4799 0.3823
vn -0.6043 0.3672 0.7071
vn -0.7896 0.4799 -0.3823
vn -0.6043 0.3672 -0.7071
vn -0.7943 0.4722 0.3822
vn -0.6078 0.3613 0.7071
vn -0.7943 0.4722 -0.3822
vn -0.6078 0.3613 -0.7071
vn -0.7995 0.4635 0.3822
vn -0.6117 0.3546 0.7071
vn -0.7995 0.4635 -0.3822
vn -0.6117 0.3546 -0.7071
vn -0.8053 0.4533 0.3821
vn -0.6162 0.3469 0.7071
vn -0.8053 0.4533 -0.3821
vn -0.6162 0.3469 -0.7071
vn -0.8121 0.4411 0.3820
vn -0.6214 0.3375 0.7071
vn -0.8121 0.4411 -0.3820
vn -0.6214 0.3375 -0.7071
vn -0.8204 0.4256 0.3818
vn -0.6277 0.3256 0.7071
vn -0.8204 0.4256 -0.3818
vn -0.6277 0.3256 -0.7071
vn -0.8675 -0.3044 0.3935
vn -0.5374 -0.1885 0.8220
vn -0.8675 -0.3044 -0.3935
vn -0.5374 -0.1885 -0.8220
vn 0.3009 -0.8707 0.3889
vn 0.8178 -0.4294 0.3832
vn 0.6261 -0.3287 0.7071
vn 0.1916 -0.5544 0.8099
vn 0.3009 -0.8707 -0.3889
vn 0.8178 -0.4294 -0.3832
vn 0.1916 -0.5544 -0.8099
vn 0.6261 -0.3287 -0.7071
vn 0.8125 -0.4393 0.3832
vn 0.6220 -0.3363 0.7071
vn 0.8125 -0.4393 -0.3832
vn 0.6220 -0.3363 -0.7071
vn 0.8070 -0.4493 0.3832
vn 0.6178 -0.3440 0.7071
vn 0.8070 -0.4493 -0.3832
vn 0.6178 -0.3440 -0.7071
vn 0.8013 -0.4594 0.3832
vn 0.6134 -0.3517 0.7071
vn 0.8013 -0.4594 -0.3832
vn 0.6134 -0.3517 -0.7071
vn 0.7953 -0.4696 0.3833
vn 0.6089 -0.3595 0.7071
vn 0.7953 -0.4696 -0.3833
vn 0.6089 -0.3595 -0.7071
vn 0.7890 -0.4802 0.3833
vn 0.6040 -0.3676 0.7071
vn 0.7890 -0.4802 -0.3833
vn 0.6040 -0.3676 -0.7071
vn 0.7822 -0.4912 0.3833
vn 0.5988 -0.3760 0.7071
vn 0.7822 -0.4912 -0.3833
vn 0.5988 -0.3760 -0.7071
vn 0.7748 -0.5027 0.3833
vn 0.5932 -0.3849 0.7071
vn 0.7748 -0.5027 -0.3833
vn 0.5932 -0.3849 -0.7071
vn 0.7667 -0.5149 0.3834
vn 0.5870 -0.3942 0.7071
vn 0.7667 -0.5149 -0.3834
vn 0.5870 -0.3942 -0.7071
vn 0.7578 -0.5279 0.3835
vn 0.5802 -0.4041 0.7071
vn 0.7578 -0.5279 -0.3835
vn 0.5802 -0.4041 -0.7071
vn 0.7479 -0.5418 0.3835
vn 0.5726 -0.4148 0.7071
vn 0.7479 -0.5418 -0.3835
vn 0.5726 -0.4148 -0.7071
vn 0.8826 0.2391 0.4048
vn 0.5090 0.1379 0.8497
vn 0.8826 0.2391 -0.4048
vn 0.5090 0.1379 -0.8497
vn -0.2397 0.8930 0.3808
vn -0.1601 0.5967 0.7864
vn -0.2397 0.8930 -0.3808
vn -0.1601 0.5967 -0.7864
vn -0.7473 0.5440 0.3817
vn -0.5717 0.4161 0.7071
vn -0.7473 0.5440 -0.3817
vn -0.5717 0.4161 -0.7071
vn -0.7587 0.5278 0.3819
vn -0.5805 0.4038 0.7071
vn -0.7587 0.5278 -0.3819
vn -0.5805 0.4038 -0.7071
vn -0.7672 0.5152 0.3821
vn -0.5870 0.3942 0.7071
vn -0.7672 0.5152 -0.3821
vn -0.5870 0.3942 -0.7071
vn -0.7740 0.5049 0.3822
vn -0.5922 0.3863 0.7071
vn -0.7740 0.5049 -0.3822
vn -0.5922 0.3863 -0.7071
vn -0.7796 0.4961 0.3822
vn -0.5966 0.3796 0.7071
vn -0.7796 0.4961 -0.3822
vn -0.5966 0.3796 -0.7071
vn -0.7845 0.4883 0.3823
vn -0.6003 0.3736 0.7071
vn -0.7845 0.4883 -0.3823
vn -0.6003 0.3736 -0.7071
vn -0.7890 0.4810 0.3823
vn -0.6037 0.3681 0.7071
vn -0.7890 0.4810 -0.3823
vn -0.6037 0.3681 -0.7071
vn -0.7932 0.4740 0.3823
vn -0.6070 0.3627 0.7071
vn -0.7932 0.4740 -0.3823
vn -0.6070 0.3627 -0.7071
vn -0.7974 0.4670 0.3823
vn -0.6102 0.3573 0.7071
vn -0.7974 0.4670 -0.3823
vn -0.6102 0.3573 -0.7071
vn -0.8017 0.4594 0.3823
vn -0.6135 0.3516 0.7071
vn -0.8017 0.4594 -0.3823
vn -0.6135 0.3516 -0.7071
vn -0.8065 0.4510 0.3822
vn -0.6172 0.3451 0.7071
vn -0.8065 0.4510 -0.3822
vn -0.6172 0.3451 -0.7071
vn -0.8721 -0.2883 0.3955
vn -0.5337 -0.1764 0.8271
vn -0.8721 -0.2883 -0.3955
vn -0.5337 -0.1764 -0.8271
vn -0.1500 -0.9069 0.3938
vn 0.5488 -0.7428 0.3834
vn 0.4202 -0.5687 0.7071
vn -0.0927 -0.5605 0.8230
vn -0.1500 -0.9069 -0.3938
vn 0.5488 -0.7428 -0.3834
vn -0.0927 -0.5605 -0.8230
vn 0.4202 -0.5687 -0.7071
vn 0.5376 -0.7511 0.3832
vn 0.4116 -0.5750 0.7071
vn 0.5376 -0.7511 -0.3832
vn 0.4116 -0.5750 -0.7071
vn 0.5291 -0.7571 0.3831
vn 0.4051 -0.5796 0.7071
vn 0.5291 -0.7571 -0.3831
vn 0.4051 -0.5796 -0.7071
vn 0.5222 -0.7619 0.3830
vn 0.3998 -0.5833 0.7071
vn 0.5222 -0.7619 -0.3830
vn 0.3998 -0.5833 -0.7071
vn 0.5163 -0.7660 0.3830
vn 0.3952 -0.5864 0.7071
vn 0.5163 -0.7660 -0.3830
vn 0.3952 -0.5864 -0.7071
vn 0.5108 -0.7697 0.3830
vn 0.3910 -0.5892 0.7071
vn 0.5108 -0.7697 -0.3830
vn 0.3910 -0.5892 -0.7071
vn 0.5055 -0.7732 0.3830
vn 0.3869 -0.5918 0.7071
vn 0.5055 -0.7732 -0.3830
vn 0.3869 -0.5918 -0.7071
vn 0.5000 -0.7767 0.3830
vn 0.3827 -0.5946 0.7071
vn 0.5000 -0.7767 -0.3830
vn 0.3827 -0.5946 -0.7071
vn 0.4940 -0.7805 0.3830
vn 0.3782 -0.5975 0.7071
vn 0.4940 -0.7805 -0.3830
vn 0.3782 -0.5975 -0.7071
vn 0.4871 -0.7849 0.3831
vn 0.3728 -0.6008 0.7071
vn 0.4871 -0.7849 -0.3831
vn 0.3728 -0.6008 -0.7071
vn 0.4783 -0.7902 0.3832
vn 0.3662 -0.6049 0.7071
vn 0.4783 -0.7902 -0.3832
vn 0.3662 -0.6049 -0.7071
vn 0.8967 -0.2011 0.3942
vn 0.5531 -0.1240 0.8239
vn 0.8967 -0.2011 -0.3942
vn 0.5531 -0.1240 -0.8239
vn 0.2089 0.8977 0.3879
vn 0.1338 0.5749 0.8072
vn 0.2089 0.8977 -0.3879
vn 0.1338 0.5749 -0.8072
vn -0.4682 0.7969 0.3819
vn -0.3582 0.6097 0.7071
vn -0.4682 0.7969 -0.3819
vn -0.3582 0.6097 -0.7071
vn -0.4805 0.7894 0.3821
vn -0.3676 0.6040 0.7071
vn -0.4805 0.7894 -0.3821
vn -0.3676 0.6040 -0.7071
vn -0.4895 0.7838 0.3823
vn -0.3746 0.5998 0.7071
vn -0.4895 0.7838 -0.3823
vn -0.3746 0.5998 -0.7071
vn -0.4964 0.7793 0.3823
vn -0.3799 0.5964 0.7071
vn -0.4964 0.7793 -0.3823
vn -0.3799 0.5964 -0.7071
vn -0.5022 0.7756 0.3824
vn -0.3843 0.5936 0.7071
vn -0.5022 0.7756 -0.3824
vn -0.3843 0.5936 -0.7071
vn -0.5071 0.7724 0.3824
vn -0.3881 0.5911 0.7071
vn -0.5071 0.7724 -0.3824
vn -0.3881 0.5911 -0.7071
vn -0.5115 0.7695 0.3824
vn -0.3915 0.5888 0.7071
vn -0.5115 0.7695 -0.3824
vn -0.3915 0.5888 -0.7071
vn -0.5159 0.7666 0.3824
vn -0.3948 0.5866 0.7071
vn -0.5159 0.7666 -0.3824
vn -0.3948 0.5866 -0.7071
vn -0.5203 0.7636 0.3824
vn -0.3982 0.5843 0.7071
vn -0.5203 0.7636 -0.3824
vn -0.3982 0.5843 -0.7071
vn -0.5254 0.7601 0.3824
vn -0.4020 0.5817 0.7071
vn -0.5254 0.7601 -0.3824
vn -0.4020 0.5817 -0.7071
vn -0.5318 0.7557 0.3823
vn -0.4069 0.5783 0.7071
vn -0.5318 0.7557 -0.3823
vn -0.4069 0.5783 -0.7071
vn -0.9062 0.1625 0.3903
vn -0.5721 0.1026 0.8138
vn -0.9062 0.1625 -0.3903
vn -0.5721 0.1026 -0.8138
vn 0.4916 0.7813 0.3845
vn 0.5238 0.7601 0.3845
vn 0.4012 0.5822 0.7072
vn 0.3765 0.5984 0.7072
vn 0.4916 0.7813 -0.3845
vn 0.5238 0.7601 -0.3845
vn 0.3765 0.5984 -0.7072
vn 0.4012 0.5822 -0.7072
vn 0.5552 0.7375 0.3846
vn 0.4252 0.5649 0.7072
vn 0.5552 0.7375 -0.3846
vn 0.4252 0.5649 -0.7072
vn 0.5857 0.7135 0.3846
vn 0.4486 0.5465 0.7072
vn 0.5857 0.7135 -0.3846
vn 0.4486 0.5465 -0.7072
vn 0.6154 0.6880 0.3846
vn 0.4714 0.5270 0.7072
vn 0.6154 0.6880 -0.3846
vn 0.4714 0.5270 -0.7072
vn 0.6443 0.6610 0.3846
vn 0.4935 0.5063 0.7072
vn 0.6443 0.6610 -0.3846
vn 0.4935 0.5063 -0.7072
vn 0.6724 0.6324 0.3846
vn 0.5150 0.4844 0.7072
vn 0.6724 0.6324 -0.3846
vn 0.5150 0.4844 -0.7072
vn 0.6997 0.6020 0.3847
vn 0.5360 0.4611 0.7072
vn 0.6997 0.6020 -0.3847
vn 0.5360 0.4611 -0.7072
vn 0.7263 0.5697 0.3847
vn 0.5563 0.4364 0.7072
vn 0.7263 0.5697 -0.3847
vn 0.5563 0.4364 -0.7072
vn 0.7519 0.5353 0.3848
vn 0.5760 0.4100 0.7072
vn 0.7519 0.5353 -0.3848
vn 0.5760 0.4100 -0.7072
vn 0.7767 0.4987 0.3849
vn 0.5949 0.3820 0.7072
vn 0.7767 0.4987 -0.3849
vn 0.5949 0.3820 -0.7072
vn -0.0100 0.9054 0.4244
vn -0.0050 0.4544 0.8908
vn -0.0100 0.9054 -0.4244
vn -0.0050 0.4544 -0.8908
vn -0.9267 -0.0347 0.3742
vn -0.6456 -0.0242 0.7633
vn -0.9267 -0.0347 -0.3742
vn -0.6456 -0.0242 -0.7633
vn -0.7517 -0.5384 0.3808
vn -0.5748 -0.4117 0.7072
vn -0.7517 -0.5384 -0.3808
vn -0.5748 -0.4117 -0.7072
vn -0.7275 -0.5706 0.3809
vn -0.5563 -0.4363 0.7072
vn -0.7275 -0.5706 -0.3809
vn -0.5563 -0.4363 -0.7072
vn -0.7032 -0.6002 0.3810
vn -0.5378 -0.4590 0.7072
vn -0.7032 -0.6002 -0.3810
vn -0.5378 -0.4590 -0.7072
vn -0.6788 -0.6277 0.3811
vn -0.5191 -0.4800 0.7072
vn -0.6788 -0.6277 -0.3811
vn -0.5191 -0.4800 -0.7072
vn -0.6542 -0.6532 0.3811
vn -0.5003 -0.4996 0.7072
vn -0.6542 -0.6532 -0.3811
vn -0.5003 -0.4996 -0.7072
vn -0.6294 -0.6772 0.3811
vn -0.4813 -0.5179 0.7072
vn -0.6294 -0.6772 -0.3811
vn -0.4813 -0.5179 -0.7072
vn -0.6042 -0.6998 0.3812
vn -0.4621 -0.5352 0.7072
vn -0.6042 -0.6998 -0.3812
vn -0.4621 -0.5352 -0.7072
vn -0.5785 -0.7211 0.3812
vn -0.4424 -0.5515 0.7072
vn -0.5785 -0.7211 -0.3812
vn -0.4424 -0.5515 -0.7072
vn -0.5522 -0.7415 0.3812
vn -0.4223 -0.5671 0.7072
vn -0.5522 -0.7415 -0.3812
vn -0.4223 -0.5671 -0.7072
vn -0.5252 -0.7609 0.3812
vn -0.4016 -0.5819 0.7072
vn -0.5252 -0.7609 -0.3812
vn -0.4016 -0.5819 -0.7072
vn -0.4972 -0.7794 0.3812
vn -0.3803 -0.5961 0.7072
vn -0.4972 -0.7794 -0.3812
vn -0.3803 -0.5961 -0.7072
vn -0.4681 -0.7973 0.3811
vn -0.3580 -0.6097 0.7072
vn -0.4681 -0.7973 -0.3811
vn -0.3580 -0.6097 -0.7072
vn -0.4377 -0.8144 0.3811
vn -0.3347 -0.6228 0.7072
vn -0.4377 -0.8144 -0.3811
vn -0.3347 -0.6228 -0.7072
vn -0.4085 -0.8293 0.3813
vn -0.3124 -0.6343 0.7072
vn -0.4085 -0.8293 -0.3813
vn -0.3124 -0.6343 -0.7072
vn -0.3823 -0.8417 0.3814
vn -0.2924 -0.6438 0.7071
vn -0.3823 -0.8417 -0.3814
vn -0.2924 -0.6438 -0.7071
vn -0.3583 -0.8521 0.3816
vn -0.2741 -0.6518 0.7071
vn -0.3583 -0.8521 -0.3816
vn -0.2741 -0.6518 -0.7071
vn -0.3361 -0.8610 0.3816
vn -0.2571 -0.6587 0.7071
vn -0.3361 -0.8610 -0.3816
vn -0.2571 -0.6587 -0.7071
vn -0.3152 -0.8689 0.3817
vn -0.2411 -0.6647 0.7071
vn -0.3152 -0.8689 -0.3817
vn -0.2411 -0.6647 -0.7071
vn -0.2949 -0.8760 0.3817
vn -0.2256 -0.6701 0.7071
vn -0.2949 -0.8760 -0.3817
vn -0.2256 -0.6701 -0.7071
vn -0.2749 -0.8824 0.3817
vn -0.2103 -0.6751 0.7071
vn -0.2749 -0.8824 -0.3817
vn -0.2103 -0.6751 -0.7071
vn -0.2547 -0.8885 0.3817
vn -0.1948 -0.6797 0.7071
vn -0.2547 -0.8885 -0.3817
vn -0.1948 -0.6797 -0.7071
vn -0.2335 -0.8943 0.3817
vn -0.1786 -0.6842 0.7071
vn -0.2335 -0.8943 -0.3817
vn -0.1786 -0.6842 -0.7071
vn -0.2105 -0.9001 0.3816
vn -0.1610 -0.6885 0.7071
vn -0.2105 -0.9001 -0.3816
vn -0.1610 -0.6885 -0.7071
vn 0.3766 -0.8455 0.3786
vn 0.2551 -0.5728 0.7790
vn 0.3766 -0.8455 -0.3786
vn 0.2551 -0.5728 -0.7790
vn 0.8268 0.3834 0.4115
vn 0.4558 0.2114 0.8646
vn 0.8268 0.3834 -0.4115
vn 0.4558 0.2114 -0.8646
vn 0.1825 0.9052 0.3838
vn 0.1398 0.6931 0.7071
vn 0.1825 0.9052 -0.3838
vn 0.1398 0.6931 -0.7071
vn 0.2058 0.9002 0.3838
vn 0.1576 0.6893 0.7071
vn 0.2058 0.9002 -0.3838
vn 0.1576 0.6893 -0.7071
vn 0.2286 0.8947 0.3838
vn 0.1750 0.6851 0.7071
vn 0.2286 0.8947 -0.3838
vn 0.1750 0.6851 -0.7071
vn 0.2511 0.8886 0.3838
vn 0.1923 0.6804 0.7071
vn 0.2511 0.8886 -0.3838
vn 0.1923 0.6804 -0.7071
vn 0.2738 0.8819 0.3838
vn 0.2096 0.6753 0.7071
vn 0.2738 0.8819 -0.3838
vn 0.2096 0.6753 -0.7071
vn 0.2967 0.8744 0.3838
vn 0.2272 0.6696 0.7071
vn 0.2967 0.8744 -0.3838
vn 0.2272 0.6696 -0.7071
vn 0.3202 0.8661 0.3839
vn 0.2452 0.6632 0.7071
vn 0.3202 0.8661 -0.3839
vn 0.2452 0.6632 -0.7071
vn 0.3444 0.8567 0.3840
vn 0.2638 0.6560 0.7071
vn 0.3444 0.8567 -0.3840
vn 0.2638 0.6560 -0.7071
vn 0.3697 0.8461 0.3840
vn 0.2831 0.6479 0.7071
vn 0.3697 0.8461 -0.3840
vn 0.2831 0.6479 -0.7071
vn 0.3963 0.8339 0.3841
vn 0.3035 0.6386 0.7072
vn 0.3963 0.8339 -0.3841
vn 0.3035 0.6386 -0.7072
vn 0.4243 0.8199 0.3842
vn 0.3250 0.6279 0.7072
vn 0.4243 0.8199 -0.3842
vn 0.3250 0.6279 -0.7072
vn 0.4570 0.8020 0.3847
vn 0.3500 0.6143 0.7072
vn 0.4570 0.8020 -0.3847
vn 0.3500 0.6143 -0.7072
vn -0.1751 -0.9024 0.3937
vn 0.5292 -0.7571 0.3832
vn -0.1083 -0.5581 0.8227
vn -0.1751 -0.9024 -0.3937
vn 0.5292 -0.7571 -0.3832
vn -0.1083 -0.5581 -0.8227
vn 0.5207 -0.7630 0.3831
vn 0.3986 -0.5841 0.7071
vn 0.5207 -0.7630 -0.3831
vn 0.3986 -0.5841 -0.7071
vn 0.5135 -0.7678 0.3831
vn 0.3931 -0.5878 0.7071
vn 0.5135 -0.7678 -0.3831
vn 0.3931 -0.5878 -0.7071
vn 0.5070 -0.7722 0.3830
vn 0.3881 -0.5911 0.7071
vn 0.5070 -0.7722 -0.3830
vn 0.3881 -0.5911 -0.7071
vn 0.5006 -0.7763 0.3830
vn 0.3832 -0.5943 0.7071
vn 0.5006 -0.7763 -0.3830
vn 0.3832 -0.5943 -0.7071
vn 0.4940 -0.7805 0.3831
vn 0.3781 -0.5975 0.7071
vn 0.4940 -0.7805 -0.3831
vn 0.3781 -0.5975 -0.7071
vn 0.4868 -0.7850 0.3831
vn 0.3726 -0.6010 0.7071
vn 0.4868 -0.7850 -0.3831
vn 0.3726 -0.6010 -0.7071
vn 0.4785 -0.7901 0.3832
vn 0.3663 -0.6048 0.7071
vn 0.4785 -0.7901 -0.3832
vn 0.3663 -0.6048 -0.7071
vn 0.4687 -0.7959 0.3833
vn 0.3588 -0.6093 0.7071
vn 0.4687 -0.7959 -0.3833
vn 0.3588 -0.6093 -0.7071
vn 0.4563 -0.8030 0.3834
vn 0.3493 -0.6148 0.7071
vn 0.4563 -0.8030 -0.3834
vn 0.3493 -0.6148 -0.7071
vn 0.4399 -0.8119 0.3837
vn 0.3369 -0.6217 0.7071
vn 0.4399 -0.8119 -0.3837
vn 0.3369 -0.6217 -0.7071
vn 0.8892 -0.2276 0.3968
vn 0.5398 -0.1382 0.8304
vn 0.8892 -0.2276 -0.3968
vn 0.5398 -0.1382 -0.8304
vn 0.2195 0.8954 0.3875
vn 0.1410 0.5750 0.8059
vn 0.2195 0.8954 -0.3875
vn 0.1410 0.5750 -0.8059
vn -0.4525 0.8057 0.3821
vn -0.3463 0.6165 0.7071
vn -0.4525 0.8057 -0.3821
vn -0.3463 0.6165 -0.7071
vn -0.4616 0.8005 0.3823
vn -0.3532 0.6126 0.7071
vn -0.4616 0.8005 -0.3823
vn -0.3532 0.6126 -0.7071
vn -0.4685 0.7964 0.3823
vn -0.3586 0.6095 0.7071
vn -0.4685 0.7964 -0.3823
vn -0.3586 0.6095 -0.7071
vn -0.4744 0.7929 0.3824
vn -0.3630 0.6068 0.7071
vn -0.4744 0.7929 -0.3824
vn -0.3630 0.6068 -0.7071
vn -0.4796 0.7898 0.3824
vn -0.3670 0.6044 0.7071
vn -0.4796 0.7898 -0.3824
vn -0.3670 0.6044 -0.7071
vn -0.4847 0.7867 0.3824
vn -0.3709 0.6020 0.7071
vn -0.4847 0.7867 -0.3824
vn -0.3709 0.6020 -0.7071
vn -0.4899 0.7835 0.3824
vn -0.3749 0.5996 0.7071
vn -0.4899 0.7835 -0.3824
vn -0.3749 0.5996 -0.7071
vn -0.4956 0.7799 0.3824
vn -0.3792 0.5968 0.7071
vn -0.4956 0.7799 -0.3824
vn -0.3792 0.5968 -0.7071
vn -0.5023 0.7756 0.3823
vn -0.3844 0.5935 0.7071
vn -0.5023 0.7756 -0.3823
vn -0.3844 0.5935 -0.7071
vn -0.5110 0.7700 0.3821
vn -0.3910 0.5892 0.7071
vn -0.5110 0.7700 -0.3821
vn -0.3910 0.5892 -0.7071
vn -0.5231 0.7619 0.3819
vn -0.4002 0.5829 0.7071
vn -0.5231 0.7619 -0.3819
vn -0.4002 0.5829 -0.7071
vn -0.9038 0.1777 0.3894
vn -0.5739 0.1129 0.8111
vn -0.9038 0.1777 -0.3894
vn -0.5739 0.1129 -0.8111
vn 0.9013 -0.1227 0.4154
vn 0.6267 0.6780 0.3842
vn 0.4799 0.5192 0.7072
vn 0.4835 -0.0658 0.8728
vn 0.9013 -0.1227 -0.4154
vn 0.6267 0.6780 -0.3842
vn 0.4835 -0.0658 -0.8728
vn 0.4799 0.5192 -0.7072
vn 0.6485 0.6573 0.3840
vn 0.4966 0.5034 0.7071
vn 0.6485 0.6573 -0.3840
vn 0.4966 0.5034 -0.7071
vn 0.6668 0.6388 0.3838
vn 0.5106 0.4891 0.7071
vn 0.6668 0.6388 -0.3838
vn 0.5106 0.4891 -0.7071
vn 0.6828 0.6217 0.3837
vn 0.5229 0.4760 0.7071
vn 0.6828 0.6217 -0.3837
vn 0.5229 0.4760 -0.7071
vn 0.6974 0.6054 0.3837
vn 0.5340 0.4635 0.7071
vn 0.6974 0.6054 -0.3837
vn 0.5340 0.4635 -0.7071
vn 0.7110 0.5893 0.3837
vn 0.5444 0.4512 0.7071
vn 0.7110 0.5893 -0.3837
vn 0.5444 0.4512 -0.7071
vn 0.7242 0.5730 0.3837
vn 0.5545 0.4387 0.7071
vn 0.7242 0.5730 -0.3837
vn 0.5545 0.4387 -0.7071
vn 0.7375 0.5557 0.3838
vn 0.5647 0.4255 0.7071
vn 0.7375 0.5557 -0.3838
vn 0.5647 0.4255 -0.7071
vn 0.7515 0.5366 0.3839
vn 0.5754 0.4109 0.7071
vn 0.7515 0.5366 -0.3839
vn 0.5754 0.4109 -0.7071
vn 0.7666 0.5146 0.3841
vn 0.5871 0.3940 0.7071
vn 0.7666 0.5146 -0.3841
vn 0.5871 0.3940 -0.7071
vn -0.3581 0.9161 0.1801
vn -0.5284 0.8490 -0.0001
vn -0.3581 0.9161 -0.1801
vn -0.5285 0.8490 0.0001
vn -0.4574 -0.8447 0.2778
vn -0.5763 -0.8173 -0.0000
vn -0.4574 -0.8447 -0.2778
vn -0.6859 -0.4225 0.5925
vn -0.4787 -0.2949 0.8270
vn -0.6859 -0.4225 -0.5925
vn -0.4787 -0.2949 -0.8270
vn -0.8901 0.2474 0.3827
vn -0.6813 0.1894 0.7071
vn -0.8901 0.2474 -0.3827
vn -0.6813 0.1894 -0.7071
vn -0.8901 0.2476 0.3827
vn -0.6812 0.1895 0.7071
vn -0.8901 0.2476 -0.3827
vn -0.6812 0.1895 -0.7071
vn -0.8900 0.2478 0.3827
vn -0.6812 0.1896 0.7071
vn -0.8900 0.2478 -0.3827
vn -0.6812 0.1896 -0.7071
vn -0.8900 0.2480 0.3827
vn -0.6811 0.1898 0.7071
vn -0.8900 0.2480 -0.3827
vn -0.6811 0.1898 -0.7071
vn -0.8899 0.2484 0.3827
vn -0.6811 0.1901 0.7071
vn -0.8899 0.2484 -0.3827
vn -0.6811 0.1901 -0.7071
vn -0.8897 0.2488 0.3827
vn -0.6810 0.1904 0.7071
vn -0.8897 0.2488 -0.3827
vn -0.6810 0.1904 -0.7071
vn -0.8896 0.2494 0.3827
vn -0.6809 0.1909 0.7071
vn -0.8896 0.2494 -0.3827
vn -0.6809 0.1909 -0.7071
vn -0.8893 0.2502 0.3827
vn -0.6807 0.1915 0.7071
vn -0.8893 0.2502 -0.3827
vn -0.6807 0.1915 -0.7071
vn -0.8890 0.2513 0.3827
vn -0.6804 0.1923 0.7071
vn -0.8890 0.2513 -0.3827
vn -0.6804 0.1923 -0.7071
vn -0.8885 0.2530 0.3828
vn -0.6801 0.1937 0.7071
vn -0.8885 0.2530 -0.3828
vn -0.6801 0.1937 -0.7071
vn -0.8876 0.2561 0.3829
vn -0.6794 0.1961 0.7071
vn -0.8876 0.2561 -0.3829
vn -0.6794 0.1961 -0.7071
vn -0.8836 0.2685 0.3837
vn -0.6765 0.2056 0.7071
vn -0.8836 0.2685 -0.3837
vn -0.6765 0.2056 -0.7071
vn -0.8806 0.2795 0.3827
vn -0.6740 0.2139 0.7071
vn -0.8806 0.2795 -0.3827
vn -0.6740 0.2139 -0.7071
vn -0.8802 0.2806 0.3827
vn -0.6737 0.2148 0.7071
vn -0.8802 0.2806 -0.3827
vn -0.6737 0.2148 -0.7071
vn -0.8799 0.2816 0.3827
vn -0.6735 0.2155 0.7071
vn -0.8799 0.2816 -0.3827
vn -0.6735 0.2155 -0.7071
vn -0.8796 0.2824 0.3827
vn -0.6733 0.2162 0.7071
vn -0.8796 0.2824 -0.3827
vn -0.6733 0.2162 -0.7071
vn -0.8794 0.2833 0.3827
vn -0.6730 0.2168 0.7071
vn -0.8794 0.2833 -0.3827
vn -0.6730 0.2168 -0.7071
vn -0.8791 0.2841 0.3827
vn -0.6728 0.2175 0.7071
vn -0.8791 0.2841 -0.3827
vn -0.6728 0.2175 -0.7071
vn -0.8788 0.2850 0.3827
vn -0.6726 0.2182 0.7071
vn -0.8788 0.2850 -0.3827
vn -0.6726 0.2182 -0.7071
vn -0.8785 0.2860 0.3827
vn -0.6724 0.2189 0.7071
vn -0.8785 0.2860 -0.3827
vn -0.6724 0.2189 -0.7071
vn -0.8781 0.2871 0.3827
vn -0.6721 0.2198 0.7071
vn -0.8781 0.2871 -0.3827
vn -0.6721 0.2198 -0.7071
vn -0.8777 0.2885 0.3828
vn -0.6718 0.2208 0.7071
vn -0.8777 0.2885 -0.3828
vn -0.6718 0.2208 -0.7071
vn -0.8771 0.2901 0.3828
vn -0.6713 0.2220 0.7071
vn -0.8771 0.2901 -0.3828
vn -0.6713 0.2220 -0.7071
vn -0.8069 -0.4393 0.3949
vn -0.4953 -0.2697 0.8258
vn -0.8069 -0.4393 -0.3950
vn -0.4953 -0.2697 -0.8258
vn 0.5092 -0.7633 0.3975
vn 0.3077 -0.4613 0.8322
vn 0.5092 -0.7633 -0.3975
vn 0.3077 -0.4613 -0.8322
vn 0.9138 -0.1346 0.3831
vn 0.6996 -0.1030 0.7071
vn 0.9138 -0.1346 -0.3831
vn 0.6996 -0.1030 -0.7071
vn 0.9124 -0.1442 0.3831
vn 0.6984 -0.1104 0.7071
vn 0.9124 -0.1442 -0.3831
vn 0.6984 -0.1104 -0.7071
vn 0.9108 -0.1538 0.3831
vn 0.6972 -0.1178 0.7071
vn 0.9108 -0.1538 -0.3831
vn 0.6972 -0.1178 -0.7071
vn 0.9091 -0.1634 0.3831
vn 0.6959 -0.1251 0.7071
vn 0.9091 -0.1634 -0.3831
vn 0.6959 -0.1251 -0.7071
vn 0.9073 -0.1731 0.3831
vn 0.6946 -0.1325 0.7071
vn 0.9073 -0.1731 -0.3832
vn 0.6946 -0.1325 -0.7071
vn 0.9054 -0.1830 0.3832
vn 0.6931 -0.1401 0.7071
vn 0.9054 -0.1830 -0.3832
vn 0.6931 -0.1401 -0.7071
vn 0.9033 -0.1930 0.3832
vn 0.6915 -0.1478 0.7071
vn 0.9033 -0.1930 -0.3832
vn 0.6915 -0.1478 -0.7071
vn 0.9010 -0.2034 0.3832
vn 0.6897 -0.1557 0.7071
vn 0.9010 -0.2034 -0.3832
vn 0.6897 -0.1557 -0.7071
vn 0.8985 -0.2141 0.3832
vn 0.6878 -0.1639 0.7071
vn 0.8985 -0.2141 -0.3832
vn 0.6878 -0.1639 -0.7071
vn 0.8958 -0.2253 0.3832
vn 0.6857 -0.1725 0.7071
vn 0.8958 -0.2253 -0.3832
vn 0.6857 -0.1725 -0.7071
vn 0.8927 -0.2369 0.3833
vn 0.6834 -0.1814 0.7071
vn 0.8927 -0.2369 -0.3833
vn 0.6834 -0.1814 -0.7071
vn 0.8912 -0.2435 0.3827
vn 0.6821 -0.1864 0.7071
vn 0.8912 -0.2435 -0.3827
vn 0.6821 -0.1864 -0.7071
vn 0.4349 -0.7061 0.5588
vn 0.3094 -0.5024 0.8074
vn 0.4349 -0.7061 -0.5588
vn 0.3094 -0.5024 -0.8074
vn 0.4872 -0.7821 0.3885
vn 0.3110 -0.4993 0.8087
vn 0.4872 -0.7821 -0.3885
vn 0.3110 -0.4993 -0.8087
vn 0.7465 0.5305 0.4015
vn 0.4398 0.3126 0.8419
vn 0.7465 0.5305 -0.4015
vn 0.4398 0.3126 -0.8419
vn 0.0776 0.9204 0.3832
vn 0.0594 0.7046 0.7071
vn 0.0776 0.9204 -0.3832
vn 0.0594 0.7046 -0.7071
vn 0.0890 0.9194 0.3832
vn 0.0681 0.7038 0.7071
vn 0.0890 0.9194 -0.3832
vn 0.0681 0.7038 -0.7071
vn 0.0998 0.9183 0.3832
vn 0.0764 0.7030 0.7071
vn 0.0998 0.9183 -0.3832
vn 0.0764 0.7030 -0.7071
vn 0.1098 0.9171 0.3831
vn 0.0840 0.7021 0.7071
vn 0.1098 0.9171 -0.3831
vn 0.0840 0.7021 -0.7071
vn 0.1188 0.9160 0.3831
vn 0.0910 0.7012 0.7071
vn 0.1188 0.9160 -0.3831
vn 0.0910 0.7012 -0.7071
vn 0.1269 0.9150 0.3830
vn 0.0971 0.7004 0.7071
vn 0.1269 0.9150 -0.3830
vn 0.0971 0.7004 -0.7071
vn 0.1339 0.9140 0.3830
vn 0.1025 0.6996 0.7071
vn 0.1339 0.9140 -0.3830
vn 0.1025 0.6996 -0.7071
vn 0.1397 0.9131 0.3829
vn 0.1070 0.6990 0.7071
vn 0.1397 0.9131 -0.3829
vn 0.1070 0.6990 -0.7071
vn 0.1444 0.9124 0.3829
vn 0.1105 0.6984 0.7071
vn 0.1444 0.9124 -0.3829
vn 0.1105 0.6984 -0.7071
vn 0.1480 0.9119 0.3828
vn 0.1132 0.6980 0.7071
vn 0.1480 0.9119 -0.3828
vn 0.1132 0.6980 -0.7071
vn 0.1504 0.9115 0.3828
vn 0.1151 0.6977 0.7071
vn 0.1504 0.9115 -0.3828
vn 0.1151 0.6977 -0.7071
vn 0.1576 0.9101 0.3833
vn 0.1206 0.6967 0.7071
vn 0.1576 0.9101 -0.3833
vn 0.1206 0.6967 -0.7071
vn 0.6800 0.4230 0.5989
vn 0.4729 0.2942 0.8306
vn 0.6800 0.4230 -0.5989
vn 0.4729 0.2942 -0.8306
vn 0.8879 -0.2553 0.3827
vn 0.6796 -0.1954 0.7071
vn 0.8879 -0.2553 -0.3827
vn 0.6796 -0.1954 -0.7071
vn 0.8855 -0.2627 0.3834
vn 0.6779 -0.2011 0.7071
vn 0.8855 -0.2627 -0.3834
vn 0.6779 -0.2011 -0.7071
vn 0.8811 -0.2770 0.3834
vn 0.6745 -0.2121 0.7071
vn 0.8811 -0.2770 -0.3834
vn 0.6745 -0.2121 -0.7071
vn 0.8761 -0.2922 0.3835
vn 0.6708 -0.2237 0.7071
vn 0.8761 -0.2922 -0.3835
vn 0.6708 -0.2237 -0.7071
vn 0.8706 -0.3082 0.3835
vn 0.6666 -0.2360 0.7071
vn 0.8706 -0.3082 -0.3835
vn 0.6666 -0.2360 -0.7071
vn 0.8644 -0.3252 0.3836
vn 0.6618 -0.2490 0.7071
vn 0.8644 -0.3252 -0.3836
vn 0.6618 -0.2490 -0.7071
vn 0.8574 -0.3431 0.3836
vn 0.6565 -0.2627 0.7071
vn 0.8574 -0.3431 -0.3836
vn 0.6565 -0.2627 -0.7071
vn 0.8495 -0.3621 0.3837
vn 0.6504 -0.2773 0.7071
vn 0.8495 -0.3621 -0.3837
vn 0.6504 -0.2773 -0.7071
vn 0.8406 -0.3823 0.3838
vn 0.6436 -0.2927 0.7071
vn 0.8406 -0.3823 -0.3838
vn 0.6436 -0.2927 -0.7071
vn 0.8305 -0.4036 0.3838
vn 0.6359 -0.3091 0.7071
vn 0.8305 -0.4036 -0.3838
vn 0.6359 -0.3091 -0.7071
vn 0.8191 -0.4262 0.3839
vn 0.6272 -0.3264 0.7071
vn 0.8191 -0.4262 -0.3839
vn 0.6272 -0.3264 -0.7071
vn 0.8062 -0.4501 0.3840
vn 0.6174 -0.3447 0.7071
vn 0.8062 -0.4501 -0.3840
vn 0.6174 -0.3447 -0.7071
vn 0.8395 0.3584 0.4084
vn 0.4729 0.2019 0.8577
vn 0.8395 0.3584 -0.4084
vn 0.4729 0.2019 -0.8577
vn -0.5003 0.7707 0.3945
vn -0.3079 0.4743 0.8247
vn -0.5003 0.7707 -0.3945
vn -0.3079 0.4743 -0.8247
vn -0.9081 0.1693 0.3831
vn -0.6951 0.1296 0.7071
vn -0.9081 0.1693 -0.3831
vn -0.6951 0.1296 -0.7071
vn -0.9066 0.1771 0.3830
vn -0.6940 0.1356 0.7071
vn -0.9066 0.1771 -0.3830
vn -0.6940 0.1356 -0.7071
vn -0.9053 0.1839 0.3830
vn -0.6930 0.1407 0.7071
vn -0.9053 0.1839 -0.3830
vn -0.6930 0.1407 -0.7071
vn -0.9041 0.1897 0.3829
vn -0.6920 0.1452 0.7071
vn -0.9041 0.1897 -0.3829
vn -0.6920 0.1452 -0.7071
vn -0.9030 0.1948 0.3829
vn -0.6912 0.1491 0.7071
vn -0.9030 0.1948 -0.3829
vn -0.6912 0.1491 -0.7071
vn -0.9021 0.1992 0.3829
vn -0.6905 0.1525 0.7071
vn -0.9021 0.1992 -0.3829
vn -0.6905 0.1525 -0.7071
vn -0.9012 0.2031 0.3829
vn -0.6898 0.1554 0.7071
vn -0.9012 0.2031 -0.3829
vn -0.6898 0.1554 -0.7071
vn -0.9005 0.2064 0.3828
vn -0.6892 0.1580 0.7071
vn -0.9005 0.2064 -0.3828
vn -0.6892 0.1580 -0.7071
vn -0.8998 0.2092 0.3828
vn -0.6887 0.1602 0.7071
vn -0.8998 0.2092 -0.3828
vn -0.6887 0.1602 -0.7071
vn -0.8992 0.2117 0.3828
vn -0.6883 0.1621 0.7071
vn -0.8992 0.2117 -0.3828
vn -0.6883 0.1621 -0.7071
vn -0.8988 0.2138 0.3828
vn -0.6879 0.1636 0.7071
vn -0.8988 0.2138 -0.3828
vn -0.6879 0.1636 -0.7071
vn -0.8936 0.2317 0.3844
vn -0.6844 0.1774 0.7072
vn -0.8936 0.2317 -0.3844
vn -0.6844 0.1774 -0.7072
vn -0.4377 0.7070 0.5554
vn -0.3120 0.5040 0.8054
vn -0.4377 0.7070 -0.5554
vn -0.3120 0.5040 -0.8054
vn 0.1742 0.9073 0.3827
vn 0.1334 0.6944 0.7071
vn 0.1742 0.9073 -0.3827
vn 0.1334 0.6944 -0.7071
vn 0.1748 0.9072 0.3827
vn 0.1338 0.6943 0.7071
vn 0.1748 0.9072 -0.3827
vn 0.1338 0.6943 -0.7071
vn 0.1753 0.9071 0.3827
vn 0.1342 0.6943 0.7071
vn 0.1753 0.9071 -0.3827
vn 0.1342 0.6943 -0.7071
vn 0.1760 0.9069 0.3827
vn 0.1347 0.6942 0.7071
vn 0.1760 0.9069 -0.3827
vn 0.1347 0.6942 -0.7071
vn 0.1768 0.9068 0.3827
vn 0.1353 0.6940 0.7071
vn 0.1768 0.9068 -0.3827
vn 0.1353 0.6940 -0.7071
vn 0.1778 0.9066 0.3827
vn 0.1361 0.6939 0.7071
vn 0.1778 0.9066 -0.3827
vn 0.1361 0.6939 -0.7071
vn 0.1791 0.9063 0.3828
vn 0.1371 0.6937 0.7071
vn 0.1791 0.9063 -0.3828
vn 0.1371 0.6937 -0.7071
vn 0.1809 0.9060 0.3828
vn 0.1385 0.6934 0.7071
vn 0.1809 0.9060 -0.3828
vn 0.1385 0.6934 -0.7071
vn 0.1835 0.9054 0.3828
vn 0.1405 0.6930 0.7071
vn 0.1835 0.9054 -0.3828
vn 0.1405 0.6930 -0.7071
vn 0.1876 0.9045 0.3829
vn 0.1436 0.6924 0.7071
vn 0.1876 0.9045 -0.3829
vn 0.1436 0.6924 -0.7071
vn 0.1955 0.9027 0.3832
vn 0.1497 0.6911 0.7071
vn 0.1955 0.9027 -0.3832
vn 0.1497 0.6911 -0.7071
vn 0.2126 0.8986 0.3838
vn 0.1628 0.6881 0.7071
vn 0.2126 0.8986 -0.3838
vn 0.1628 0.6881 -0.7071
vn 0.2256 0.8959 0.3828
vn 0.1727 0.6857 0.7071
vn 0.2256 0.8959 -0.3828
vn 0.1727 0.6857 -0.7071
vn 0.2289 0.8950 0.3829
vn 0.1752 0.6851 0.7071
vn 0.2289 0.8950 -0.3829
vn 0.1752 0.6851 -0.7071
vn 0.2342 0.8936 0.3830
vn 0.1793 0.6840 0.7071
vn 0.2342 0.8936 -0.3830
vn 0.1793 0.6840 -0.7071
vn 0.2416 0.8916 0.3831
vn 0.1849 0.6825 0.7071
vn 0.2416 0.8916 -0.3831
vn 0.1849 0.6825 -0.7071
vn 0.2510 0.8889 0.3832
vn 0.1922 0.6805 0.7071
vn 0.2510 0.8889 -0.3832
vn 0.1922 0.6805 -0.7071
vn 0.2628 0.8854 0.3833
vn 0.2012 0.6779 0.7071
vn 0.2628 0.8854 -0.3833
vn 0.2012 0.6779 -0.7071
vn 0.2773 0.8809 0.3835
vn 0.2123 0.6745 0.7071
vn 0.2773 0.8809 -0.3835
vn 0.2123 0.6745 -0.7071
vn 0.2949 0.8751 0.3836
vn 0.2258 0.6701 0.7071
vn 0.2949 0.8751 -0.3836
vn 0.2258 0.6701 -0.7071
vn 0.3163 0.8675 0.3839
vn 0.2422 0.6643 0.7071
vn 0.3163 0.8675 -0.3839
vn 0.2422 0.6643 -0.7071
vn 0.3424 0.8574 0.3842
vn 0.2622 0.6566 0.7072
vn 0.3424 0.8574 -0.3842
vn 0.2622 0.6566 -0.7072
vn 0.3745 0.8437 0.3846
vn 0.2868 0.6462 0.7072
vn 0.3745 0.8437 -0.3846
vn 0.2868 0.6462 -0.7072
vn -0.0797 0.9246 0.3725
vn -0.0562 0.6520 0.7561
vn -0.0797 0.9246 -0.3725
vn -0.0562 0.6520 -0.7561
vn -0.8967 0.2179 0.3853
vn -0.5834 0.1418 0.7997
vn -0.8967 0.2179 -0.3853
vn -0.5834 0.1418 -0.7997
vn -0.8100 -0.4457 0.3810
vn -0.6195 -0.3408 0.7072
vn -0.8100 -0.4457 -0.3810
vn -0.6195 -0.3408 -0.7072
vn -0.7938 -0.4737 0.3814
vn -0.6072 -0.3623 0.7071
vn -0.7938 -0.4737 -0.3814
vn -0.6072 -0.3623 -0.7071
vn -0.7801 -0.4958 0.3816
vn -0.5968 -0.3793 0.7071
vn -0.7801 -0.4958 -0.3816
vn -0.5968 -0.3793 -0.7071
vn -0.7680 -0.5143 0.3817
vn -0.5875 -0.3934 0.7071
vn -0.7680 -0.5143 -0.3817
vn -0.5875 -0.3934 -0.7071
vn -0.7568 -0.5305 0.3818
vn -0.5790 -0.4059 0.7071
vn -0.7568 -0.5305 -0.3818
vn -0.5790 -0.4059 -0.7071
vn -0.7460 -0.5456 0.3818
vn -0.5707 -0.4174 0.7071
vn -0.7460 -0.5456 -0.3818
vn -0.5707 -0.4174 -0.7071
vn -0.7350 -0.5603 0.3818
vn -0.5623 -0.4287 0.7071
vn -0.7350 -0.5603 -0.3818
vn -0.5623 -0.4287 -0.7071
vn -0.7233 -0.5754 0.3818
vn -0.5533 -0.4402 0.7071
vn -0.7233 -0.5754 -0.3818
vn -0.5533 -0.4402 -0.7071
vn -0.7101 -0.5917 0.3817
vn -0.5432 -0.4526 0.7071
vn -0.7101 -0.5917 -0.3817
vn -0.5432 -0.4526 -0.7071
vn -0.6944 -0.6101 0.3815
vn -0.5312 -0.4667 0.7071
vn -0.6944 -0.6101 -0.3815
vn -0.5312 -0.4667 -0.7071
vn -0.6746 -0.6322 0.3812
vn -0.5159 -0.4835 0.7072
vn -0.6746 -0.6322 -0.3812
vn -0.5159 -0.4835 -0.7072
vn -0.1575 -0.9122 0.3781
vn -0.1070 -0.6196 0.7776
vn -0.1575 -0.9122 -0.3781
vn -0.1070 -0.6196 -0.7776
vn 0.0015 -0.9202 0.3915
vn 0.6471 -0.6588 0.3838
vn 0.4955 -0.5045 0.7071
vn 0.0009 -0.5767 0.8169
vn 0.0015 -0.9202 -0.3915
vn 0.6471 -0.6588 -0.3838
vn 0.0009 -0.5767 -0.8169
vn 0.4955 -0.5045 -0.7071
vn 0.6330 -0.6725 0.3835
vn 0.4847 -0.5149 0.7071
vn 0.6330 -0.6725 -0.3835
vn 0.4847 -0.5149 -0.7071
vn 0.6221 -0.6827 0.3833
vn 0.4762 -0.5227 0.7071
vn 0.6221 -0.6827 -0.3833
vn 0.4762 -0.5227 -0.7071
vn 0.6128 -0.6911 0.3832
vn 0.4691 -0.5291 0.7071
vn 0.6128 -0.6911 -0.3832
vn 0.4691 -0.5291 -0.7071
vn 0.6043 -0.6986 0.3832
vn 0.4626 -0.5348 0.7071
vn 0.6043 -0.6986 -0.3832
vn 0.4626 -0.5348 -0.7071
vn 0.5961 -0.7056 0.3832
vn 0.4563 -0.5401 0.7071
vn 0.5961 -0.7056 -0.3832
vn 0.4563 -0.5401 -0.7071
vn 0.5877 -0.7126 0.3832
vn 0.4499 -0.5455 0.7071
vn 0.5877 -0.7126 -0.3832
vn 0.4499 -0.5455 -0.7071
vn 0.5785 -0.7201 0.3833
vn 0.4429 -0.5512 0.7071
vn 0.5785 -0.7201 -0.3833
vn 0.4429 -0.5512 -0.7071
vn 0.5679 -0.7284 0.3834
vn 0.4348 -0.5576 0.7071
vn 0.5679 -0.7284 -0.3834
vn 0.4348 -0.5576 -0.7071
vn 0.5551 -0.7381 0.3835
vn 0.4250 -0.5651 0.7071
vn 0.5551 -0.7381 -0.3835
vn 0.4250 -0.5651 -0.7071
vn 0.5385 -0.7502 0.3838
vn 0.4123 -0.5744 0.7071
vn 0.5385 -0.7502 -0.3838
vn 0.4123 -0.5744 -0.7071
vn 0.9118 -0.0957 0.3992
vn 0.5451 -0.0572 0.8364
vn 0.9118 -0.0957 -0.3992
vn 0.5451 -0.0572 -0.8364
vn 0.1015 0.9177 0.3842
vn 0.0665 0.6009 0.7966
vn 0.1015 0.9177 -0.3842
vn 0.0665 0.6009 -0.7966
vn -0.5296 0.7575 0.3817
vn -0.4052 0.5795 0.7071
vn -0.5296 0.7575 -0.3817
vn -0.4052 0.5795 -0.7071
vn -0.5445 0.7467 0.3820
vn -0.4166 0.5713 0.7071
vn -0.5445 0.7467 -0.3820
vn -0.4166 0.5713 -0.7071
vn -0.5561 0.7381 0.3821
vn -0.4255 0.5647 0.7071
vn -0.5561 0.7381 -0.3821
vn -0.4255 0.5647 -0.7071
vn -0.5658 0.7306 0.3822
vn -0.4329 0.5591 0.7071
vn -0.5658 0.7306 -0.3822
vn -0.4329 0.5591 -0.7071
vn -0.5744 0.7239 0.3822
vn -0.4395 0.5539 0.7071
vn -0.5744 0.7239 -0.3822
vn -0.4395 0.5539 -0.7071
vn -0.5825 0.7174 0.3822
vn -0.4457 0.5489 0.7071
vn -0.5825 0.7174 -0.3822
vn -0.4457 0.5489 -0.7071
vn -0.5906 0.7107 0.3822
vn -0.4519 0.5438 0.7071
vn -0.5906 0.7107 -0.3822
vn -0.4519 0.5438 -0.7071
vn -0.5992 0.7035 0.3821
vn -0.4585 0.5383 0.7071
vn -0.5992 0.7035 -0.3821
vn -0.4585 0.5383 -0.7071
vn -0.6088 0.6953 0.3821
vn -0.4658 0.5320 0.7071
vn -0.6088 0.6953 -0.3821
vn -0.4658 0.5320 -0.7071
vn -0.6202 0.6852 0.3819
vn -0.4745 0.5242 0.7071
vn -0.6202 0.6852 -0.3819
vn -0.4745 0.5242 -0.7071
vn -0.6348 0.6718 0.3816
vn -0.4856 0.5139 0.7071
vn -0.6348 0.6718 -0.3816
vn -0.4856 0.5139 -0.7071
vn -0.9199 0.0074 0.3922
vn -0.5742 0.0046 0.8187
vn -0.9199 0.0074 -0.3922
vn -0.5742 0.0046 -0.8187
vn 0.5325 0.7538 0.3850
vn 0.5698 0.7261 0.3849
vn 0.4365 0.5562 0.7072
vn 0.4079 0.5775 0.7072
vn 0.5325 0.7538 -0.3850
vn 0.5698 0.7261 -0.3849
vn 0.4079 0.5775 -0.7072
vn 0.4365 0.5562 -0.7072
vn 0.6039 0.6980 0.3848
vn 0.4626 0.5347 0.7072
vn 0.6039 0.6980 -0.3848
vn 0.4626 0.5347 -0.7072
vn 0.6353 0.6696 0.3847
vn 0.4866 0.5129 0.7072
vn 0.6353 0.6696 -0.3847
vn 0.4866 0.5129 -0.7072
vn 0.6644 0.6408 0.3846
vn 0.5089 0.4908 0.7072
vn 0.6644 0.6408 -0.3846
vn 0.5089 0.4908 -0.7072
vn 0.6916 0.6113 0.3846
vn 0.5297 0.4683 0.7072
vn 0.6916 0.6113 -0.3846
vn 0.5297 0.4683 -0.7072
vn 0.7174 0.5809 0.3846
vn 0.5495 0.4449 0.7072
vn 0.7174 0.5809 -0.3846
vn 0.5495 0.4449 -0.7072
vn 0.7420 0.5490 0.3846
vn 0.5684 0.4205 0.7072
vn 0.7420 0.5490 -0.3846
vn 0.5684 0.4205 -0.7072
vn 0.7659 0.5152 0.3847
vn 0.5866 0.3946 0.7072
vn 0.7659 0.5152 -0.3847
vn 0.5866 0.3946 -0.7072
vn 0.7892 0.4787 0.3848
vn 0.6045 0.3667 0.7072
vn 0.7892 0.4787 -0.3848
vn 0.6045 0.3667 -0.7072
vn 0.8122 0.4384 0.3850
vn 0.6221 0.3358 0.7072
vn 0.8122 0.4384 -0.3850
vn 0.6221 0.3358 -0.7072
vn 0.0204 0.9018 0.4317
vn 0.0097 0.4266 0.9044
vn 0.0204 0.9018 -0.4317
vn 0.0097 0.4266 -0.9044
vn -0.9282 -0.0028 0.3721
vn -0.6560 -0.0020 0.7547
vn -0.9282 -0.0028 -0.3721
vn -0.6560 -0.0020 -0.7547
vn -0.7924 -0.4764 0.3809
vn -0.6059 -0.3643 0.7072
vn -0.7924 -0.4764 -0.3809
vn -0.6059 -0.3643 -0.7072
vn -0.7718 -0.5090 0.3810
vn -0.5902 -0.3893 0.7072
vn -0.7718 -0.5090 -0.3810
vn -0.5902 -0.3893 -0.7072
vn -0.7505 -0.5400 0.3810
vn -0.5739 -0.4130 0.7072
vn -0.7505 -0.5400 -0.3810
vn -0.5739 -0.4130 -0.7072
vn -0.7282 -0.5697 0.3810
vn -0.5569 -0.4357 0.7072
vn -0.7282 -0.5697 -0.3810
vn -0.5569 -0.4357 -0.7072
vn -0.7048 -0.5984 0.3810
vn -0.5390 -0.4576 0.7072
vn -0.7048 -0.5984 -0.3810
vn -0.5390 -0.4576 -0.7072
vn -0.6801 -0.6264 0.3810
vn -0.5201 -0.4790 0.7072
vn -0.6801 -0.6264 -0.3810
vn -0.5201 -0.4790 -0.7072
vn -0.6539 -0.6537 0.3810
vn -0.5000 -0.4999 0.7072
vn -0.6539 -0.6537 -0.3810
vn -0.5000 -0.4999 -0.7072
vn -0.6259 -0.6805 0.3809
vn -0.4786 -0.5204 0.7072
vn -0.6259 -0.6805 -0.3809
vn -0.4786 -0.5204 -0.7072
vn -0.5960 -0.7069 0.3809
vn -0.4557 -0.5405 0.7072
vn -0.5960 -0.7069 -0.3809
vn -0.4557 -0.5405 -0.7072
vn -0.5639 -0.7328 0.3808
vn -0.4312 -0.5603 0.7072
vn -0.5639 -0.7328 -0.3808
vn -0.4312 -0.5603 -0.7072
vn -0.5293 -0.7582 0.3807
vn -0.4047 -0.5797 0.7072
vn -0.5293 -0.7582 -0.3807
vn -0.4047 -0.5797 -0.7072
vn -0.4974 -0.7793 0.3812
vn -0.3804 -0.5960 0.7072
vn -0.4974 -0.7793 -0.3812
vn -0.3804 -0.5960 -0.7072
vn -0.4737 -0.7937 0.3816
vn -0.3624 -0.6072 0.7071
vn -0.4737 -0.7937 -0.3816
vn -0.3624 -0.6072 -0.7071
vn -0.4532 -0.8056 0.3816
vn -0.3467 -0.6163 0.7071
vn -0.4532 -0.8056 -0.3816
vn -0.3467 -0.6163 -0.7071
vn -0.4309 -0.8178 0.3815
vn -0.3296 -0.6255 0.7071
vn -0.4309 -0.8178 -0.3815
vn -0.3296 -0.6255 -0.7071
vn -0.4069 -0.8300 0.3814
vn -0.3113 -0.6349 0.7071
vn -0.4069 -0.8300 -0.3814
vn -0.3113 -0.6349 -0.7071
vn -0.3814 -0.8421 0.3814
vn -0.2917 -0.6441 0.7071
vn -0.3814 -0.8421 -0.3814
vn -0.2917 -0.6441 -0.7071
vn -0.3544 -0.8538 0.3813
vn -0.2711 -0.6530 0.7072
vn -0.3544 -0.8538 -0.3813
vn -0.2711 -0.6530 -0.7072
vn -0.3260 -0.8651 0.3813
vn -0.2494 -0.6616 0.7072
vn -0.3260 -0.8651 -0.3813
vn -0.2494 -0.6616 -0.7072
vn -0.2965 -0.8756 0.3812
vn -0.2268 -0.6697 0.7072
vn -0.2965 -0.8756 -0.3812
vn -0.2268 -0.6697 -0.7072
vn -0.2659 -0.8854 0.3812
vn -0.2034 -0.6772 0.7072
vn -0.2659 -0.8854 -0.3812
vn -0.2034 -0.6772 -0.7072
vn -0.2344 -0.8943 0.3812
vn -0.1793 -0.6839 0.7072
vn -0.2344 -0.8943 -0.3812
vn -0.1793 -0.6839 -0.7072
vn -0.2023 -0.9021 0.3812
vn -0.1547 -0.6899 0.7072
vn -0.2023 -0.9021 -0.3812
vn -0.1547 -0.6899 -0.7072
vn 0.3584 -0.8544 0.3763
vn 0.2463 -0.5870 0.7712
vn 0.3584 -0.8544 -0.3763
vn 0.2463 -0.5870 -0.7712
vn 0.8317 0.3665 0.4171
vn 0.4407 0.1942 0.8764
vn 0.8317 0.3665 -0.4171
vn 0.4407 0.1942 -0.8764
vn 0.1708 0.9072 0.3844
vn 0.1308 0.6948 0.7072
vn 0.1708 0.9072 -0.3844
vn 0.1308 0.6948 -0.7072
vn 0.2056 0.9000 0.3844
vn 0.1574 0.6893 0.7072
vn 0.2056 0.9000 -0.3844
vn 0.1574 0.6893 -0.7072
vn 0.2396 0.8916 0.3844
vn 0.1835 0.6828 0.7072
vn 0.2396 0.8916 -0.3844
vn 0.1835 0.6828 -0.7072
vn 0.2727 0.8820 0.3843
vn 0.2089 0.6755 0.7072
vn 0.2727 0.8820 -0.3843
vn 0.2089 0.6755 -0.7072
vn 0.3048 0.8714 0.3843
vn 0.2334 0.6674 0.7072
vn 0.3048 0.8714 -0.3843
vn 0.2334 0.6674 -0.7072
vn 0.3356 0.8601 0.3842
vn 0.2570 0.6587 0.7072
vn 0.3356 0.8601 -0.3842
vn 0.2570 0.6587 -0.7072
vn 0.3650 0.8480 0.3842
vn 0.2796 0.6494 0.7072
vn 0.3650 0.8480 -0.3842
vn 0.2796 0.6494 -0.7072
vn 0.3929 0.8355 0.3841
vn 0.3009 0.6398 0.7072
vn 0.3929 0.8355 -0.3841
vn 0.3009 0.6398 -0.7072
vn 0.4191 0.8227 0.3840
vn 0.3210 0.6300 0.7071
vn 0.4191 0.8227 -0.3840
vn 0.3210 0.6300 -0.7071
vn 0.4436 0.8098 0.3840
vn 0.3397 0.6201 0.7071
vn 0.4436 0.8098 -0.3840
vn 0.3397 0.6201 -0.7071
vn 0.4662 0.7971 0.3839
vn 0.3570 0.6103 0.7071
vn 0.4662 0.7971 -0.3839
vn 0.3570 0.6103 -0.7071
vn 0.4949 0.7791 0.3848
vn 0.3791 0.5968 0.7072
vn 0.4949 0.7791 -0.3848
vn 0.3791 0.5968 -0.7072
vn 0.1232 0.9129 0.3891
vn 0.2432 0.8886 0.3890
vn 0.1865 0.6813 0.7079
vn 0.0944 0.7000 0.7079
vn 0.1232 0.9129 -0.3891
vn 0.2432 0.8886 -0.3890
vn 0.0944 0.7000 -0.7079
vn 0.1865 0.6813 -0.7079
vn 0.3571 0.8493 0.3889
vn 0.2738 0.6511 0.7079
vn 0.3571 0.8493 -0.3889
vn 0.2738 0.6511 -0.7079
vn 0.4632 0.7964 0.3888
vn 0.3551 0.6106 0.7078
vn 0.4632 0.7964 -0.3888
vn 0.3551 0.6106 -0.7078
vn 0.5604 0.7313 0.3887
vn 0.4297 0.5607 0.7078
vn 0.5604 0.7313 -0.3887
vn 0.4297 0.5607 -0.7078
vn 0.6481 0.6549 0.3887
vn 0.4969 0.5021 0.7078
vn 0.6481 0.6549 -0.3887
vn 0.4969 0.5021 -0.7078
vn 0.7256 0.5678 0.3887
vn 0.5563 0.4353 0.7078
vn 0.7256 0.5678 -0.3887
vn 0.5563 0.4353 -0.7078
vn 0.7920 0.4706 0.3888
vn 0.6073 0.3608 0.7078
vn 0.7920 0.4706 -0.3888
vn 0.6073 0.3608 -0.7078
vn 0.8464 0.3638 0.3890
vn 0.6489 0.2790 0.7079
vn 0.8464 0.3638 -0.3890
vn 0.6489 0.2790 -0.7079
vn 0.8870 0.2485 0.3891
vn 0.6801 0.1905 0.7079
vn 0.8870 0.2485 -0.3891
vn 0.6801 0.1905 -0.7079
vn 0.9124 0.1262 0.3893
vn 0.6996 0.0967 0.7079
vn 0.9124 0.1262 -0.3893
vn 0.6996 0.0967 -0.7079
vn 0.9211 0.0008 0.3892
vn 0.7063 0.0006 0.7079
vn 0.9211 0.0008 -0.3892
vn 0.7063 0.0006 -0.7079
vn 0.9129 -0.1234 0.3891
vn 0.6999 -0.0946 0.7079
vn 0.9129 -0.1234 -0.3891
vn 0.6999 -0.0946 -0.7079
vn 0.8884 -0.2439 0.3890
vn 0.6811 -0.1870 0.7079
vn 0.8884 -0.2439 -0.3890
vn 0.6811 -0.1870 -0.7079
vn 0.8487 -0.3585 0.3889
vn 0.6507 -0.2749 0.7079
vn 0.8487 -0.3585 -0.3889
vn 0.6507 -0.2749 -0.7079
vn 0.7951 -0.4654 0.3888
vn 0.6096 -0.3569 0.7078
vn 0.7951 -0.4654 -0.3888
vn 0.6096 -0.3569 -0.7078
vn 0.7290 -0.5634 0.3888
vn 0.5589 -0.4320 0.7078
vn 0.7290 -0.5634 -0.3888
vn 0.5589 -0.4320 -0.7078
vn 0.6515 -0.6515 0.3887
vn 0.4995 -0.4995 0.7078
vn 0.6515 -0.6515 -0.3887
vn 0.4995 -0.4995 -0.7078
vn 0.5634 -0.7290 0.3888
vn 0.4319 -0.5589 0.7078
vn 0.5634 -0.7290 -0.3888
vn 0.4319 -0.5589 -0.7078
vn 0.4654 -0.7951 0.3888
vn 0.3569 -0.6096 0.7079
vn 0.4654 -0.7951 -0.3888
vn 0.3569 -0.6096 -0.7079
vn 0.3585 -0.8486 0.3889
vn 0.2749 -0.6507 0.7079
vn 0.3585 -0.8486 -0.3889
vn 0.2749 -0.6507 -0.7079
vn 0.2439 -0.8883 0.3890
vn 0.1870 -0.6811 0.7079
vn 0.2439 -0.8883 -0.3890
vn 0.1870 -0.6811 -0.7079
vn 0.1234 -0.9129 0.3891
vn 0.0946 -0.6999 0.7079
vn 0.1234 -0.9129 -0.3891
vn 0.0946 -0.6999 -0.7079
vn -0.0008 -0.9211 0.3892
vn -0.0006 -0.7063 0.7079
vn -0.0008 -0.9211 -0.3892
vn -0.0006 -0.7063 -0.7079
vn -0.1262 -0.9124 0.3893
vn -0.0968 -0.6996 0.7079
vn -0.1262 -0.9124 -0.3893
vn -0.0968 -0.6996 -0.7079
vn -0.2485 -0.8870 0.3891
vn -0.1905 -0.6801 0.7079
vn -0.2485 -0.8870 -0.3891
vn -0.1905 -0.6801 -0.7079
vn -0.3638 -0.8464 0.3890
vn -0.2790 -0.6489 0.7079
vn -0.3638 -0.8464 -0.3890
vn -0.2790 -0.6489 -0.7079
vn -0.4706 -0.7921 0.3888
vn -0.3608 -0.6073 0.7078
vn -0.4706 -0.7921 -0.3888
vn -0.3608 -0.6073 -0.7078
vn -0.5678 -0.7256 0.3887
vn -0.4353 -0.5563 0.7078
vn -0.5678 -0.7256 -0.3887
vn -0.4353 -0.5563 -0.7078
vn -0.6549 -0.6481 0.3887
vn -0.5021 -0.4969 0.7078
vn -0.6549 -0.6481 -0.3887
vn -0.5021 -0.4969 -0.7078
vn -0.7313 -0.5604 0.3887
vn -0.5607 -0.4297 0.7078
vn -0.7313 -0.5604 -0.3887
vn -0.5607 -0.4297 -0.7078
vn -0.7964 -0.4632 0.3888
vn -0.6106 -0.3551 0.7078
vn -0.7964 -0.4632 -0.3888
vn -0.6106 -0.3551 -0.7078
vn -0.8493 -0.3571 0.3889
vn -0.6511 -0.2738 0.7079
vn -0.8493 -0.3571 -0.3889
vn -0.6511 -0.2738 -0.7079
vn -0.8886 -0.2432 0.3890
vn -0.6813 -0.1864 0.7079
vn -0.8886 -0.2432 -0.3890
vn -0.6813 -0.1864 -0.7079
vn -0.9129 -0.1232 0.3891
vn -0.7000 -0.0945 0.7079
vn -0.9129 -0.1232 -0.3891
vn -0.7000 -0.0945 -0.7079
vn -0.9211 0.0008 0.3892
vn -0.7063 0.0007 0.7079
vn -0.9211 0.0008 -0.3892
vn -0.7063 0.0007 -0.7079
vn -0.9125 0.1260 0.3892
vn -0.6996 0.0966 0.7079
vn -0.9125 0.1260 -0.3892
vn -0.6996 0.0966 -0.7079
vn -0.8873 0.2477 0.3891
vn -0.6803 0.1899 0.7079
vn -0.8873 0.2477 -0.3891
vn -0.6803 0.1899 -0.7079
vn -0.8470 0.3624 0.3889
vn -0.6494 0.2778 0.7079
vn -0.8470 0.3624 -0.3889
vn -0.6494 0.2778 -0.7079
vn -0.7934 0.4683 0.3888
vn -0.6083 0.3591 0.7078
vn -0.7934 0.4683 -0.3888
vn -0.6083 0.3591 -0.7078
vn -0.7279 0.5649 0.3887
vn -0.5581 0.4331 0.7078
vn -0.7279 0.5649 -0.3887
vn -0.5581 0.4331 -0.7078
vn -0.6515 0.6515 0.3886
vn -0.4995 0.4995 0.7078
vn -0.6515 0.6515 -0.3886
vn -0.4995 0.4995 -0.7078
vn -0.5649 0.7279 0.3887
vn -0.4331 0.5581 0.7078
vn -0.5649 0.7279 -0.3887
vn -0.4331 0.5581 -0.7078
vn -0.4684 0.7934 0.3888
vn -0.3591 0.6083 0.7078
vn -0.4684 0.7934 -0.3888
vn -0.3591 0.6083 -0.7078
vn -0.3624 0.8470 0.3889
vn -0.2779 0.6494 0.7079
vn -0.3624 0.8470 -0.3889
vn -0.2779 0.6494 -0.7079
vn -0.2478 0.8873 0.3891
vn -0.1900 0.6803 0.7079
vn -0.2478 0.8873 -0.3891
vn -0.1900 0.6803 -0.7079
vn -0.1260 0.9125 0.3892
vn -0.0966 0.6997 0.7079
vn -0.1260 0.9125 -0.3892
vn -0.0966 0.6997 -0.7079
vn -0.0008 0.9211 0.3892
vn -0.0006 0.7063 0.7079
vn -0.0008 0.9211 -0.3892
vn -0.0006 0.7063 -0.7079
vn -0.1254 0.9175 0.3775
vn -0.2472 0.8924 0.3776
vn -0.1886 0.6807 0.7079
vn -0.0957 0.6998 0.7079
vn -0.1254 0.9175 -0.3775
vn -0.2472 0.8924 -0.3776
vn -0.0957 0.6998 -0.7079
vn -0.1886 0.6807 -0.7079
vn -0.3624 0.8521 0.3777
vn -0.2765 0.6500 0.7079
vn -0.3624 0.8521 -0.3777
vn -0.2765 0.6500 -0.7079
vn -0.4693 0.7982 0.3777
vn -0.3580 0.6089 0.7078
vn -0.4693 0.7982 -0.3777
vn -0.3580 0.6089 -0.7078
vn -0.5669 0.7320 0.3778
vn -0.4325 0.5585 0.7078
vn -0.5669 0.7320 -0.3778
vn -0.4325 0.5585 -0.7078
vn -0.6547 0.6547 0.3778
vn -0.6547 0.6547 -0.3778
vn -0.7320 0.5669 0.3778
vn -0.5585 0.4325 0.7078
vn -0.7320 0.5669 -0.3778
vn -0.5585 0.4325 -0.7078
vn -0.7982 0.4693 0.3777
vn -0.6089 0.3580 0.7078
vn -0.7982 0.4693 -0.3777
vn -0.6089 0.3580 -0.7078
vn -0.8521 0.3624 0.3777
vn -0.6500 0.2764 0.7079
vn -0.8521 0.3624 -0.3777
vn -0.6500 0.2764 -0.7079
vn -0.8924 0.2472 0.3776
vn -0.6807 0.1886 0.7079
vn -0.8924 0.2472 -0.3776
vn -0.6807 0.1886 -0.7079
vn -0.9175 0.1254 0.3775
vn -0.6998 0.0957 0.7079
vn -0.9175 0.1254 -0.3775
vn -0.6998 0.0957 -0.7079
vn -0.9260 -0.0000 0.3775
vn -0.7063 -0.0000 0.7079
vn -0.9260 -0.0000 -0.3775
vn -0.7063 -0.0000 -0.7079
vn -0.9174 -0.1258 0.3775
vn -0.6997 -0.0959 0.7079
vn -0.9174 -0.1258 -0.3775
vn -0.6997 -0.0959 -0.7079
vn -0.8921 -0.2484 0.3775
vn -0.6804 -0.1894 0.7079
vn -0.8921 -0.2484 -0.3775
vn -0.6804 -0.1894 -0.7079
vn -0.8512 -0.3645 0.3776
vn -0.6493 -0.2781 0.7079
vn -0.8512 -0.3645 -0.3776
vn -0.6493 -0.2781 -0.7079
vn -0.7964 -0.4724 0.3777
vn -0.6075 -0.3604 0.7079
vn -0.7964 -0.4724 -0.3777
vn -0.6075 -0.3604 -0.7079
vn -0.7291 -0.5707 0.3778
vn -0.5563 -0.4354 0.7078
vn -0.7291 -0.5707 -0.3778
vn -0.5563 -0.4354 -0.7078
vn -0.6507 -0.6587 0.3778
vn -0.4965 -0.5025 0.7078
vn -0.6507 -0.6587 -0.3778
vn -0.4965 -0.5025 -0.7078
vn -0.5621 -0.7357 0.3778
vn -0.4289 -0.5613 0.7078
vn -0.5621 -0.7357 -0.3778
vn -0.4289 -0.5613 -0.7078
vn -0.4641 -0.8012 0.3778
vn -0.3541 -0.6112 0.7078
vn -0.4641 -0.8012 -0.3778
vn -0.3541 -0.6112 -0.7078
vn -0.3574 -0.8542 0.3777
vn -0.2727 -0.6516 0.7078
vn -0.3574 -0.8542 -0.3777
vn -0.2727 -0.6516 -0.7078
vn -0.2433 -0.8934 0.3776
vn -0.1856 -0.6815 0.7079
vn -0.2433 -0.8934 -0.3776
vn -0.1856 -0.6815 -0.7079
vn -0.1232 -0.9178 0.3776
vn -0.0940 -0.7000 0.7079
vn -0.1232 -0.9178 -0.3776
vn -0.0940 -0.7000 -0.7079
vn -0.0250 -0.9249 0.3795
vn -0.0191 -0.7066 0.7074
vn -0.0250 -0.9249 -0.3795
vn -0.0191 -0.7066 -0.7074
vn 0.0237 -0.9240 0.3816
vn 0.0181 -0.7069 0.7071
vn 0.0237 -0.9240 -0.3816
vn 0.0181 -0.7069 -0.7071
vn 0.0474 -0.9231 0.3816
vn 0.0363 -0.7062 0.7071
vn 0.0474 -0.9231 -0.3816
vn 0.0363 -0.7062 -0.7071
vn 0.0712 -0.9216 0.3816
vn 0.0545 -0.7050 0.7071
vn 0.0712 -0.9216 -0.3816
vn 0.0545 -0.7050 -0.7071
vn 0.0951 -0.9194 0.3816
vn 0.0728 -0.7033 0.7072
vn 0.0951 -0.9194 -0.3816
vn 0.0728 -0.7033 -0.7072
vn 0.1191 -0.9166 0.3816
vn 0.0911 -0.7012 0.7071
vn 0.1191 -0.9166 -0.3816
vn 0.0911 -0.7012 -0.7071
vn 0.1433 -0.9132 0.3816
vn 0.1096 -0.6985 0.7071
vn 0.1433 -0.9132 -0.3816
vn 0.1096 -0.6985 -0.7071
vn 0.1676 -0.9090 0.3815
vn 0.1282 -0.6954 0.7071
vn 0.1676 -0.9090 -0.3815
vn 0.1282 -0.6954 -0.7071
vn 0.1921 -0.9042 0.3815
vn 0.1469 -0.6916 0.7071
vn 0.1921 -0.9042 -0.3815
vn 0.1469 -0.6916 -0.7071
vn 0.2168 -0.8986 0.3815
vn 0.1658 -0.6873 0.7072
vn 0.2168 -0.8986 -0.3815
vn 0.1658 -0.6873 -0.7072
vn 0.2417 -0.8922 0.3815
vn 0.1849 -0.6825 0.7071
vn 0.2417 -0.8922 -0.3815
vn 0.1849 -0.6825 -0.7071
vn -0.9777 -0.1072 -0.1804
vn -0.9572 -0.2896 -0.0009
vn -0.9777 -0.1072 0.1804
vn -0.9572 -0.2895 0.0009
vn 0.4730 0.7858 -0.3984
vn 0.2843 0.4723 -0.8343
vn 0.4730 0.7858 0.3984
vn 0.2843 0.4723 0.8343
vn 0.3643 -0.9137 -0.1802
vn 0.1940 -0.9810 0.0002
vn 0.3643 -0.9137 0.1803
vn 0.1939 -0.9810 -0.0001
vn -0.9015 -0.2040 0.3816
vn -0.6896 -0.1561 0.7071
vn -0.9015 -0.2040 -0.3816
vn -0.6896 -0.1561 -0.7071
vn -0.8962 -0.2262 0.3816
vn -0.6856 -0.1730 0.7071
vn -0.8962 -0.2262 -0.3816
vn -0.6856 -0.1730 -0.7071
vn -0.8902 -0.2487 0.3816
vn -0.6810 -0.1902 0.7071
vn -0.8902 -0.2487 -0.3816
vn -0.6810 -0.1902 -0.7071
vn -0.8834 -0.2721 0.3815
vn -0.6757 -0.2082 0.7071
vn -0.8834 -0.2721 -0.3815
vn -0.6757 -0.2082 -0.7071
vn -0.8754 -0.2971 0.3814
vn -0.6696 -0.2272 0.7071
vn -0.8754 -0.2971 -0.3814
vn -0.6696 -0.2272 -0.7071
vn -0.8658 -0.3240 0.3813
vn -0.6622 -0.2478 0.7072
vn -0.8658 -0.3240 -0.3813
vn -0.6622 -0.2478 -0.7072
vn -0.8542 -0.3536 0.3812
vn -0.6533 -0.2705 0.7072
vn -0.8542 -0.3536 -0.3812
vn -0.6533 -0.2705 -0.7072
vn -0.8399 -0.3865 0.3810
vn -0.6423 -0.2955 0.7072
vn -0.8399 -0.3865 -0.3810
vn -0.6423 -0.2955 -0.7072
vn -0.8221 -0.4233 0.3807
vn -0.6286 -0.3236 0.7072
vn -0.8221 -0.4233 -0.3807
vn -0.6286 -0.3236 -0.7072
vn -0.7996 -0.4647 0.3804
vn -0.6112 -0.3553 0.7072
vn -0.7996 -0.4647 -0.3804
vn -0.6112 -0.3553 -0.7072
vn -0.7706 -0.5116 0.3801
vn -0.5890 -0.3910 0.7073
vn -0.7706 -0.5116 -0.3801
vn -0.5890 -0.3910 -0.7073
vn -0.7362 -0.5600 0.3801
vn -0.5627 -0.4280 0.7073
vn -0.7362 -0.5600 -0.3801
vn -0.5627 -0.4280 -0.7073
vn -0.7044 -0.5990 0.3808
vn -0.5386 -0.4580 0.7072
vn -0.7044 -0.5990 -0.3808
vn -0.5386 -0.4580 -0.7072
vn -0.6759 -0.6311 0.3807
vn -0.5168 -0.4825 0.7072
vn -0.6759 -0.6311 -0.3807
vn -0.5168 -0.4825 -0.7072
vn -0.6441 -0.6636 0.3806
vn -0.4924 -0.5073 0.7072
vn -0.6441 -0.6636 -0.3806
vn -0.4924 -0.5073 -0.7072
vn -0.6091 -0.6958 0.3805
vn -0.4657 -0.5320 0.7072
vn -0.6091 -0.6958 -0.3805
vn -0.4657 -0.5320 -0.7072
vn -0.5713 -0.7272 0.3805
vn -0.4368 -0.5559 0.7072
vn -0.5713 -0.7272 -0.3805
vn -0.4368 -0.5559 -0.7072
vn -0.5311 -0.7571 0.3804
vn -0.4060 -0.5788 0.7072
vn -0.5311 -0.7571 -0.3804
vn -0.4060 -0.5788 -0.7072
vn -0.4891 -0.7849 0.3804
vn -0.3739 -0.6000 0.7072
vn -0.4891 -0.7849 -0.3804
vn -0.3739 -0.6000 -0.7072
vn -0.4459 -0.8102 0.3805
vn -0.3408 -0.6194 0.7072
vn -0.4459 -0.8102 -0.3805
vn -0.3408 -0.6194 -0.7072
vn -0.4021 -0.8328 0.3805
vn -0.3074 -0.6367 0.7072
vn -0.4021 -0.8328 -0.3805
vn -0.3074 -0.6367 -0.7072
vn -0.3585 -0.8524 0.3806
vn -0.2741 -0.6517 0.7072
vn -0.3585 -0.8524 -0.3806
vn -0.2741 -0.6517 -0.7072
vn -0.3155 -0.8692 0.3807
vn -0.2413 -0.6646 0.7072
vn -0.3155 -0.8692 -0.3807
vn -0.2413 -0.6646 -0.7072
vn 0.2340 -0.8970 0.3751
vn 0.1620 -0.6210 0.7668
vn 0.2340 -0.8970 -0.3751
vn 0.1620 -0.6210 -0.7668
vn 0.8702 0.2542 0.4220
vn 0.4447 0.1299 0.8862
vn 0.8702 0.2542 -0.4220
vn 0.4447 0.1299 -0.8862
vn 0.2646 0.8842 0.3849
vn 0.2027 0.6773 0.7072
vn 0.2646 0.8842 -0.3849
vn 0.2027 0.6773 -0.7072
vn 0.3096 0.8694 0.3851
vn 0.2372 0.6660 0.7072
vn 0.3096 0.8694 -0.3851
vn 0.2372 0.6660 -0.7072
vn 0.3564 0.8512 0.3852
vn 0.2730 0.6521 0.7072
vn 0.3564 0.8512 -0.3852
vn 0.2730 0.6521 -0.7072
vn 0.4044 0.8294 0.3853
vn 0.3098 0.6354 0.7073
vn 0.4044 0.8294 -0.3853
vn 0.3098 0.6354 -0.7073
vn 0.4528 0.8040 0.3854
vn 0.3469 0.6160 0.7073
vn 0.4528 0.8040 -0.3854
vn 0.3469 0.6160 -0.7073
vn 0.5007 0.7751 0.3854
vn 0.3836 0.5938 0.7073
vn 0.5007 0.7751 -0.3854
vn 0.3836 0.5938 -0.7073
vn 0.5470 0.7431 0.3854
vn 0.4191 0.5693 0.7073
vn 0.5470 0.7431 -0.3854
vn 0.4191 0.5693 -0.7073
vn 0.5909 0.7088 0.3854
vn 0.4527 0.5430 0.7073
vn 0.5909 0.7088 -0.3854
vn 0.4527 0.5430 -0.7073
vn 0.6315 0.6729 0.3853
vn 0.4838 0.5155 0.7073
vn 0.6315 0.6729 -0.3853
vn 0.4838 0.5155 -0.7073
vn 0.6682 0.6365 0.3851
vn 0.5119 0.4876 0.7072
vn 0.6682 0.6365 -0.3851
vn 0.5119 0.4876 -0.7072
vn 0.7007 0.6007 0.3849
vn 0.5368 0.4601 0.7072
vn 0.7007 0.6007 -0.3849
vn 0.5368 0.4601 -0.7072
vn 0.7312 0.5631 0.3851
vn 0.5601 0.4314 0.7072
vn 0.7312 0.5631 -0.3851
vn 0.5601 0.4314 -0.7072
vn 0.7622 0.5200 0.3854
vn 0.5840 0.3984 0.7073
vn 0.7622 0.5200 -0.3854
vn 0.5840 0.3984 -0.7073
vn 0.7908 0.4758 0.3851
vn 0.6058 0.3645 0.7072
vn 0.7908 0.4758 -0.3851
vn 0.6058 0.3645 -0.7072
vn 0.8138 0.4354 0.3848
vn 0.6234 0.3335 0.7072
vn 0.8138 0.4354 -0.3848
vn 0.6234 0.3335 -0.7072
vn 0.8328 0.3982 0.3846
vn 0.6379 0.3050 0.7072
vn 0.8328 0.3982 -0.3846
vn 0.6379 0.3050 -0.7072
vn 0.8486 0.3634 0.3845
vn 0.6500 0.2783 0.7072
vn 0.8486 0.3634 -0.3845
vn 0.6500 0.2783 -0.7072
vn 0.8621 0.3303 0.3843
vn 0.6602 0.2530 0.7072
vn 0.8621 0.3303 -0.3843
vn 0.6602 0.2530 -0.7072
vn 0.8737 0.2983 0.3843
vn 0.6691 0.2285 0.7072
vn 0.8737 0.2983 -0.3843
vn 0.6691 0.2285 -0.7072
vn 0.8839 0.2667 0.3843
vn 0.6769 0.2042 0.7072
vn 0.8839 0.2667 -0.3843
vn 0.6769 0.2042 -0.7072
vn 0.8929 0.2345 0.3843
vn 0.6839 0.1796 0.7072
vn 0.8929 0.2345 -0.3843
vn 0.6839 0.1796 -0.7072
vn 0.9011 0.2008 0.3844
vn 0.6901 0.1538 0.7072
vn 0.9011 0.2008 -0.3844
vn 0.6901 0.1538 -0.7072
vn 0.6918 0.1467 0.7070
vn 0.6958 0.1258 0.7072
vn 0.6918 0.1467 -0.7070
vn 0.6957 0.1258 -0.7072
vn -0.5355 0.4571 0.7101
vn 0.4142 -0.3535 0.8388
vn -0.5355 0.4571 -0.7101
vn 0.4142 -0.3535 -0.8388
vn -0.0000 -0.7071 0.7071
vn -0.0000 -0.7071 -0.7071
vn -0.0000 -0.9239 0.3827
vn -0.0000 -0.9239 -0.3827
vn -0.0019 -0.9238 0.3829
vn -0.0014 -0.7071 0.7071
vn -0.0019 -0.9238 -0.3829
vn -0.0014 -0.7071 -0.7071
vn -0.0073 -0.9237 0.3830
vn -0.0056 -0.7071 0.7071
vn -0.0073 -0.9237 -0.3830
vn -0.0056 -0.7071 -0.7071
vn -0.0141 -0.9236 0.3830
vn -0.0108 -0.7070 0.7071
vn -0.0141 -0.9236 -0.3830
vn -0.0108 -0.7070 -0.7071
vn -0.0202 -0.9235 0.3830
vn -0.0155 -0.7069 0.7071
vn -0.0202 -0.9235 -0.3830
vn -0.0155 -0.7069 -0.7071
vn -0.0257 -0.9234 0.3829
vn -0.0197 -0.7068 0.7071
vn -0.0257 -0.9234 -0.3829
vn -0.0197 -0.7068 -0.7071
vn -0.0304 -0.9233 0.3829
vn -0.0233 -0.7067 0.7071
vn -0.0304 -0.9233 -0.3829
vn -0.0233 -0.7067 -0.7071
vn -0.0343 -0.9232 0.3828
vn -0.0262 -0.7066 0.7071
vn -0.0343 -0.9232 -0.3828
vn -0.0262 -0.7066 -0.7071
vn -0.0373 -0.9231 0.3828
vn -0.0286 -0.7065 0.7071
vn -0.0373 -0.9231 -0.3828
vn -0.0286 -0.7065 -0.7071
vn -0.0394 -0.9230 0.3828
vn -0.0301 -0.7065 0.7071
vn -0.0394 -0.9230 -0.3828
vn -0.0301 -0.7065 -0.7071
vn -0.0403 -0.9230 0.3827
vn -0.0309 -0.7064 0.7071
vn -0.0403 -0.9230 -0.3827
vn -0.0309 -0.7064 -0.7071
vn -0.0401 -0.9230 0.3826
vn -0.0307 -0.7064 0.7071
vn -0.0401 -0.9230 -0.3826
vn -0.0307 -0.7064 -0.7071
vn -0.0385 -0.9231 0.3826
vn -0.0294 -0.7065 0.7071
vn -0.0385 -0.9231 -0.3826
vn -0.0294 -0.7065 -0.7071
vn 0.6368 -0.6630 0.3935
vn 0.3944 -0.4107 0.8220
vn 0.6368 -0.6630 -0.3935
vn 0.3944 -0.4107 -0.8220
vn 0.6033 0.6906 0.3988
vn 0.3616 0.4139 0.8354
vn 0.6033 0.6906 -0.3988
vn 0.3616 0.4139 -0.8354
vn -0.1179 0.9161 0.3833
vn -0.0903 0.7013 0.7071
vn -0.1179 0.9161 -0.3833
vn -0.0903 0.7013 -0.7071
vn -0.1063 0.9175 0.3832
vn -0.0814 0.7024 0.7071
vn -0.1063 0.9175 -0.3832
vn -0.0814 0.7024 -0.7071
vn -0.0957 0.9187 0.3832
vn -0.0732 0.7033 0.7071
vn -0.0957 0.9187 -0.3832
vn -0.0732 0.7033 -0.7071
vn -0.0856 0.9197 0.3831
vn -0.0655 0.7041 0.7071
vn -0.0856 0.9197 -0.3831
vn -0.0655 0.7041 -0.7071
vn -0.0759 0.9206 0.3831
vn -0.0581 0.7047 0.7071
vn -0.0759 0.9206 -0.3831
vn -0.0581 0.7047 -0.7071
vn -0.0663 0.9213 0.3831
vn -0.0507 0.7053 0.7071
vn -0.0663 0.9213 -0.3831
vn -0.0507 0.7053 -0.7071
vn -0.0566 0.9220 0.3831
vn -0.0433 0.7058 0.7071
vn -0.0566 0.9220 -0.3831
vn -0.0433 0.7058 -0.7071
vn -0.0466 0.9225 0.3832
vn -0.0357 0.7062 0.7071
vn -0.0466 0.9225 -0.3832
vn -0.0357 0.7062 -0.7071
vn -0.0362 0.9230 0.3832
vn -0.0277 0.7066 0.7071
vn -0.0362 0.9230 -0.3832
vn -0.0277 0.7066 -0.7071
vn -0.0251 0.9233 0.3832
vn -0.0192 0.7068 0.7071
vn -0.0251 0.9233 -0.3832
vn -0.0192 0.7068 -0.7071
vn -0.0131 0.9235 0.3833
vn -0.0100 0.7070 0.7071
vn -0.0131 0.9235 -0.3833
vn -0.0100 0.7070 -0.7071
vn -0.0034 0.9237 0.3830
vn -0.0026 0.7071 0.7071
vn -0.0034 0.9237 -0.3830
vn -0.0026 0.7071 -0.7071
vn -0.0000 0.9239 0.3827
vn -0.0000 0.7071 0.7071
vn -0.0000 0.9239 -0.3827
vn -0.0000 0.7071 -0.7071
vn -0.0046 0.7071 0.7071
vn 0.0110 0.7070 0.7072
vn -0.0046 0.7071 -0.7071
vn 0.0110 0.7070 -0.7072
vn -0.9839 -0.1786 -0.0000
vn -0.5884 0.8086 -0.0000
vn 0.0855 0.9799 -0.1801
vn 0.2678 0.9635 0.0002
vn 0.0855 0.9799 0.1801
vn 0.2679 0.9634 -0.0001
vn 0.8954 -0.2291 0.3818
vn 0.6850 -0.1753 0.7071
vn 0.8954 -0.2291 -0.3818
vn 0.6850 -0.1753 -0.7071
vn 0.9001 -0.2100 0.3818
vn 0.6886 -0.1607 0.7071
vn 0.9001 -0.2100 -0.3818
vn 0.6886 -0.1607 -0.7071
vn 0.9045 -0.1903 0.3817
vn 0.6919 -0.1456 0.7071
vn 0.9045 -0.1903 -0.3817
vn 0.6919 -0.1456 -0.7071
vn 0.9085 -0.1698 0.3817
vn 0.6950 -0.1299 0.7071
vn 0.9085 -0.1698 -0.3817
vn 0.6950 -0.1299 -0.7071
vn 0.9123 -0.1484 0.3817
vn 0.6979 -0.1135 0.7071
vn 0.9123 -0.1484 -0.3817
vn 0.6979 -0.1135 -0.7071
vn 0.9157 -0.1261 0.3816
vn 0.7005 -0.0964 0.7071
vn 0.9157 -0.1261 -0.3816
vn 0.7005 -0.0964 -0.7071
vn 0.9186 -0.1029 0.3816
vn 0.7027 -0.0788 0.7071
vn 0.9186 -0.1029 -0.3816
vn 0.7027 -0.0788 -0.7071
vn 0.9210 -0.0788 0.3816
vn 0.7045 -0.0603 0.7071
vn 0.9210 -0.0788 -0.3816
vn 0.7045 -0.0603 -0.7071
vn 0.9228 -0.0536 0.3815
vn 0.7059 -0.0410 0.7071
vn 0.9228 -0.0536 -0.3815
vn 0.7059 -0.0410 -0.7071
vn 0.9240 -0.0273 0.3815
vn 0.7068 -0.0208 0.7071
vn 0.9240 -0.0273 -0.3815
vn 0.7068 -0.0208 -0.7071
vn 0.9249 0.0240 0.3794
vn 0.7066 0.0184 0.7074
vn 0.9249 0.0240 -0.3794
vn 0.7066 0.0184 -0.7074
vn 0.9177 0.1232 0.3776
vn 0.7000 0.0940 0.7079
vn 0.9177 0.1232 -0.3776
vn 0.7000 0.0940 -0.7079
vn 0.8934 0.2433 0.3776
vn 0.6815 0.1856 0.7079
vn 0.8934 0.2433 -0.3776
vn 0.6815 0.1856 -0.7079
vn 0.8542 0.3574 0.3777
vn 0.6516 0.2727 0.7078
vn 0.8542 0.3574 -0.3777
vn 0.6516 0.2727 -0.7078
vn 0.8012 0.4641 0.3778
vn 0.6112 0.3541 0.7078
vn 0.8012 0.4641 -0.3778
vn 0.6112 0.3541 -0.7078
vn 0.7357 0.5621 0.3778
vn 0.5613 0.4289 0.7078
vn 0.7357 0.5621 -0.3778
vn 0.5613 0.4289 -0.7078
vn 0.6587 0.6507 0.3778
vn 0.5025 0.4965 0.7078
vn 0.6587 0.6507 -0.3778
vn 0.5025 0.4965 -0.7078
vn 0.5707 0.7291 0.3778
vn 0.4354 0.5563 0.7078
vn 0.5707 0.7291 -0.3778
vn 0.4354 0.5563 -0.7078
vn 0.4724 0.7964 0.3777
vn 0.3604 0.6075 0.7079
vn 0.4724 0.7964 -0.3777
vn 0.3604 0.6075 -0.7079
vn 0.3645 0.8512 0.3776
vn 0.2781 0.6493 0.7079
vn 0.3645 0.8512 -0.3776
vn 0.2781 0.6493 -0.7079
vn 0.2484 0.8921 0.3775
vn 0.1894 0.6804 0.7079
vn 0.2484 0.8921 -0.3775
vn 0.1894 0.6804 -0.7079
vn 0.1258 0.9174 0.3775
vn 0.0959 0.6997 0.7079
vn 0.1258 0.9174 -0.3775
vn 0.0959 0.6997 -0.7079
vn -0.0000 0.9260 0.3775
vn -0.0000 0.7063 0.7079
vn -0.0000 0.9260 -0.3775
vn -0.0000 0.7063 -0.7079
vn 0.0167 0.9248 0.3801
vn -0.5555 0.7385 0.3821
vn -0.4250 0.5651 0.7071
vn 0.0112 0.6208 0.7839
vn 0.0167 0.9248 -0.3801
vn -0.5555 0.7385 -0.3821
vn 0.0112 0.6208 -0.7839
vn -0.4250 0.5651 -0.7071
vn -0.5636 0.7323 0.3823
vn -0.4313 0.5604 0.7071
vn -0.5636 0.7323 -0.3823
vn -0.4313 0.5604 -0.7071
vn -0.5700 0.7273 0.3823
vn -0.4362 0.5566 0.7071
vn -0.5700 0.7273 -0.3823
vn -0.4362 0.5566 -0.7071
vn -0.5754 0.7230 0.3824
vn -0.4403 0.5533 0.7071
vn -0.5754 0.7230 -0.3824
vn -0.4403 0.5533 -0.7071
vn -0.5803 0.7190 0.3824
vn -0.4441 0.5503 0.7071
vn -0.5803 0.7190 -0.3824
vn -0.4441 0.5503 -0.7071
vn -0.5850 0.7152 0.3824
vn -0.4477 0.5474 0.7071
vn -0.5850 0.7152 -0.3824
vn -0.4477 0.5474 -0.7071
vn -0.5896 0.7114 0.3824
vn -0.4512 0.5444 0.7071
vn -0.5896 0.7114 -0.3824
vn -0.4512 0.5444 -0.7071
vn -0.5943 0.7075 0.3824
vn -0.4548 0.5414 0.7071
vn -0.5943 0.7075 -0.3824
vn -0.4548 0.5414 -0.7071
vn -0.5993 0.7033 0.3824
vn -0.4586 0.5382 0.7071
vn -0.5993 0.7033 -0.3824
vn -0.4586 0.5382 -0.7071
vn -0.6046 0.6987 0.3823
vn -0.4627 0.5347 0.7071
vn -0.6046 0.6987 -0.3823
vn -0.4627 0.5347 -0.7071
vn -0.4638 0.5338 0.7071
vn -0.4672 0.5308 0.7071
vn -0.4638 0.5338 -0.7071
vn -0.4672 0.5308 -0.7071
vn 0.6506 0.4754 0.5922
vn -0.0190 0.6088 0.7931
vn 0.6506 0.4754 -0.5922
vn -0.0190 0.6088 -0.7931
vn 0.5835 0.7153 0.3845
vn 0.4469 0.5479 0.7072
vn 0.5835 0.7153 -0.3845
vn 0.4469 0.5479 -0.7072
vn 0.6111 0.6919 0.3844
vn 0.4681 0.5299 0.7072
vn 0.6111 0.6919 -0.3844
vn 0.4681 0.5299 -0.7072
vn 0.6360 0.6693 0.3842
vn 0.4870 0.5126 0.7072
vn 0.6360 0.6693 -0.3842
vn 0.4870 0.5126 -0.7072
vn 0.6585 0.6472 0.3842
vn 0.5043 0.4956 0.7072
vn 0.6585 0.6472 -0.3842
vn 0.5043 0.4956 -0.7072
vn 0.6792 0.6255 0.3841
vn 0.5201 0.4790 0.7072
vn 0.6792 0.6255 -0.3841
vn 0.5201 0.4790 -0.7072
vn 0.6984 0.6039 0.3840
vn 0.5348 0.4625 0.7071
vn 0.6984 0.6039 -0.3840
vn 0.5348 0.4625 -0.7071
vn 0.7166 0.5823 0.3840
vn 0.5488 0.4459 0.7071
vn 0.7166 0.5823 -0.3840
vn 0.5488 0.4459 -0.7071
vn 0.7341 0.5600 0.3840
vn 0.5622 0.4288 0.7072
vn 0.7341 0.5600 -0.3840
vn 0.5622 0.4288 -0.7072
vn 0.7514 0.5365 0.3841
vn 0.5754 0.4109 0.7072
vn 0.7514 0.5365 -0.3841
vn 0.5754 0.4109 -0.7072
vn 0.7689 0.5110 0.3842
vn 0.5889 0.3913 0.7072
vn 0.7689 0.5110 -0.3842
vn 0.5889 0.3913 -0.7072
vn 0.5925 0.3862 0.7070
vn 0.6030 0.3693 0.7071
vn 0.5925 0.3862 -0.7070
vn 0.6030 0.3693 -0.7071
vn -0.6482 0.3718 0.6645
vn 0.3864 -0.2214 0.8954
vn -0.6482 0.3718 -0.6645
vn 0.3864 -0.2214 -0.8954
vn -0.0038 -0.9237 0.3830
vn -0.0029 -0.7071 0.7071
vn -0.0038 -0.9237 -0.3830
vn -0.0029 -0.7071 -0.7071
vn -0.0143 -0.9235 0.3833
vn -0.0109 -0.7070 0.7071
vn -0.0143 -0.9235 -0.3833
vn -0.0109 -0.7070 -0.7071
vn -0.0269 -0.9233 0.3832
vn -0.0206 -0.7068 0.7071
vn -0.0269 -0.9233 -0.3832
vn -0.0206 -0.7068 -0.7071
vn -0.0379 -0.9229 0.3832
vn -0.0290 -0.7065 0.7071
vn -0.0379 -0.9229 -0.3832
vn -0.0290 -0.7065 -0.7071
vn -0.0475 -0.9225 0.3831
vn -0.0364 -0.7062 0.7071
vn -0.0475 -0.9225 -0.3831
vn -0.0364 -0.7062 -0.7071
vn -0.0559 -0.9220 0.3831
vn -0.0428 -0.7058 0.7071
vn -0.0559 -0.9220 -0.3831
vn -0.0428 -0.7058 -0.7071
vn -0.0634 -0.9216 0.3830
vn -0.0485 -0.7054 0.7071
vn -0.0634 -0.9216 -0.3830
vn -0.0485 -0.7054 -0.7071
vn -0.0700 -0.9211 0.3830
vn -0.0536 -0.7051 0.7071
vn -0.0700 -0.9211 -0.3830
vn -0.0536 -0.7051 -0.7071
vn -0.0758 -0.9207 0.3829
vn -0.0580 -0.7047 0.7071
vn -0.0758 -0.9207 -0.3829
vn -0.0580 -0.7047 -0.7071
vn -0.0809 -0.9202 0.3829
vn -0.0619 -0.7044 0.7071
vn -0.0809 -0.9202 -0.3829
vn -0.0619 -0.7044 -0.7071
vn -0.0853 -0.9199 0.3829
vn -0.0653 -0.7041 0.7071
vn -0.0853 -0.9199 -0.3829
vn -0.0653 -0.7041 -0.7071
vn -0.0889 -0.9195 0.3828
vn -0.0681 -0.7038 0.7071
vn -0.0889 -0.9195 -0.3828
vn -0.0681 -0.7038 -0.7071
vn 0.6165 -0.6802 0.3967
vn 0.3744 -0.4131 0.8302
vn 0.6165 -0.6802 -0.3967
vn 0.3744 -0.4131 -0.8302
vn 0.6024 0.6913 0.3990
vn 0.3607 0.4140 0.8358
vn 0.6024 0.6913 -0.3990
vn 0.3607 0.4140 -0.8358
vn -0.1223 0.9156 0.3831
vn -0.0936 0.7009 0.7071
vn -0.1223 0.9156 -0.3831
vn -0.0936 0.7009 -0.7071
vn -0.1140 0.9167 0.3831
vn -0.0873 0.7017 0.7071
vn -0.1140 0.9167 -0.3831
vn -0.0873 0.7017 -0.7071
vn -0.1056 0.9177 0.3831
vn -0.0808 0.7025 0.7071
vn -0.1056 0.9177 -0.3831
vn -0.0808 0.7025 -0.7071
vn -0.0969 0.9186 0.3831
vn -0.0742 0.7032 0.7071
vn -0.0969 0.9186 -0.3831
vn -0.0742 0.7032 -0.7071
vn -0.0878 0.9195 0.3831
vn -0.0672 0.7039 0.7071
vn -0.0878 0.9195 -0.3831
vn -0.0672 0.7039 -0.7071
vn -0.0782 0.9204 0.3831
vn -0.0599 0.7046 0.7071
vn -0.0782 0.9204 -0.3831
vn -0.0599 0.7046 -0.7071
vn -0.0679 0.9212 0.3832
vn -0.0520 0.7052 0.7071
vn -0.0679 0.9212 -0.3832
vn -0.0520 0.7052 -0.7071
vn -0.0567 0.9219 0.3832
vn -0.0434 0.7058 0.7071
vn -0.0567 0.9219 -0.3832
vn -0.0434 0.7058 -0.7071
vn -0.0446 0.9226 0.3833
vn -0.0341 0.7063 0.7071
vn -0.0446 0.9226 -0.3833
vn -0.0341 0.7063 -0.7071
vn -0.0312 0.9231 0.3834
vn -0.0239 0.7067 0.7071
vn -0.0312 0.9231 -0.3834
vn -0.0239 0.7067 -0.7071
vn -0.0163 0.9234 0.3834
vn -0.0125 0.7070 0.7071
vn -0.0163 0.9234 -0.3834
vn -0.0125 0.7070 -0.7071
vn -0.0042 0.9237 0.3831
vn -0.0032 0.7071 0.7071
vn -0.0042 0.9237 -0.3831
vn -0.0032 0.7071 -0.7071
vn 0.0041 0.9237 0.3831
vn 0.0032 0.7071 0.7071
vn 0.0041 0.9237 -0.3831
vn 0.0032 0.7071 -0.7071
vn 0.0168 0.9234 0.3835
vn 0.0129 0.7070 0.7071
vn 0.0168 0.9234 -0.3835
vn 0.0129 0.7070 -0.7071
vn 0.0343 0.9229 0.3835
vn 0.0263 0.7066 0.7071
vn 0.0343 0.9229 -0.3835
vn 0.0263 0.7066 -0.7071
vn 0.0526 0.9220 0.3836
vn 0.0403 0.7059 0.7071
vn 0.0526 0.9220 -0.3836
vn 0.0403 0.7059 -0.7071
vn 0.0719 0.9207 0.3836
vn 0.0551 0.7049 0.7071
vn 0.0719 0.9207 -0.3836
vn 0.0551 0.7049 -0.7071
vn 0.0926 0.9188 0.3837
vn 0.0709 0.7035 0.7071
vn 0.0926 0.9188 -0.3837
vn 0.0709 0.7035 -0.7071
vn 0.1148 0.9163 0.3838
vn 0.0879 0.7016 0.7071
vn 0.1148 0.9163 -0.3838
vn 0.0879 0.7016 -0.7071
vn 0.1389 0.9129 0.3839
vn 0.1064 0.6990 0.7071
vn 0.1389 0.9129 -0.3839
vn 0.1064 0.6990 -0.7071
vn 0.1656 0.9084 0.3840
vn 0.1268 0.6956 0.7071
vn 0.1656 0.9084 -0.3840
vn 0.1268 0.6956 -0.7071
vn 0.1952 0.9024 0.3842
vn 0.1495 0.6911 0.7072
vn 0.1952 0.9024 -0.3842
vn 0.1495 0.6911 -0.7072
vn 0.2287 0.8944 0.3845
vn 0.1752 0.6850 0.7072
vn 0.2287 0.8944 -0.3845
vn 0.1752 0.6850 -0.7072
vn 0.2670 0.8835 0.3848
vn 0.2045 0.6768 0.7072
vn 0.2670 0.8835 -0.3848
vn 0.2045 0.6768 -0.7072
vn -0.1680 0.9131 0.3714
vn -0.1194 0.6490 0.7514
vn -0.1680 0.9131 -0.3714
vn -0.1194 0.6490 -0.7514
vn -0.9162 0.0719 0.3942
vn -0.5651 0.0443 0.8238
vn -0.9162 0.0719 -0.3942
vn -0.5651 0.0443 -0.8238
vn -0.6887 -0.6156 0.3830
vn -0.5272 -0.4712 0.7071
vn -0.6887 -0.6156 -0.3830
vn -0.5272 -0.4712 -0.7071
vn -0.6941 -0.6095 0.3831
vn -0.5313 -0.4666 0.7071
vn -0.6941 -0.6095 -0.3831
vn -0.5313 -0.4666 -0.7071
vn -0.6997 -0.6031 0.3831
vn -0.5356 -0.4616 0.7071
vn -0.6997 -0.6031 -0.3831
vn -0.5356 -0.4616 -0.7071
vn -0.7054 -0.5963 0.3831
vn -0.5400 -0.4565 0.7071
vn -0.7054 -0.5963 -0.3831
vn -0.5400 -0.4565 -0.7071
vn -0.7115 -0.5890 0.3832
vn -0.5447 -0.4509 0.7071
vn -0.7115 -0.5890 -0.3832
vn -0.5447 -0.4509 -0.7071
vn -0.7180 -0.5810 0.3832
vn -0.5497 -0.4448 0.7071
vn -0.7180 -0.5810 -0.3832
vn -0.5497 -0.4448 -0.7071
vn -0.7248 -0.5725 0.3832
vn -0.5549 -0.4383 0.7071
vn -0.7248 -0.5725 -0.3832
vn -0.5549 -0.4383 -0.7071
vn -0.7322 -0.5630 0.3833
vn -0.5605 -0.4310 0.7071
vn -0.7322 -0.5630 -0.3833
vn -0.5605 -0.4310 -0.7071
vn -0.7402 -0.5525 0.3833
vn -0.5667 -0.4229 0.7071
vn -0.7402 -0.5525 -0.3833
vn -0.5667 -0.4229 -0.7071
vn -0.7488 -0.5407 0.3834
vn -0.5733 -0.4140 0.7071
vn -0.7488 -0.5407 -0.3834
vn -0.5733 -0.4140 -0.7071
vn -0.7582 -0.5274 0.3835
vn -0.5805 -0.4038 0.7071
vn -0.7582 -0.5274 -0.3835
vn -0.5805 -0.4038 -0.7071
vn -0.7713 -0.5074 0.3841
vn -0.5907 -0.3886 0.7072
vn -0.7713 -0.5074 -0.3841
vn -0.5907 -0.3886 -0.7072
vn -0.7739 -0.5055 0.3816
vn -0.5920 -0.3867 0.7071
vn -0.7739 -0.5055 -0.3816
vn -0.5920 -0.3867 -0.7071
vn -0.7604 -0.5256 0.3816
vn -0.5816 -0.4021 0.7071
vn -0.7604 -0.5256 -0.3816
vn -0.5816 -0.4021 -0.7071
vn -0.7464 -0.5452 0.3816
vn -0.5710 -0.4171 0.7071
vn -0.7464 -0.5452 -0.3816
vn -0.5710 -0.4171 -0.7071
vn -0.7318 -0.5647 0.3816
vn -0.5598 -0.4319 0.7071
vn -0.7318 -0.5647 -0.3816
vn -0.5598 -0.4319 -0.7071
vn -0.7163 -0.5842 0.3815
vn -0.5479 -0.4469 0.7071
vn -0.7163 -0.5842 -0.3815
vn -0.5479 -0.4469 -0.7071
vn -0.6997 -0.6041 0.3815
vn -0.5352 -0.4621 0.7071
vn -0.6997 -0.6041 -0.3815
vn -0.5352 -0.4621 -0.7071
vn -0.6816 -0.6244 0.3814
vn -0.5214 -0.4776 0.7071
vn -0.6816 -0.6244 -0.3814
vn -0.5214 -0.4776 -0.7071
vn -0.6620 -0.6453 0.3813
vn -0.5063 -0.4935 0.7072
vn -0.6620 -0.6453 -0.3813
vn -0.5063 -0.4935 -0.7072
vn -0.6404 -0.6668 0.3813
vn -0.4898 -0.5100 0.7072
vn -0.6404 -0.6668 -0.3813
vn -0.4898 -0.5100 -0.7072
vn -0.6165 -0.6889 0.3812
vn -0.4715 -0.5269 0.7072
vn -0.6165 -0.6889 -0.3812
vn -0.4715 -0.5269 -0.7072
vn -0.5901 -0.7117 0.3811
vn -0.4513 -0.5443 0.7072
vn -0.5901 -0.7117 -0.3811
vn -0.4513 -0.5443 -0.7072
vn -0.3220 -0.7716 0.5486
vn -0.5541 -0.0321 0.8319
vn -0.3220 -0.7716 -0.5486
vn -0.5541 -0.0321 -0.8319
vn -0.5046 0.4953 0.7071
vn -0.5027 0.4972 0.7071
vn -0.5046 0.4953 -0.7071
vn -0.5027 0.4972 -0.7071
vn -0.6604 0.6463 0.3825
vn -0.5054 0.4946 0.7071
vn -0.6604 0.6463 -0.3825
vn -0.5054 0.4946 -0.7071
vn -0.6638 0.6427 0.3825
vn -0.5080 0.4918 0.7071
vn -0.6638 0.6427 -0.3825
vn -0.5080 0.4918 -0.7071
vn -0.6674 0.6390 0.3824
vn -0.5107 0.4890 0.7071
vn -0.6674 0.6390 -0.3824
vn -0.5107 0.4890 -0.7071
vn -0.6712 0.6351 0.3824
vn -0.5136 0.4860 0.7071
vn -0.6712 0.6351 -0.3824
vn -0.5136 0.4860 -0.7071
vn -0.6752 0.6308 0.3824
vn -0.5167 0.4827 0.7071
vn -0.6752 0.6308 -0.3824
vn -0.5167 0.4827 -0.7071
vn -0.6797 0.6260 0.3824
vn -0.5201 0.4790 0.7071
vn -0.6797 0.6260 -0.3824
vn -0.5201 0.4790 -0.7071
vn -0.6847 0.6205 0.3823
vn -0.5240 0.4748 0.7071
vn -0.6847 0.6205 -0.3823
vn -0.5240 0.4748 -0.7071
vn -0.6906 0.6140 0.3822
vn -0.5284 0.4698 0.7071
vn -0.6906 0.6140 -0.3822
vn -0.5284 0.4698 -0.7071
vn -0.6975 0.6062 0.3822
vn -0.5337 0.4639 0.7071
vn -0.6975 0.6062 -0.3822
vn -0.5337 0.4639 -0.7071
vn -0.7059 0.5965 0.3820
vn -0.5401 0.4564 0.7071
vn -0.7059 0.5965 -0.3820
vn -0.5401 0.4564 -0.7071
vn -0.9149 -0.0943 0.3925
vn -0.5699 -0.0588 0.8196
vn -0.9149 -0.0943 -0.3925
vn -0.5699 -0.0588 -0.8196
vn 0.1174 -0.9121 0.3928
vn 0.0730 -0.5672 0.8203
vn 0.1174 -0.9121 -0.3928
vn 0.0730 -0.5672 -0.8203
vn 0.7319 -0.5630 0.3838
vn 0.5604 -0.4311 0.7071
vn 0.7319 -0.5630 -0.3838
vn 0.5604 -0.4311 -0.7071
vn 0.7197 -0.5788 0.3835
vn 0.5510 -0.4432 0.7071
vn 0.7197 -0.5788 -0.3835
vn 0.5510 -0.4432 -0.7071
vn 0.7100 -0.5907 0.3833
vn 0.5436 -0.4522 0.7071
vn 0.7100 -0.5907 -0.3833
vn 0.5436 -0.4522 -0.7071
vn 0.7022 -0.6000 0.3832
vn 0.5376 -0.4594 0.7071
vn 0.7022 -0.6000 -0.3832
vn 0.5376 -0.4594 -0.7071
vn 0.6956 -0.6077 0.3831
vn 0.5325 -0.4652 0.7071
vn 0.6956 -0.6077 -0.3831
vn 0.5325 -0.4652 -0.7071
vn 0.6900 -0.6142 0.3831
vn 0.5282 -0.4701 0.7071
vn 0.6900 -0.6142 -0.3831
vn 0.5282 -0.4701 -0.7071
vn 0.6850 -0.6198 0.3830
vn 0.5243 -0.4744 0.7071
vn 0.6850 -0.6198 -0.3830
vn 0.5243 -0.4744 -0.7071
vn 0.6804 -0.6248 0.3830
vn 0.5208 -0.4783 0.7071
vn 0.6804 -0.6248 -0.3830
vn 0.5208 -0.4783 -0.7071
vn 0.6760 -0.6295 0.3830
vn 0.5175 -0.4819 0.7071
vn 0.6760 -0.6295 -0.3830
vn 0.5175 -0.4819 -0.7071
vn 0.6719 -0.6340 0.3830
vn 0.5143 -0.4853 0.7071
vn 0.6719 -0.6340 -0.3830
vn 0.5143 -0.4853 -0.7071
vn 0.6677 -0.6384 0.3830
vn 0.5111 -0.4887 0.7071
vn 0.6677 -0.6384 -0.3830
vn 0.5111 -0.4887 -0.7071
vn 0.6558 -0.6500 0.3840
vn 0.5022 -0.4977 0.7071
vn 0.6558 -0.6500 -0.3840
vn 0.5022 -0.4977 -0.7071
vn 0.6409 -0.6650 0.3834
vn 0.4907 -0.5091 0.7071
vn 0.6409 -0.6650 -0.3834
vn 0.4907 -0.5091 -0.7071
vn 0.6311 -0.6744 0.3833
vn 0.4831 -0.5163 0.7071
vn 0.6311 -0.6744 -0.3833
vn 0.4831 -0.5163 -0.7071
vn 0.6230 -0.6820 0.3832
vn 0.4769 -0.5221 0.7071
vn 0.6230 -0.6820 -0.3832
vn 0.4769 -0.5221 -0.7071
vn 0.6158 -0.6885 0.3831
vn 0.4714 -0.5270 0.7071
vn 0.6158 -0.6885 -0.3831
vn 0.4714 -0.5270 -0.7071
vn 0.6092 -0.6944 0.3831
vn 0.4663 -0.5315 0.7071
vn 0.6092 -0.6944 -0.3831
vn 0.4663 -0.5315 -0.7071
vn 0.6026 -0.7001 0.3831
vn 0.4613 -0.5359 0.7071
vn 0.6026 -0.7001 -0.3831
vn 0.4613 -0.5359 -0.7071
vn 0.5957 -0.7059 0.3831
vn 0.4560 -0.5404 0.7071
vn 0.5957 -0.7059 -0.3831
vn 0.4560 -0.5404 -0.7071
vn 0.5881 -0.7123 0.3832
vn 0.4502 -0.5453 0.7071
vn 0.5881 -0.7123 -0.3832
vn 0.4502 -0.5453 -0.7071
vn 0.5790 -0.7196 0.3833
vn 0.4433 -0.5509 0.7071
vn 0.5790 -0.7196 -0.3833
vn 0.4433 -0.5509 -0.7071
vn 0.5675 -0.7287 0.3835
vn 0.4345 -0.5579 0.7071
vn 0.5675 -0.7287 -0.3835
vn 0.4345 -0.5579 -0.7071
vn 0.5514 -0.7407 0.3838
vn 0.4222 -0.5672 0.7071
vn 0.5514 -0.7407 -0.3838
vn 0.4222 -0.5672 -0.7071
vn 0.9130 -0.0218 0.4073
vn 0.5181 -0.0123 0.8553
vn 0.9130 -0.0218 -0.4073
vn 0.5181 -0.0123 -0.8553
vn 0.6220 -0.6827 0.3833
vn 0.6220 -0.6827 -0.3833
vn 0.9118 -0.0958 0.3992
vn 0.9118 -0.0958 -0.3992
vn 0.0664 0.6009 0.7966
vn 0.0664 0.6009 -0.7966
vn -0.5445 0.7468 0.3820
vn -0.5445 0.7468 -0.3820
vn 0.6353 0.6697 0.3847
vn 0.6353 0.6697 -0.3847
vt 0.160000 0.000000
vt 0.186667 0.000000
vt 0.173333 0.000000
vt 0.200000 0.000000
vt 0.213333 0.000000
vt 0.226667 0.000000
vt 0.146667 0.000000
vt 0.240000 0.000000
vt 0.133333 0.000000
vt 0.253333 0.000000
vt 0.120000 0.000000
vt 0.266667 0.000000
vt 0.106667 0.000000
vt 0.280000 0.000000
vt 0.093333 0.000000
vt 0.293333 0.000000
vt 0.080000 0.000000
vt 0.480000 0.000000
vt 0.506667 0.000000
vt 0.493333 0.000000
vt 0.306667 0.000000
vt 0.066667 0.000000
vt 0.320000 0.000000
vt 0.053333 0.000000
vt 0.466667 0.000000
vt 0.333333 0.000000
vt 0.040000 0.000000
vt 0.026667 0.000000
vt 0.013333 0.000000
vt 0.000000 0.000000
vt 0.453333 0.000000
vt 0.520000 0.000000
vt 0.440000 0.000000
vt 0.533333 0.000000
vt 0.426667 0.000000
vt 0.546667 0.000000
vt 0.413333 0.000000
vt 0.560000 0.000000
vt 0.400000 0.000000
vt 0.573333 0.000000
vt 0.386667 0.000000
vt 0.586667 0.000000
vt 0.373333 0.000000
vt 0.600000 0.000000
vt 0.360000 0.000000
vt 0.613333 0.000000
vt 0.346667 0.000000
vt 0.626667 0.000000
vt 1.000000 0.000000
vt 0.640000 0.000000
vt 0.986667 0.000000
vt 0.973333 0.000000
vt 0.653333 0.000000
vt 0.960000 0.000000
vt 0.946667 0.000000
vt 0.666667 0.000000
vt 0.933333 0.000000
vt 0.920000 0.000000
vt 0.680000 0.000000
vt 0.906667 0.000000
vt 0.693333 0.000000
vt 0.893333 0.000000
vt 0.706667 0.000000
vt 0.880000 0.000000
vt 0.720000 0.000000
vt 0.866667 0.000000
vt 0.853333 0.000000
vt 0.733333 0.000000
vt 0.840000 0.000000
vt 0.826667 0.000000
vt 0.746667 0.000000
vt 0.760000 0.000000
vt 0.773333 0.000000
vt 0.786667 0.000000
vt 0.800000 0.000000
vt 0.813333 0.000000
vt 0.326531 0.000000
vt 0.340136 0.000000
vt 0.571429 0.000000
vt 0.585034 0.000000
vt 0.578231 0.000000
vt 0.346939 0.000000
vt 0.564626 0.000000
vt 0.353741 0.000000
vt 0.557823 0.000000
vt 0.360544 0.000000
vt 0.551020 0.000000
vt 0.367347 0.000000
vt 0.544218 0.000000
vt 0.374150 0.000000
vt 0.537415 0.000000
vt 0.380952 0.000000
vt 0.530612 0.000000
vt 0.387755 0.000000
vt 0.523810 0.000000
vt 0.394558 0.000000
vt 0.517007 0.000000
vt 0.401361 0.000000
vt 0.510204 0.000000
vt 0.408163 0.000000
vt 0.503401 0.000000
vt 0.414966 0.000000
vt 0.496599 0.000000
vt 0.421769 0.000000
vt 0.428571 0.000000
vt 0.435374 0.000000
vt 0.442177 0.000000
vt 0.448980 0.000000
vt 0.455782 0.000000
vt 0.462585 0.000000
vt 0.469388 0.000000
vt 0.476190 0.000000
vt 0.482993 0.000000
vt 0.489796 0.000000
vt 0.319728 0.000000
vt 0.312925 0.000000
vt 0.306122 0.000000
vt 0.299320 0.000000
vt 0.292517 0.000000
vt 0.285714 0.000000
vt 0.278912 0.000000
vt 0.272109 0.000000
vt 0.265306 0.000000
vt 0.591837 0.000000
vt 0.598639 0.000000
vt 0.258503 0.000000
vt 0.605442 0.000000
vt 0.612245 0.000000
vt 0.619048 0.000000
vt 0.625850 0.000000
vt 0.251701 0.000000
vt 0.632653 0.000000
vt 0.639456 0.000000
vt 0.646259 0.000000
vt 0.653061 0.000000
vt 0.244898 0.000000
vt 0.659864 0.000000
vt 0.238095 0.000000
vt 0.231293 0.000000
vt 0.217687 0.000000
vt 0.210884 0.000000
vt 0.204082 0.000000
vt 0.197279 0.000000
vt 0.190476 0.000000
vt 0.176871 0.000000
vt 0.170068 0.000000
vt 0.163265 0.000000
vt 0.673469 0.000000
vt 0.224490 0.000000
vt 0.183673 0.000000
vt 0.156463 0.000000
vt 0.149660 0.000000
vt 0.680272 0.000000
vt 0.142857 0.000000
vt 0.687075 0.000000
vt 0.136054 0.000000
vt 0.693878 0.000000
vt 0.129252 0.000000
vt 0.700680 0.000000
vt 0.122449 0.000000
vt 0.707483 0.000000
vt 0.115646 0.000000
vt 0.006803 0.000000
vt 0.108844 0.000000
vt 0.714286 0.000000
vt 0.013605 0.000000
vt 0.020408 0.000000
vt 0.027211 0.000000
vt 0.102041 0.000000
vt 0.034014 0.000000
vt 0.721088 0.000000
vt 0.040816 0.000000
vt 0.993197 0.000000
vt 0.986395 0.000000
vt 0.047619 0.000000
vt 0.095238 0.000000
vt 0.979592 0.000000
vt 0.727891 0.000000
vt 0.054422 0.000000
vt 0.972789 0.000000
vt 0.061224 0.000000
vt 0.088435 0.000000
vt 0.965986 0.000000
vt 0.068027 0.000000
vt 0.734694 0.000000
vt 0.074830 0.000000
vt 0.959184 0.000000
vt 0.081633 0.000000
vt 0.952381 0.000000
vt 0.741497 0.000000
vt 0.945578 0.000000
vt 0.748299 0.000000
vt 0.938776 0.000000
vt 0.931973 0.000000
vt 0.755102 0.000000
vt 0.925170 0.000000
vt 0.761905 0.000000
vt 0.918367 0.000000
vt 0.768707 0.000000
vt 0.911565 0.000000
vt 0.775510 0.000000
vt 0.904762 0.000000
vt 0.782313 0.000000
vt 0.897959 0.000000
vt 0.789116 0.000000
vt 0.891156 0.000000
vt 0.795918 0.000000
vt 0.884354 0.000000
vt 0.802721 0.000000
vt 0.877551 0.000000
vt 0.809524 0.000000
vt 0.816327 0.000000
vt 0.870748 0.000000
vt 0.823129 0.000000
vt 0.863946 0.000000
vt 0.829932 0.000000
vt 0.857143 0.000000
vt 0.850340 0.000000
vt 0.843537 0.000000
vt 0.836735 0.000000
vt 0.995169 0.000000
vt 0.231884 0.000000
vt 0.990338 0.000000
vt 0.236715 0.000000
vt 0.985507 0.000000
vt 0.241546 0.000000
vt 0.980676 0.000000
vt 0.246377 0.000000
vt 0.975845 0.000000
vt 0.251208 0.000000
vt 0.971014 0.000000
vt 0.256039 0.000000
vt 0.966184 0.000000
vt 0.260870 0.000000
vt 0.961353 0.000000
vt 0.115942 0.000000
vt 0.111111 0.000000
vt 0.106280 0.000000
vt 0.265700 0.000000
vt 0.101449 0.000000
vt 0.120773 0.000000
vt 0.096618 0.000000
vt 0.125604 0.000000
vt 0.091787 0.000000
vt 0.130435 0.000000
vt 0.086957 0.000000
vt 0.135266 0.000000
vt 0.956522 0.000000
vt 0.270531 0.000000
vt 0.082126 0.000000
vt 0.140097 0.000000
vt 0.077295 0.000000
vt 0.144928 0.000000
vt 0.951691 0.000000
vt 0.275362 0.000000
vt 0.072464 0.000000
vt 0.149758 0.000000
vt 0.067633 0.000000
vt 0.154589 0.000000
vt 0.946860 0.000000
vt 0.280193 0.000000
vt 0.062802 0.000000
vt 0.159420 0.000000
vt 0.057971 0.000000
vt 0.164251 0.000000
vt 0.942029 0.000000
vt 0.285024 0.000000
vt 0.053140 0.000000
vt 0.169082 0.000000
vt 0.937198 0.000000
vt 0.173913 0.000000
vt 0.048309 0.000000
vt 0.289855 0.000000
vt 0.932367 0.000000
vt 0.927536 0.000000
vt 0.922705 0.000000
vt 0.178744 0.000000
vt 0.043478 0.000000
vt 0.917874 0.000000
vt 0.913043 0.000000
vt 0.294686 0.000000
vt 0.908213 0.000000
vt 0.183575 0.000000
vt 0.038647 0.000000
vt 0.903382 0.000000
vt 0.898551 0.000000
vt 0.893720 0.000000
vt 0.188406 0.000000
vt 0.033816 0.000000
vt 0.758454 0.000000
vt 0.768116 0.000000
vt 0.763285 0.000000
vt 0.888889 0.000000
vt 0.772947 0.000000
vt 0.777778 0.000000
vt 0.782609 0.000000
vt 0.884058 0.000000
vt 0.787440 0.000000
vt 0.299517 0.000000
vt 0.792271 0.000000
vt 0.797101 0.000000
vt 0.801932 0.000000
vt 0.879227 0.000000
vt 0.806763 0.000000
vt 0.811594 0.000000
vt 0.816425 0.000000
vt 0.821256 0.000000
vt 0.826087 0.000000
vt 0.830918 0.000000
vt 0.835749 0.000000
vt 0.840580 0.000000
vt 0.845411 0.000000
vt 0.850242 0.000000
vt 0.855072 0.000000
vt 0.859903 0.000000
vt 0.864734 0.000000
vt 0.869565 0.000000
vt 0.874396 0.000000
vt 0.193237 0.000000
vt 0.028986 0.000000
vt 0.198068 0.000000
vt 0.024155 0.000000
vt 0.304348 0.000000
vt 0.202899 0.000000
vt 0.019324 0.000000
vt 0.207729 0.000000
vt 0.014493 0.000000
vt 0.309179 0.000000
vt 0.212560 0.000000
vt 0.009662 0.000000
vt 0.217391 0.000000
vt 0.004831 0.000000
vt 0.222222 0.000000
vt 0.227053 0.000000
vt 0.314010 0.000000
vt 0.739130 0.000000
vt 0.734300 0.000000
vt 0.729469 0.000000
vt 0.724638 0.000000
vt 0.318841 0.000000
vt 0.719807 0.000000
vt 0.714976 0.000000
vt 0.323671 0.000000
vt 0.710145 0.000000
vt 0.328502 0.000000
vt 0.705314 0.000000
vt 0.400966 0.000000
vt 0.700483 0.000000
vt 0.695652 0.000000
vt 0.690821 0.000000
vt 0.685990 0.000000
vt 0.681159 0.000000
vt 0.676328 0.000000
vt 0.671498 0.000000
vt 0.657005 0.000000
vt 0.647343 0.000000
vt 0.642512 0.000000
vt 0.405797 0.000000
vt 0.396135 0.000000
vt 0.391304 0.000000
vt 0.386473 0.000000
vt 0.338164 0.000000
vt 0.381643 0.000000
vt 0.376812 0.000000
vt 0.371981 0.000000
vt 0.367150 0.000000
vt 0.362319 0.000000
vt 0.342995 0.000000
vt 0.357488 0.000000
vt 0.352657 0.000000
vt 0.347826 0.000000
vt 0.661836 0.000000
vt 0.652174 0.000000
vt 0.637681 0.000000
vt 0.743961 0.000000
vt 0.748792 0.000000
vt 0.753623 0.000000
vt 0.410628 0.000000
vt 0.632850 0.000000
vt 0.415459 0.000000
vt 0.628019 0.000000
vt 0.420290 0.000000
vt 0.623188 0.000000
vt 0.425121 0.000000
vt 0.618357 0.000000
vt 0.429952 0.000000
vt 0.613527 0.000000
vt 0.434783 0.000000
vt 0.608696 0.000000
vt 0.439614 0.000000
vt 0.603865 0.000000
vt 0.599034 0.000000
vt 0.444444 0.000000
vt 0.594203 0.000000
vt 0.449275 0.000000
vt 0.589372 0.000000
vt 0.454106 0.000000
vt 0.584541 0.000000
vt 0.458937 0.000000
vt 0.579710 0.000000
vt 0.463768 0.000000
vt 0.574879 0.000000
vt 0.468599 0.000000
vt 0.570048 0.000000
vt 0.565217 0.000000
vt 0.473430 0.000000
vt 0.560386 0.000000
vt 0.478261 0.000000
vt 0.555556 0.000000
vt 0.483092 0.000000
vt 0.550725 0.000000
vt 0.487923 0.000000
vt 0.545894 0.000000
vt 0.541063 0.000000
vt 0.492754 0.000000
vt 0.536232 0.000000
vt 0.497585 0.000000
vt 0.531401 0.000000
vt 0.502415 0.000000
vt 0.526570 0.000000
vt 0.521739 0.000000
vt 0.507246 0.000000
vt 0.512077 0.000000
vt 0.516908 0.000000
vt 0.607692 0.000000
vt 0.623077 0.000000
vt 0.615385 0.000000
vt 0.630769 0.000000
vt 0.638462 0.000000
vt 0.646154 0.000000
vt 0.653846 0.000000
vt 0.661538 0.000000
vt 0.592308 0.000000
vt 0.584615 0.000000
vt 0.669231 0.000000
vt 0.576923 0.000000
vt 0.676923 0.000000
vt 0.569231 0.000000
vt 0.684615 0.000000
vt 0.561538 0.000000
vt 0.692308 0.000000
vt 0.553846 0.000000
vt 0.700000 0.000000
vt 0.546154 0.000000
vt 0.538462 0.000000
vt 0.707692 0.000000
vt 0.530769 0.000000
vt 0.715385 0.000000
vt 0.523077 0.000000
vt 0.515385 0.000000
vt 0.507692 0.000000
vt 0.892308 0.000000
vt 0.907692 0.000000
vt 0.900000 0.000000
vt 0.884615 0.000000
vt 0.876923 0.000000
vt 0.869231 0.000000
vt 0.861538 0.000000
vt 0.853846 0.000000
vt 0.846154 0.000000
vt 0.838462 0.000000
vt 0.830769 0.000000
vt 0.823077 0.000000
vt 0.815385 0.000000
vt 0.807692 0.000000
vt 0.792308 0.000000
vt 0.784615 0.000000
vt 0.776923 0.000000
vt 0.769231 0.000000
vt 0.761538 0.000000
vt 0.915385 0.000000
vt 0.753846 0.000000
vt 0.746154 0.000000
vt 0.738462 0.000000
vt 0.923077 0.000000
vt 0.730769 0.000000
vt 0.723077 0.000000
vt 0.092308 0.000000
vt 0.930769 0.000000
vt 0.100000 0.000000
vt 0.084615 0.000000
vt 0.500000 0.000000
vt 0.076923 0.000000
vt 0.938462 0.000000
vt 0.492308 0.000000
vt 0.484615 0.000000
vt 0.069231 0.000000
vt 0.476923 0.000000
vt 0.469231 0.000000
vt 0.461538 0.000000
vt 0.453846 0.000000
vt 0.446154 0.000000
vt 0.438462 0.000000
vt 0.430769 0.000000
vt 0.423077 0.000000
vt 0.415385 0.000000
vt 0.407692 0.000000
vt 0.946154 0.000000
vt 0.061538 0.000000
vt 0.392308 0.000000
vt 0.107692 0.000000
vt 0.053846 0.000000
vt 0.953846 0.000000
vt 0.384615 0.000000
vt 0.046154 0.000000
vt 0.115385 0.000000
vt 0.961538 0.000000
vt 0.038462 0.000000
vt 0.030769 0.000000
vt 0.969231 0.000000
vt 0.123077 0.000000
vt 0.023077 0.000000
vt 0.976923 0.000000
vt 0.015385 0.000000
vt 0.130769 0.000000
vt 0.007692 0.000000
vt 0.984615 0.000000
vt 0.992308 0.000000
vt 0.138462 0.000000
vt 0.146154 0.000000
vt 0.153846 0.000000
vt 0.161538 0.000000
vt 0.169231 0.000000
vt 0.176923 0.000000
vt 0.184615 0.000000
vt 0.192308 0.000000
vt 0.207692 0.000000
vt 0.215385 0.000000
vt 0.223077 0.000000
vt 0.376923 0.000000
vt 0.230769 0.000000
vt 0.369231 0.000000
vt 0.238462 0.000000
vt 0.361538 0.000000
vt 0.246154 0.000000
vt 0.353846 0.000000
vt 0.253846 0.000000
vt 0.346154 0.000000
vt 0.261538 0.000000
vt 0.338462 0.000000
vt 0.269231 0.000000
vt 0.330769 0.000000
vt 0.276923 0.000000
vt 0.323077 0.000000
vt 0.284615 0.000000
vt 0.315385 0.000000
vt 0.307692 0.000000
vt 0.300000 0.000000
vt 0.292308 0.000000
vt 0.745098 0.000000
vt 0.758170 0.000000
vt 0.751634 0.000000
vt 0.764706 0.000000
vt 0.771242 0.000000
vt 0.738562 0.000000
vt 0.732026 0.000000
vt 0.784314 0.000000
vt 0.725490 0.000000
vt 0.575163 0.000000
vt 0.588235 0.000000
vt 0.581699 0.000000
vt 0.594771 0.000000
vt 0.790850 0.000000
vt 0.718954 0.000000
vt 0.601307 0.000000
vt 0.568627 0.000000
vt 0.797386 0.000000
vt 0.712418 0.000000
vt 0.607843 0.000000
vt 0.562092 0.000000
vt 0.705882 0.000000
vt 0.803922 0.000000
vt 0.614379 0.000000
vt 0.699346 0.000000
vt 0.810458 0.000000
vt 0.620915 0.000000
vt 0.549020 0.000000
vt 0.692810 0.000000
vt 0.816993 0.000000
vt 0.542484 0.000000
vt 0.627451 0.000000
vt 0.686275 0.000000
vt 0.823529 0.000000
vt 0.535948 0.000000
vt 0.633987 0.000000
vt 0.679739 0.000000
vt 0.830065 0.000000
vt 0.529412 0.000000
vt 0.640523 0.000000
vt 0.673203 0.000000
vt 0.522876 0.000000
vt 0.647059 0.000000
vt 0.516340 0.000000
vt 0.653595 0.000000
vt 0.509804 0.000000
vt 0.660131 0.000000
vt 0.503268 0.000000
vt 0.496732 0.000000
vt 0.915033 0.000000
vt 0.928105 0.000000
vt 0.921569 0.000000
vt 0.934641 0.000000
vt 0.941176 0.000000
vt 0.947712 0.000000
vt 0.954248 0.000000
vt 0.960784 0.000000
vt 0.908497 0.000000
vt 0.967320 0.000000
vt 0.901961 0.000000
vt 0.973856 0.000000
vt 0.895425 0.000000
vt 0.980392 0.000000
vt 0.986928 0.000000
vt 0.882353 0.000000
vt 0.993464 0.000000
vt 0.875817 0.000000
vt 0.869281 0.000000
vt 0.862745 0.000000
vt 0.856209 0.000000
vt 0.849673 0.000000
vt 0.843137 0.000000
vt 0.836601 0.000000
vt 0.405229 0.000000
vt 0.418301 0.000000
vt 0.411765 0.000000
vt 0.065359 0.000000
vt 0.078431 0.000000
vt 0.071895 0.000000
vt 0.424837 0.000000
vt 0.431373 0.000000
vt 0.437909 0.000000
vt 0.058824 0.000000
vt 0.450980 0.000000
vt 0.457516 0.000000
vt 0.398693 0.000000
vt 0.392157 0.000000
vt 0.052288 0.000000
vt 0.464052 0.000000
vt 0.385621 0.000000
vt 0.084967 0.000000
vt 0.470588 0.000000
vt 0.379085 0.000000
vt 0.477124 0.000000
vt 0.372549 0.000000
vt 0.045752 0.000000
vt 0.483660 0.000000
vt 0.366013 0.000000
vt 0.091503 0.000000
vt 0.490196 0.000000
vt 0.359477 0.000000
vt 0.352941 0.000000
vt 0.346405 0.000000
vt 0.339869 0.000000
vt 0.326797 0.000000
vt 0.039216 0.000000
vt 0.098039 0.000000
vt 0.032680 0.000000
vt 0.104575 0.000000
vt 0.026144 0.000000
vt 0.019608 0.000000
vt 0.117647 0.000000
vt 0.013072 0.000000
vt 0.124183 0.000000
vt 0.006536 0.000000
vt 0.130719 0.000000
vt 0.137255 0.000000
vt 0.320261 0.000000
vt 0.143791 0.000000
vt 0.313726 0.000000
vt 0.307190 0.000000
vt 0.150327 0.000000
vt 0.300654 0.000000
vt 0.294118 0.000000
vt 0.156863 0.000000
vt 0.287582 0.000000
vt 0.281046 0.000000
vt 0.274510 0.000000
vt 0.163399 0.000000
vt 0.267974 0.000000
vt 0.169935 0.000000
vt 0.261438 0.000000
vt 0.254902 0.000000
vt 0.176471 0.000000
vt 0.248366 0.000000
vt 0.241830 0.000000
vt 0.183007 0.000000
vt 0.235294 0.000000
vt 0.189542 0.000000
vt 0.196078 0.000000
vt 0.202614 0.000000
vt 0.209150 0.000000
vt 0.215686 0.000000
vt 0.228758 0.000000
vt 0.000000 0.333333
vt 0.038462 0.333333
vt 0.000000 0.666667
vt 0.038462 0.666667
vt 0.000000 1.000000
vt 0.038462 1.000000
vt 0.076923 0.333333
vt 0.076923 0.666667
vt 0.076923 1.000000
vt 0.115385 0.333333
vt 0.115385 0.666667
vt 0.115385 1.000000
vt 0.153846 0.333333
vt 0.153846 0.666667
vt 0.153846 1.000000
vt 0.192308 0.333333
vt 0.192308 0.666667
vt 0.192308 1.000000
vt 0.230769 0.333333
vt 0.230769 0.666667
vt 0.230769 1.000000
vt 0.269231 0.333333
vt 0.269231 0.666667
vt 0.269231 1.000000
vt 0.307692 0.333333
vt 0.307692 0.666667
vt 0.307692 1.000000
vt 0.346154 0.333333
vt 0.346154 0.666667
vt 0.346154 1.000000
vt 0.384615 0.333333
vt 0.384615 0.666667
vt 0.384615 1.000000
vt 0.423077 0.333333
vt 0.423077 0.666667
vt 0.423077 1.000000
vt 0.461538 0.333333
vt 0.461538 0.666667
vt 0.461538 1.000000
vt 0.500000 0.333333
vt 0.500000 0.666667
vt 0.500000 1.000000
vt 0.538462 0.333333
vt 0.538462 0.666667
vt 0.538462 1.000000
vt 0.576923 0.333333
vt 0.576923 0.666667
vt 0.576923 1.000000
vt 0.615385 0.333333
vt 0.615385 0.666667
vt 0.615385 1.000000
vt 0.653846 0.333333
vt 0.653846 0.666667
vt 0.653846 1.000000
vt 0.692308 0.333333
vt 0.692308 0.666667
vt 0.692308 1.000000
vt 0.730769 0.333333
vt 0.730769 0.666667
vt 0.730769 1.000000
vt 0.769231 0.333333
vt 0.769231 0.666667
vt 0.769231 1.000000
vt 0.807692 0.333333
vt 0.807692 0.666667
vt 0.807692 1.000000
vt 0.846154 0.333333
vt 0.846154 0.666667
vt 0.846154 1.000000
vt 0.884615 0.333333
vt 0.884615 0.666667
vt 0.884615 1.000000
vt 0.923077 0.333333
vt 0.923077 0.666667
vt 0.923077 1.000000
vt 0.961538 0.333333
vt 0.961538 0.666667
vt 0.961538 1.000000
vt 1.000000 0.333333
vt 1.000000 0.666667
vt 1.000000 1.000000
vt 0.020000 0.333333
vt 0.020000 0.000000
vt 0.020000 0.666667
vt 0.020000 1.000000
vt 0.040000 0.333333
vt 0.040000 0.666667
vt 0.040000 1.000000
vt 0.060000 0.333333
vt 0.060000 0.000000
vt 0.060000 0.666667
vt 0.060000 1.000000
vt 0.080000 0.333333
vt 0.080000 0.666667
vt 0.080000 1.000000
vt 0.100000 0.333333
vt 0.100000 0.666667
vt 0.100000 1.000000
vt 0.120000 0.333333
vt 0.120000 0.666667
vt 0.120000 1.000000
vt 0.140000 0.333333
vt 0.140000 0.000000
vt 0.140000 0.666667
vt 0.140000 1.000000
vt 0.160000 0.333333
vt 0.160000 0.666667
vt 0.160000 1.000000
vt 0.180000 0.333333
vt 0.180000 0.000000
vt 0.180000 0.666667
vt 0.180000 1.000000
vt 0.200000 0.333333
vt 0.200000 0.666667
vt 0.200000 1.000000
vt 0.220000 0.333333
vt 0.220000 0.000000
vt 0.220000 0.666667
vt 0.220000 1.000000
vt 0.240000 0.333333
vt 0.240000 0.666667
vt 0.240000 1.000000
vt 0.260000 0.333333
vt 0.260000 0.000000
vt 0.260000 0.666667
vt 0.260000 1.000000
vt 0.280000 0.333333
vt 0.280000 0.666667
vt 0.280000 1.000000
vt 0.300000 0.333333
vt 0.300000 0.666667
vt 0.300000 1.000000
vt 0.320000 0.333333
vt 0.320000 0.666667
vt 0.320000 1.000000
vt 0.340000 0.333333
vt 0.340000 0.000000
vt 0.340000 0.666667
vt 0.340000 1.000000
vt 0.360000 0.333333
vt 0.360000 0.666667
vt 0.360000 1.000000
vt 0.380000 0.333333
vt 0.380000 0.000000
vt 0.380000 0.666667
vt 0.380000 1.000000
vt 0.400000 0.333333
vt 0.400000 0.666667
vt 0.400000 1.000000
vt 0.420000 0.333333
vt 0.420000 0.000000
vt 0.420000 0.666667
vt 0.420000 1.000000
vt 0.440000 0.333333
vt 0.440000 0.666667
vt 0.440000 1.000000
vt 0.460000 0.333333
vt 0.460000 0.000000
vt 0.460000 0.666667
vt 0.460000 1.000000
vt 0.480000 0.333333
vt 0.480000 0.666667
vt 0.480000 1.000000
vt 0.520000 0.333333
vt 0.520000 0.666667
vt 0.520000 1.000000
vt 0.540000 0.333333
vt 0.540000 0.000000
vt 0.540000 0.666667
vt 0.540000 1.000000
vt 0.560000 0.333333
vt 0.560000 0.666667
vt 0.560000 1.000000
vt 0.580000 0.333333
vt 0.580000 0.000000
vt 0.580000 0.666667
vt 0.580000 1.000000
vt 0.600000 0.333333
vt 0.600000 0.666667
vt 0.600000 1.000000
vt 0.620000 0.333333
vt 0.620000 0.000000
vt 0.620000 0.666667
vt 0.620000 1.000000
vt 0.640000 0.333333
vt 0.640000 0.666667
vt 0.640000 1.000000
vt 0.660000 0.333333
vt 0.660000 0.000000
vt 0.660000 0.666667
vt 0.660000 1.000000
vt 0.680000 0.333333
vt 0.680000 0.666667
vt 0.680000 1.000000
vt 0.700000 0.333333
vt 0.700000 0.666667
vt 0.700000 1.000000
vt 0.720000 0.333333
vt 0.720000 0.666667
vt 0.720000 1.000000
vt 0.740000 0.333333
vt 0.740000 0.000000
vt 0.740000 0.666667
vt 0.740000 1.000000
vt 0.760000 0.333333
vt 0.760000 0.666667
vt 0.760000 1.000000
vt 0.780000 0.333333
vt 0.780000 0.000000
vt 0.780000 0.666667
vt 0.780000 1.000000
vt 0.800000 0.333333
vt 0.800000 0.666667
vt 0.800000 1.000000
vt 0.820000 0.333333
vt 0.820000 0.000000
vt 0.820000 0.666667
vt 0.820000 1.000000
vt 0.840000 0.333333
vt 0.840000 0.666667
vt 0.840000 1.000000
vt 0.860000 0.333333
vt 0.860000 0.000000
vt 0.860000 0.666667
vt 0.860000 1.000000
vt 0.880000 0.333333
vt 0.880000 0.666667
vt 0.880000 1.000000
vt 0.900000 0.333333
vt 0.900000 0.666667
vt 0.900000 1.000000
vt 0.920000 0.333333
vt 0.920000 0.666667
vt 0.920000 1.000000
vt 0.940000 0.333333
vt 0.940000 0.000000
vt 0.940000 0.666667
vt 0.940000 1.000000
vt 0.960000 0.333333
vt 0.960000 0.666667
vt 0.960000 1.000000
vt 0.980000 0.333333
vt 0.980000 0.000000
vt 0.980000 0.666667
vt 0.980000 1.000000
vt 0.007634 0.333333
vt 0.007634 0.000000
vt 0.007634 0.666667
vt 0.007634 1.000000
vt 0.015267 0.333333
vt 0.015267 0.000000
vt 0.015267 0.666667
vt 0.015267 1.000000
vt 0.022901 0.333333
vt 0.022901 0.000000
vt 0.022901 0.666667
vt 0.022901 1.000000
vt 0.030534 0.333333
vt 0.030534 0.000000
vt 0.030534 0.666667
vt 0.030534 1.000000
vt 0.038168 0.333333
vt 0.038168 0.000000
vt 0.038168 0.666667
vt 0.038168 1.000000
vt 0.045802 0.333333
vt 0.045802 0.000000
vt 0.045802 0.666667
vt 0.045802 1.000000
vt 0.053435 0.333333
vt 0.053435 0.000000
vt 0.053435 0.666667
vt 0.053435 1.000000
vt 0.061069 0.333333
vt 0.061069 0.000000
vt 0.061069 0.666667
vt 0.061069 1.000000
vt 0.068702 0.333333
vt 0.068702 0.000000
vt 0.068702 0.666667
vt 0.068702 1.000000
vt 0.076336 0.333333
vt 0.076336 0.000000
vt 0.076336 0.666667
vt 0.076336 1.000000
vt 0.083969 0.333333
vt 0.083969 0.000000
vt 0.083969 0.666667
vt 0.083969 1.000000
vt 0.091603 0.333333
vt 0.091603 0.000000
vt 0.091603 0.666667
vt 0.091603 1.000000
vt 0.099237 0.333333
vt 0.099237 0.000000
vt 0.099237 0.666667
vt 0.099237 1.000000
vt 0.106870 0.333333
vt 0.106870 0.000000
vt 0.106870 0.666667
vt 0.106870 1.000000
vt 0.114504 0.333333
vt 0.114504 0.000000
vt 0.114504 0.666667
vt 0.114504 1.000000
vt 0.122137 0.333333
vt 0.122137 0.000000
vt 0.122137 0.666667
vt 0.122137 1.000000
vt 0.129771 0.333333
vt 0.129771 0.000000
vt 0.129771 0.666667
vt 0.129771 1.000000
vt 0.137405 0.333333
vt 0.137405 0.000000
vt 0.137405 0.666667
vt 0.137405 1.000000
vt 0.145038 0.333333
vt 0.145038 0.000000
vt 0.145038 0.666667
vt 0.145038 1.000000
vt 0.152672 0.333333
vt 0.152672 0.000000
vt 0.152672 0.666667
vt 0.152672 1.000000
vt 0.160305 0.333333
vt 0.160305 0.000000
vt 0.160305 0.666667
vt 0.160305 1.000000
vt 0.167939 0.333333
vt 0.167939 0.000000
vt 0.167939 0.666667
vt 0.167939 1.000000
vt 0.175573 0.333333
vt 0.175573 0.000000
vt 0.175573 0.666667
vt 0.175573 1.000000
vt 0.183206 0.333333
vt 0.183206 0.000000
vt 0.183206 0.666667
vt 0.183206 1.000000
vt 0.190840 0.333333
vt 0.190840 0.000000
vt 0.190840 0.666667
vt 0.190840 1.000000
vt 0.198473 0.333333
vt 0.198473 0.000000
vt 0.198473 0.666667
vt 0.198473 1.000000
vt 0.206107 0.333333
vt 0.206107 0.000000
vt 0.206107 0.666667
vt 0.206107 1.000000
vt 0.213740 0.333333
vt 0.213740 0.000000
vt 0.213740 0.666667
vt 0.213740 1.000000
vt 0.221374 0.333333
vt 0.221374 0.000000
vt 0.221374 0.666667
vt 0.221374 1.000000
vt 0.229008 0.333333
vt 0.229008 0.000000
vt 0.229008 0.666667
vt 0.229008 1.000000
vt 0.236641 0.333333
vt 0.236641 0.000000
vt 0.236641 0.666667
vt 0.236641 1.000000
vt 0.244275 0.333333
vt 0.244275 0.000000
vt 0.244275 0.666667
vt 0.244275 1.000000
vt 0.251908 0.333333
vt 0.251908 0.000000
vt 0.251908 0.666667
vt 0.251908 1.000000
vt 0.259542 0.333333
vt 0.259542 0.000000
vt 0.259542 0.666667
vt 0.259542 1.000000
vt 0.267176 0.333333
vt 0.267176 0.000000
vt 0.267176 0.666667
vt 0.267176 1.000000
vt 0.274809 0.333333
vt 0.274809 0.000000
vt 0.274809 0.666667
vt 0.274809 1.000000
vt 0.282443 0.333333
vt 0.282443 0.000000
vt 0.282443 0.666667
vt 0.282443 1.000000
vt 0.290076 0.333333
vt 0.290076 0.000000
vt 0.290076 0.666667
vt 0.290076 1.000000
vt 0.297710 0.333333
vt 0.297710 0.000000
vt 0.297710 0.666667
vt 0.297710 1.000000
vt 0.305344 0.333333
vt 0.305344 0.000000
vt 0.305344 0.666667
vt 0.305344 1.000000
vt 0.312977 0.333333
vt 0.312977 0.000000
vt 0.312977 0.666667
vt 0.312977 1.000000
vt 0.320611 0.333333
vt 0.320611 0.000000
vt 0.320611 0.666667
vt 0.320611 1.000000
vt 0.328244 0.333333
vt 0.328244 0.000000
vt 0.328244 0.666667
vt 0.328244 1.000000
vt 0.335878 0.333333
vt 0.335878 0.000000
vt 0.335878 0.666667
vt 0.335878 1.000000
vt 0.343511 0.333333
vt 0.343511 0.000000
vt 0.343511 0.666667
vt 0.343511 1.000000
vt 0.351145 0.333333
vt 0.351145 0.000000
vt 0.351145 0.666667
vt 0.351145 1.000000
vt 0.358779 0.333333
vt 0.358779 0.000000
vt 0.358779 0.666667
vt 0.358779 1.000000
vt 0.366412 0.333333
vt 0.366412 0.000000
vt 0.366412 0.666667
vt 0.366412 1.000000
vt 0.374046 0.333333
vt 0.374046 0.000000
vt 0.374046 0.666667
vt 0.374046 1.000000
vt 0.381679 0.333333
vt 0.381679 0.000000
vt 0.381679 0.666667
vt 0.381679 1.000000
vt 0.389313 0.333333
vt 0.389313 0.000000
vt 0.389313 0.666667
vt 0.389313 1.000000
vt 0.396947 0.333333
vt 0.396947 0.000000
vt 0.396947 0.666667
vt 0.396947 1.000000
vt 0.404580 0.333333
vt 0.404580 0.000000
vt 0.404580 0.666667
vt 0.404580 1.000000
vt 0.412214 0.333333
vt 0.412214 0.000000
vt 0.412214 0.666667
vt 0.412214 1.000000
vt 0.419847 0.333333
vt 0.419847 0.000000
vt 0.419847 0.666667
vt 0.419847 1.000000
vt 0.427481 0.333333
vt 0.427481 0.000000
vt 0.427481 0.666667
vt 0.427481 1.000000
vt 0.435115 0.333333
vt 0.435115 0.000000
vt 0.435115 0.666667
vt 0.435115 1.000000
vt 0.442748 0.333333
vt 0.442748 0.000000
vt 0.442748 0.666667
vt 0.442748 1.000000
vt 0.450382 0.333333
vt 0.450382 0.000000
vt 0.450382 0.666667
vt 0.450382 1.000000
vt 0.458015 0.333333
vt 0.458015 0.000000
vt 0.458015 0.666667
vt 0.458015 1.000000
vt 0.465649 0.333333
vt 0.465649 0.000000
vt 0.465649 0.666667
vt 0.465649 1.000000
vt 0.473282 0.333333
vt 0.473282 0.000000
vt 0.473282 0.666667
vt 0.473282 1.000000
vt 0.480916 0.333333
vt 0.480916 0.000000
vt 0.480916 0.666667
vt 0.480916 1.000000
vt 0.488550 0.333333
vt 0.488550 0.000000
vt 0.488550 0.666667
vt 0.488550 1.000000
vt 0.496183 0.333333
vt 0.496183 0.000000
vt 0.496183 0.666667
vt 0.496183 1.000000
vt 0.503817 0.333333
vt 0.503817 0.000000
vt 0.503817 0.666667
vt 0.503817 1.000000
vt 0.511450 0.333333
vt 0.511450 0.000000
vt 0.511450 0.666667
vt 0.511450 1.000000
vt 0.519084 0.333333
vt 0.519084 0.000000
vt 0.519084 0.666667
vt 0.519084 1.000000
vt 0.526718 0.333333
vt 0.526718 0.000000
vt 0.526718 0.666667
vt 0.526718 1.000000
vt 0.534351 0.333333
vt 0.534351 0.000000
vt 0.534351 0.666667
vt 0.534351 1.000000
vt 0.541985 0.333333
vt 0.541985 0.000000
vt 0.541985 0.666667
vt 0.541985 1.000000
vt 0.549618 0.333333
vt 0.549618 0.000000
vt 0.549618 0.666667
vt 0.549618 1.000000
vt 0.557252 0.333333
vt 0.557252 0.000000
vt 0.557252 0.666667
vt 0.557252 1.000000
vt 0.564885 0.333333
vt 0.564885 0.000000
vt 0.564885 0.666667
vt 0.564885 1.000000
vt 0.572519 0.333333
vt 0.572519 0.000000
vt 0.572519 0.666667
vt 0.572519 1.000000
vt 0.580153 0.333333
vt 0.580153 0.000000
vt 0.580153 0.666667
vt 0.580153 1.000000
vt 0.587786 0.333333
vt 0.587786 0.000000
vt 0.587786 0.666667
vt 0.587786 1.000000
vt 0.595420 0.333333
vt 0.595420 0.000000
vt 0.595420 0.666667
vt 0.595420 1.000000
vt 0.603053 0.333333
vt 0.603053 0.000000
vt 0.603053 0.666667
vt 0.603053 1.000000
vt 0.610687 0.333333
vt 0.610687 0.000000
vt 0.610687 0.666667
vt 0.610687 1.000000
vt 0.618321 0.333333
vt 0.618321 0.000000
vt 0.618321 0.666667
vt 0.618321 1.000000
vt 0.625954 0.333333
vt 0.625954 0.000000
vt 0.625954 0.666667
vt 0.625954 1.000000
vt 0.633588 0.333333
vt 0.633588 0.000000
vt 0.633588 0.666667
vt 0.633588 1.000000
vt 0.641221 0.333333
vt 0.641221 0.000000
vt 0.641221 0.666667
vt 0.641221 1.000000
vt 0.648855 0.333333
vt 0.648855 0.000000
vt 0.648855 0.666667
vt 0.648855 1.000000
vt 0.656489 0.333333
vt 0.656489 0.000000
vt 0.656489 0.666667
vt 0.656489 1.000000
vt 0.664122 0.333333
vt 0.664122 0.000000
vt 0.664122 0.666667
vt 0.664122 1.000000
vt 0.671756 0.333333
vt 0.671756 0.000000
vt 0.671756 0.666667
vt 0.671756 1.000000
vt 0.679389 0.333333
vt 0.679389 0.000000
vt 0.679389 0.666667
vt 0.679389 1.000000
vt 0.687023 0.333333
vt 0.687023 0.000000
vt 0.687023 0.666667
vt 0.687023 1.000000
vt 0.694656 0.333333
vt 0.694656 0.000000
vt 0.694656 0.666667
vt 0.694656 1.000000
vt 0.702290 0.333333
vt 0.702290 0.000000
vt 0.702290 0.666667
vt 0.702290 1.000000
vt 0.709924 0.333333
vt 0.709924 0.000000
vt 0.709924 0.666667
vt 0.709924 1.000000
vt 0.717557 0.333333
vt 0.717557 0.000000
vt 0.717557 0.666667
vt 0.717557 1.000000
vt 0.725191 0.333333
vt 0.725191 0.000000
vt 0.725191 0.666667
vt 0.725191 1.000000
vt 0.732824 0.333333
vt 0.732824 0.000000
vt 0.732824 0.666667
vt 0.732824 1.000000
vt 0.740458 0.333333
vt 0.740458 0.000000
vt 0.740458 0.666667
vt 0.740458 1.000000
vt 0.748092 0.333333
vt 0.748092 0.000000
vt 0.748092 0.666667
vt 0.748092 1.000000
vt 0.755725 0.333333
vt 0.755725 0.000000
vt 0.755725 0.666667
vt 0.755725 1.000000
vt 0.763359 0.333333
vt 0.763359 0.000000
vt 0.763359 0.666667
vt 0.763359 1.000000
vt 0.770992 0.333333
vt 0.770992 0.000000
vt 0.770992 0.666667
vt 0.770992 1.000000
vt 0.778626 0.333333
vt 0.778626 0.000000
vt 0.778626 0.666667
vt 0.778626 1.000000
vt 0.786260 0.333333
vt 0.786260 0.000000
vt 0.786260 0.666667
vt 0.786260 1.000000
vt 0.793893 0.333333
vt 0.793893 0.000000
vt 0.793893 0.666667
vt 0.793893 1.000000
vt 0.801527 0.333333
vt 0.801527 0.000000
vt 0.801527 0.666667
vt 0.801527 1.000000
vt 0.809160 0.333333
vt 0.809160 0.000000
vt 0.809160 0.666667
vt 0.809160 1.000000
vt 0.816794 0.333333
vt 0.816794 0.000000
vt 0.816794 0.666667
vt 0.816794 1.000000
vt 0.824427 0.333333
vt 0.824427 0.000000
vt 0.824427 0.666667
vt 0.824427 1.000000
vt 0.832061 0.333333
vt 0.832061 0.000000
vt 0.832061 0.666667
vt 0.832061 1.000000
vt 0.839695 0.333333
vt 0.839695 0.000000
vt 0.839695 0.666667
vt 0.839695 1.000000
vt 0.847328 0.333333
vt 0.847328 0.000000
vt 0.847328 0.666667
vt 0.847328 1.000000
vt 0.854962 0.333333
vt 0.854962 0.000000
vt 0.854962 0.666667
vt 0.854962 1.000000
vt 0.862595 0.333333
vt 0.862595 0.000000
vt 0.862595 0.666667
vt 0.862595 1.000000
vt 0.870229 0.333333
vt 0.870229 0.000000
vt 0.870229 0.666667
vt 0.870229 1.000000
vt 0.877863 0.333333
vt 0.877863 0.000000
vt 0.877863 0.666667
vt 0.877863 1.000000
vt 0.885496 0.333333
vt 0.885496 0.000000
vt 0.885496 0.666667
vt 0.885496 1.000000
vt 0.893130 0.333333
vt 0.893130 0.000000
vt 0.893130 0.666667
vt 0.893130 1.000000
vt 0.900763 0.333333
vt 0.900763 0.000000
vt 0.900763 0.666667
vt 0.900763 1.000000
vt 0.908397 0.333333
vt 0.908397 0.000000
vt 0.908397 0.666667
vt 0.908397 1.000000
vt 0.916031 0.333333
vt 0.916031 0.000000
vt 0.916031 0.666667
vt 0.916031 1.000000
vt 0.923664 0.333333
vt 0.923664 0.000000
vt 0.923664 0.666667
vt 0.923664 1.000000
vt 0.931298 0.333333
vt 0.931298 0.000000
vt 0.931298 0.666667
vt 0.931298 1.000000
vt 0.938931 0.333333
vt 0.938931 0.000000
vt 0.938931 0.666667
vt 0.938931 1.000000
vt 0.946565 0.333333
vt 0.946565 0.000000
vt 0.946565 0.666667
vt 0.946565 1.000000
vt 0.954198 0.333333
vt 0.954198 0.000000
vt 0.954198 0.666667
vt 0.954198 1.000000
vt 0.961832 0.333333
vt 0.961832 0.000000
vt 0.961832 0.666667
vt 0.961832 1.000000
vt 0.969466 0.333333
vt 0.969466 0.000000
vt 0.969466 0.666667
vt 0.969466 1.000000
vt 0.977099 0.333333
vt 0.977099 0.000000
vt 0.977099 0.666667
vt 0.977099 1.000000
vt 0.984733 0.333333
vt 0.984733 0.000000
vt 0.984733 0.666667
vt 0.984733 1.000000
vt 0.992366 0.333333
vt 0.992366 0.000000
vt 0.992366 0.666667
vt 0.992366 1.000000
vt 0.020833 0.333333
vt 0.020833 0.000000
vt 0.020833 0.666667
vt 0.020833 1.000000
vt 0.041667 0.333333
vt 0.041667 0.000000
vt 0.041667 0.666667
vt 0.041667 1.000000
vt 0.062500 0.333333
vt 0.062500 0.000000
vt 0.062500 0.666667
vt 0.062500 1.000000
vt 0.083333 0.333333
vt 0.083333 0.000000
vt 0.083333 0.666667
vt 0.083333 1.000000
vt 0.104167 0.333333
vt 0.104167 0.000000
vt 0.104167 0.666667
vt 0.104167 1.000000
vt 0.125000 0.333333
vt 0.125000 0.000000
vt 0.125000 0.666667
vt 0.125000 1.000000
vt 0.145833 0.333333
vt 0.145833 0.000000
vt 0.145833 0.666667
vt 0.145833 1.000000
vt 0.166667 0.333333
vt 0.166667 0.000000
vt 0.166667 0.666667
vt 0.166667 1.000000
vt 0.187500 0.333333
vt 0.187500 0.000000
vt 0.187500 0.666667
vt 0.187500 1.000000
vt 0.208333 0.333333
vt 0.208333 0.000000
vt 0.208333 0.666667
vt 0.208333 1.000000
vt 0.229167 0.333333
vt 0.229167 0.000000
vt 0.229167 0.666667
vt 0.229167 1.000000
vt 0.250000 0.333333
vt 0.250000 0.000000
vt 0.250000 0.666667
vt 0.250000 1.000000
vt 0.270833 0.333333
vt 0.270833 0.000000
vt 0.270833 0.666667
vt 0.270833 1.000000
vt 0.291667 0.333333
vt 0.291667 0.000000
vt 0.291667 0.666667
vt 0.291667 1.000000
vt 0.312500 0.333333
vt 0.312500 0.000000
vt 0.312500 0.666667
vt 0.312500 1.000000
vt 0.333333 0.333333
vt 0.333333 0.666667
vt 0.333333 1.000000
vt 0.354167 0.333333
vt 0.354167 0.000000
vt 0.354167 0.666667
vt 0.354167 1.000000
vt 0.375000 0.333333
vt 0.375000 0.000000
vt 0.375000 0.666667
vt 0.375000 1.000000
vt 0.395833 0.333333
vt 0.395833 0.000000
vt 0.395833 0.666667
vt 0.395833 1.000000
vt 0.416667 0.333333
vt 0.416667 0.000000
vt 0.416667 0.666667
vt 0.416667 1.000000
vt 0.437500 0.333333
vt 0.437500 0.000000
vt 0.437500 0.666667
vt 0.437500 1.000000
vt 0.458333 0.333333
vt 0.458333 0.000000
vt 0.458333 0.666667
vt 0.458333 1.000000
vt 0.479167 0.333333
vt 0.479167 0.000000
vt 0.479167 0.666667
vt 0.479167 1.000000
vt 0.520833 0.333333
vt 0.520833 0.000000
vt 0.520833 0.666667
vt 0.520833 1.000000
vt 0.541667 0.333333
vt 0.541667 0.000000
vt 0.541667 0.666667
vt 0.541667 1.000000
vt 0.562500 0.333333
vt 0.562500 0.000000
vt 0.562500 0.666667
vt 0.562500 1.000000
vt 0.583333 0.333333
vt 0.583333 0.000000
vt 0.583333 0.666667
vt 0.583333 1.000000
vt 0.604167 0.333333
vt 0.604167 0.000000
vt 0.604167 0.666667
vt 0.604167 1.000000
vt 0.625000 0.333333
vt 0.625000 0.000000
vt 0.625000 0.666667
vt 0.625000 1.000000
vt 0.645833 0.333333
vt 0.645833 0.000000
vt 0.645833 0.666667
vt 0.645833 1.000000
vt 0.666667 0.333333
vt 0.666667 0.666667
vt 0.666667 1.000000
vt 0.687500 0.333333
vt 0.687500 0.000000
vt 0.687500 0.666667
vt 0.687500 1.000000
vt 0.708333 0.333333
vt 0.708333 0.000000
vt 0.708333 0.666667
vt 0.708333 1.000000
vt 0.729167 0.333333
vt 0.729167 0.000000
vt 0.729167 0.666667
vt 0.729167 1.000000
vt 0.750000 0.333333
vt 0.750000 0.000000
vt 0.750000 0.666667
vt 0.750000 1.000000
vt 0.770833 0.333333
vt 0.770833 0.000000
vt 0.770833 0.666667
vt 0.770833 1.000000
vt 0.791667 0.333333
vt 0.791667 0.000000
vt 0.791667 0.666667
vt 0.791667 1.000000
vt 0.812500 0.333333
vt 0.812500 0.000000
vt 0.812500 0.666667
vt 0.812500 1.000000
vt 0.833333 0.333333
vt 0.833333 0.000000
vt 0.833333 0.666667
vt 0.833333 1.000000
vt 0.854167 0.333333
vt 0.854167 0.000000
vt 0.854167 0.666667
vt 0.854167 1.000000
vt 0.875000 0.333333
vt 0.875000 0.000000
vt 0.875000 0.666667
vt 0.875000 1.000000
vt 0.895833 0.333333
vt 0.895833 0.000000
vt 0.895833 0.666667
vt 0.895833 1.000000
vt 0.916667 0.333333
vt 0.916667 0.000000
vt 0.916667 0.666667
vt 0.916667 1.000000
vt 0.937500 0.333333
vt 0.937500 0.000000
vt 0.937500 0.666667
vt 0.937500 1.000000
vt 0.958333 0.333333
vt 0.958333 0.000000
vt 0.958333 0.666667
vt 0.958333 1.000000
vt 0.979167 0.333333
vt 0.979167 0.000000
vt 0.979167 0.666667
vt 0.979167 1.000000
vt 0.006250 0.333333
vt 0.006250 0.000000
vt 0.006250 0.666667
vt 0.006250 1.000000
vt 0.012500 0.333333
vt 0.012500 0.000000
vt 0.012500 0.666667
vt 0.012500 1.000000
vt 0.018750 0.333333
vt 0.018750 0.000000
vt 0.018750 0.666667
vt 0.018750 1.000000
vt 0.025000 0.333333
vt 0.025000 0.000000
vt 0.025000 0.666667
vt 0.025000 1.000000
vt 0.031250 0.333333
vt 0.031250 0.000000
vt 0.031250 0.666667
vt 0.031250 1.000000
vt 0.037500 0.333333
vt 0.037500 0.000000
vt 0.037500 0.666667
vt 0.037500 1.000000
vt 0.043750 0.333333
vt 0.043750 0.000000
vt 0.043750 0.666667
vt 0.043750 1.000000
vt 0.050000 0.333333
vt 0.050000 0.000000
vt 0.050000 0.666667
vt 0.050000 1.000000
vt 0.056250 0.333333
vt 0.056250 0.000000
vt 0.056250 0.666667
vt 0.056250 1.000000
vt 0.068750 0.333333
vt 0.068750 0.000000
vt 0.068750 0.666667
vt 0.068750 1.000000
vt 0.075000 0.333333
vt 0.075000 0.000000
vt 0.075000 0.666667
vt 0.075000 1.000000
vt 0.081250 0.333333
vt 0.081250 0.000000
vt 0.081250 0.666667
vt 0.081250 1.000000
vt 0.087500 0.333333
vt 0.087500 0.000000
vt 0.087500 0.666667
vt 0.087500 1.000000
vt 0.093750 0.333333
vt 0.093750 0.000000
vt 0.093750 0.666667
vt 0.093750 1.000000
vt 0.106250 0.333333
vt 0.106250 0.000000
vt 0.106250 0.666667
vt 0.106250 1.000000
vt 0.112500 0.333333
vt 0.112500 0.000000
vt 0.112500 0.666667
vt 0.112500 1.000000
vt 0.118750 0.333333
vt 0.118750 0.000000
vt 0.118750 0.666667
vt 0.118750 1.000000
vt 0.131250 0.333333
vt 0.131250 0.000000
vt 0.131250 0.666667
vt 0.131250 1.000000
vt 0.137500 0.333333
vt 0.137500 0.000000
vt 0.137500 0.666667
vt 0.137500 1.000000
vt 0.143750 0.333333
vt 0.143750 0.000000
vt 0.143750 0.666667
vt 0.143750 1.000000
vt 0.150000 0.333333
vt 0.150000 0.000000
vt 0.150000 0.666667
vt 0.150000 1.000000
vt 0.156250 0.333333
vt 0.156250 0.000000
vt 0.156250 0.666667
vt 0.156250 1.000000
vt 0.162500 0.333333
vt 0.162500 0.000000
vt 0.162500 0.666667
vt 0.162500 1.000000
vt 0.168750 0.333333
vt 0.168750 0.000000
vt 0.168750 0.666667
vt 0.168750 1.000000
vt 0.175000 0.333333
vt 0.175000 0.000000
vt 0.175000 0.666667
vt 0.175000 1.000000
vt 0.181250 0.333333
vt 0.181250 0.000000
vt 0.181250 0.666667
vt 0.181250 1.000000
vt 0.193750 0.333333
vt 0.193750 0.000000
vt 0.193750 0.666667
vt 0.193750 1.000000
vt 0.206250 0.333333
vt 0.206250 0.000000
vt 0.206250 0.666667
vt 0.206250 1.000000
vt 0.212500 0.333333
vt 0.212500 0.000000
vt 0.212500 0.666667
vt 0.212500 1.000000
vt 0.218750 0.333333
vt 0.218750 0.000000
vt 0.218750 0.666667
vt 0.218750 1.000000
vt 0.225000 0.333333
vt 0.225000 0.000000
vt 0.225000 0.666667
vt 0.225000 1.000000
vt 0.231250 0.333333
vt 0.231250 0.000000
vt 0.231250 0.666667
vt 0.231250 1.000000
vt 0.237500 0.333333
vt 0.237500 0.000000
vt 0.237500 0.666667
vt 0.237500 1.000000
vt 0.243750 0.333333
vt 0.243750 0.000000
vt 0.243750 0.666667
vt 0.243750 1.000000
vt 0.256250 0.333333
vt 0.256250 0.000000
vt 0.256250 0.666667
vt 0.256250 1.000000
vt 0.262500 0.333333
vt 0.262500 0.000000
vt 0.262500 0.666667
vt 0.262500 1.000000
vt 0.268750 0.333333
vt 0.268750 0.000000
vt 0.268750 0.666667
vt 0.268750 1.000000
vt 0.275000 0.333333
vt 0.275000 0.000000
vt 0.275000 0.666667
vt 0.275000 1.000000
vt 0.281250 0.333333
vt 0.281250 0.000000
vt 0.281250 0.666667
vt 0.281250 1.000000
vt 0.287500 0.333333
vt 0.287500 0.000000
vt 0.287500 0.666667
vt 0.287500 1.000000
vt 0.293750 0.333333
vt 0.293750 0.000000
vt 0.293750 0.666667
vt 0.293750 1.000000
vt 0.306250 0.333333
vt 0.306250 0.000000
vt 0.306250 0.666667
vt 0.306250 1.000000
vt 0.318750 0.333333
vt 0.318750 0.000000
vt 0.318750 0.666667
vt 0.318750 1.000000
vt 0.325000 0.333333
vt 0.325000 0.000000
vt 0.325000 0.666667
vt 0.325000 1.000000
vt 0.331250 0.333333
vt 0.331250 0.000000
vt 0.331250 0.666667
vt 0.331250 1.000000
vt 0.337500 0.333333
vt 0.337500 0.000000
vt 0.337500 0.666667
vt 0.337500 1.000000
vt 0.343750 0.333333
vt 0.343750 0.000000
vt 0.343750 0.666667
vt 0.343750 1.000000
vt 0.350000 0.333333
vt 0.350000 0.000000
vt 0.350000 0.666667
vt 0.350000 1.000000
vt 0.356250 0.333333
vt 0.356250 0.000000
vt 0.356250 0.666667
vt 0.356250 1.000000
vt 0.362500 0.333333
vt 0.362500 0.000000
vt 0.362500 0.666667
vt 0.362500 1.000000
vt 0.368750 0.333333
vt 0.368750 0.000000
vt 0.368750 0.666667
vt 0.368750 1.000000
vt 0.381250 0.333333
vt 0.381250 0.000000
vt 0.381250 0.666667
vt 0.381250 1.000000
vt 0.387500 0.333333
vt 0.387500 0.000000
vt 0.387500 0.666667
vt 0.387500 1.000000
vt 0.393750 0.333333
vt 0.393750 0.000000
vt 0.393750 0.666667
vt 0.393750 1.000000
vt 0.406250 0.333333
vt 0.406250 0.000000
vt 0.406250 0.666667
vt 0.406250 1.000000
vt 0.412500 0.333333
vt 0.412500 0.000000
vt 0.412500 0.666667
vt 0.412500 1.000000
vt 0.418750 0.333333
vt 0.418750 0.000000
vt 0.418750 0.666667
vt 0.418750 1.000000
vt 0.425000 0.333333
vt 0.425000 0.000000
vt 0.425000 0.666667
vt 0.425000 1.000000
vt 0.431250 0.333333
vt 0.431250 0.000000
vt 0.431250 0.666667
vt 0.431250 1.000000
vt 0.443750 0.333333
vt 0.443750 0.000000
vt 0.443750 0.666667
vt 0.443750 1.000000
vt 0.450000 0.333333
vt 0.450000 0.000000
vt 0.450000 0.666667
vt 0.450000 1.000000
vt 0.456250 0.333333
vt 0.456250 0.000000
vt 0.456250 0.666667
vt 0.456250 1.000000
vt 0.462500 0.333333
vt 0.462500 0.000000
vt 0.462500 0.666667
vt 0.462500 1.000000
vt 0.468750 0.333333
vt 0.468750 0.000000
vt 0.468750 0.666667
vt 0.468750 1.000000
vt 0.475000 0.333333
vt 0.475000 0.000000
vt 0.475000 0.666667
vt 0.475000 1.000000
vt 0.481250 0.333333
vt 0.481250 0.000000
vt 0.481250 0.666667
vt 0.481250 1.000000
vt 0.487500 0.333333
vt 0.487500 0.000000
vt 0.487500 0.666667
vt 0.487500 1.000000
vt 0.493750 0.333333
vt 0.493750 0.000000
vt 0.493750 0.666667
vt 0.493750 1.000000
vt 0.506250 0.333333
vt 0.506250 0.000000
vt 0.506250 0.666667
vt 0.506250 1.000000
vt 0.512500 0.333333
vt 0.512500 0.000000
vt 0.512500 0.666667
vt 0.512500 1.000000
vt 0.518750 0.333333
vt 0.518750 0.000000
vt 0.518750 0.666667
vt 0.518750 1.000000
vt 0.525000 0.333333
vt 0.525000 0.000000
vt 0.525000 0.666667
vt 0.525000 1.000000
vt 0.531250 0.333333
vt 0.531250 0.000000
vt 0.531250 0.666667
vt 0.531250 1.000000
vt 0.537500 0.333333
vt 0.537500 0.000000
vt 0.537500 0.666667
vt 0.537500 1.000000
vt 0.543750 0.333333
vt 0.543750 0.000000
vt 0.543750 0.666667
vt 0.543750 1.000000
vt 0.550000 0.333333
vt 0.550000 0.000000
vt 0.550000 0.666667
vt 0.550000 1.000000
vt 0.556250 0.333333
vt 0.556250 0.000000
vt 0.556250 0.666667
vt 0.556250 1.000000
vt 0.568750 0.333333
vt 0.568750 0.000000
vt 0.568750 0.666667
vt 0.568750 1.000000
vt 0.575000 0.333333
vt 0.575000 0.000000
vt 0.575000 0.666667
vt 0.575000 1.000000
vt 0.581250 0.333333
vt 0.581250 0.000000
vt 0.581250 0.666667
vt 0.581250 1.000000
vt 0.587500 0.333333
vt 0.587500 0.000000
vt 0.587500 0.666667
vt 0.587500 1.000000
vt 0.593750 0.333333
vt 0.593750 0.000000
vt 0.593750 0.666667
vt 0.593750 1.000000
vt 0.606250 0.333333
vt 0.606250 0.000000
vt 0.606250 0.666667
vt 0.606250 1.000000
vt 0.612500 0.333333
vt 0.612500 0.000000
vt 0.612500 0.666667
vt 0.612500 1.000000
vt 0.618750 0.333333
vt 0.618750 0.000000
vt 0.618750 0.666667
vt 0.618750 1.000000
vt 0.631250 0.333333
vt 0.631250 0.000000
vt 0.631250 0.666667
vt 0.631250 1.000000
vt 0.637500 0.333333
vt 0.637500 0.000000
vt 0.637500 0.666667
vt 0.637500 1.000000
vt 0.643750 0.333333
vt 0.643750 0.000000
vt 0.643750 0.666667
vt 0.643750 1.000000
vt 0.650000 0.333333
vt 0.650000 0.000000
vt 0.650000 0.666667
vt 0.650000 1.000000
vt 0.656250 0.333333
vt 0.656250 0.000000
vt 0.656250 0.666667
vt 0.656250 1.000000
vt 0.662500 0.333333
vt 0.662500 0.000000
vt 0.662500 0.666667
vt 0.662500 1.000000
vt 0.668750 0.333333
vt 0.668750 0.000000
vt 0.668750 0.666667
vt 0.668750 1.000000
vt 0.675000 0.333333
vt 0.675000 0.000000
vt 0.675000 0.666667
vt 0.675000 1.000000
vt 0.681250 0.333333
vt 0.681250 0.000000
vt 0.681250 0.666667
vt 0.681250 1.000000
vt 0.693750 0.333333
vt 0.693750 0.000000
vt 0.693750 0.666667
vt 0.693750 1.000000
vt 0.706250 0.333333
vt 0.706250 0.000000
vt 0.706250 0.666667
vt 0.706250 1.000000
vt 0.712500 0.333333
vt 0.712500 0.000000
vt 0.712500 0.666667
vt 0.712500 1.000000
vt 0.718750 0.333333
vt 0.718750 0.000000
vt 0.718750 0.666667
vt 0.718750 1.000000
vt 0.725000 0.333333
vt 0.725000 0.000000
vt 0.725000 0.666667
vt 0.725000 1.000000
vt 0.731250 0.333333
vt 0.731250 0.000000
vt 0.731250 0.666667
vt 0.731250 1.000000
vt 0.737500 0.333333
vt 0.737500 0.000000
vt 0.737500 0.666667
vt 0.737500 1.000000
vt 0.743750 0.333333
vt 0.743750 0.000000
vt 0.743750 0.666667
vt 0.743750 1.000000
vt 0.756250 0.333333
vt 0.756250 0.000000
vt 0.756250 0.666667
vt 0.756250 1.000000
vt 0.762500 0.333333
vt 0.762500 0.000000
vt 0.762500 0.666667
vt 0.762500 1.000000
vt 0.768750 0.333333
vt 0.768750 0.000000
vt 0.768750 0.666667
vt 0.768750 1.000000
vt 0.775000 0.333333
vt 0.775000 0.000000
vt 0.775000 0.666667
vt 0.775000 1.000000
vt 0.781250 0.333333
vt 0.781250 0.000000
vt 0.781250 0.666667
vt 0.781250 1.000000
vt 0.787500 0.333333
vt 0.787500 0.000000
vt 0.787500 0.666667
vt 0.787500 1.000000
vt 0.793750 0.333333
vt 0.793750 0.000000
vt 0.793750 0.666667
vt 0.793750 1.000000
vt 0.806250 0.333333
vt 0.806250 0.000000
vt 0.806250 0.666667
vt 0.806250 1.000000
vt 0.818750 0.333333
vt 0.818750 0.000000
vt 0.818750 0.666667
vt 0.818750 1.000000
vt 0.825000 0.333333
vt 0.825000 0.000000
vt 0.825000 0.666667
vt 0.825000 1.000000
vt 0.831250 0.333333
vt 0.831250 0.000000
vt 0.831250 0.666667
vt 0.831250 1.000000
vt 0.837500 0.333333
vt 0.837500 0.000000
vt 0.837500 0.666667
vt 0.837500 1.000000
vt 0.843750 0.333333
vt 0.843750 0.000000
vt 0.843750 0.666667
vt 0.843750 1.000000
vt 0.850000 0.333333
vt 0.850000 0.000000
vt 0.850000 0.666667
vt 0.850000 1.000000
vt 0.856250 0.333333
vt 0.856250 0.000000
vt 0.856250 0.666667
vt 0.856250 1.000000
vt 0.862500 0.333333
vt 0.862500 0.000000
vt 0.862500 0.666667
vt 0.862500 1.000000
vt 0.868750 0.333333
vt 0.868750 0.000000
vt 0.868750 0.666667
vt 0.868750 1.000000
vt 0.881250 0.333333
vt 0.881250 0.000000
vt 0.881250 0.666667
vt 0.881250 1.000000
vt 0.887500 0.333333
vt 0.887500 0.000000
vt 0.887500 0.666667
vt 0.887500 1.000000
vt 0.893750 0.333333
vt 0.893750 0.000000
vt 0.893750 0.666667
vt 0.893750 1.000000
vt 0.906250 0.333333
vt 0.906250 0.000000
vt 0.906250 0.666667
vt 0.906250 1.000000
vt 0.912500 0.333333
vt 0.912500 0.000000
vt 0.912500 0.666667
vt 0.912500 1.000000
vt 0.918750 0.333333
vt 0.918750 0.000000
vt 0.918750 0.666667
vt 0.918750 1.000000
vt 0.925000 0.333333
vt 0.925000 0.000000
vt 0.925000 0.666667
vt 0.925000 1.000000
vt 0.931250 0.333333
vt 0.931250 0.000000
vt 0.931250 0.666667
vt 0.931250 1.000000
vt 0.943750 0.333333
vt 0.943750 0.000000
vt 0.943750 0.666667
vt 0.943750 1.000000
vt 0.950000 0.333333
vt 0.950000 0.000000
vt 0.950000 0.666667
vt 0.950000 1.000000
vt 0.956250 0.333333
vt 0.956250 0.000000
vt 0.956250 0.666667
vt 0.956250 1.000000
vt 0.962500 0.333333
vt 0.962500 0.000000
vt 0.962500 0.666667
vt 0.962500 1.000000
vt 0.968750 0.333333
vt 0.968750 0.000000
vt 0.968750 0.666667
vt 0.968750 1.000000
vt 0.975000 0.333333
vt 0.975000 0.000000
vt 0.975000 0.666667
vt 0.975000 1.000000
vt 0.981250 0.333333
vt 0.981250 0.000000
vt 0.981250 0.666667
vt 0.981250 1.000000
vt 0.987500 0.333333
vt 0.987500 0.000000
vt 0.987500 0.666667
vt 0.987500 1.000000
vt 0.993750 0.333333
vt 0.993750 0.000000
vt 0.993750 0.666667
vt 0.993750 1.000000
vt 0.006757 0.333333
vt 0.006757 0.000000
vt 0.006757 0.666667
vt 0.006757 1.000000
vt 0.013514 0.333333
vt 0.013514 0.000000
vt 0.013514 0.666667
vt 0.013514 1.000000
vt 0.020270 0.333333
vt 0.020270 0.000000
vt 0.020270 0.666667
vt 0.020270 1.000000
vt 0.027027 0.333333
vt 0.027027 0.000000
vt 0.027027 0.666667
vt 0.027027 1.000000
vt 0.033784 0.333333
vt 0.033784 0.000000
vt 0.033784 0.666667
vt 0.033784 1.000000
vt 0.040541 0.333333
vt 0.040541 0.000000
vt 0.040541 0.666667
vt 0.040541 1.000000
vt 0.047297 0.333333
vt 0.047297 0.000000
vt 0.047297 0.666667
vt 0.047297 1.000000
vt 0.054054 0.333333
vt 0.054054 0.000000
vt 0.054054 0.666667
vt 0.054054 1.000000
vt 0.060811 0.333333
vt 0.060811 0.000000
vt 0.060811 0.666667
vt 0.060811 1.000000
vt 0.067568 0.333333
vt 0.067568 0.000000
vt 0.067568 0.666667
vt 0.067568 1.000000
vt 0.074324 0.333333
vt 0.074324 0.000000
vt 0.074324 0.666667
vt 0.074324 1.000000
vt 0.081081 0.333333
vt 0.081081 0.000000
vt 0.081081 0.666667
vt 0.081081 1.000000
vt 0.087838 0.333333
vt 0.087838 0.000000
vt 0.087838 0.666667
vt 0.087838 1.000000
vt 0.094595 0.333333
vt 0.094595 0.000000
vt 0.094595 0.666667
vt 0.094595 1.000000
vt 0.101351 0.333333
vt 0.101351 0.000000
vt 0.101351 0.666667
vt 0.101351 1.000000
vt 0.108108 0.333333
vt 0.108108 0.000000
vt 0.108108 0.666667
vt 0.108108 1.000000
vt 0.114865 0.333333
vt 0.114865 0.000000
vt 0.114865 0.666667
vt 0.114865 1.000000
vt 0.121622 0.333333
vt 0.121622 0.000000
vt 0.121622 0.666667
vt 0.121622 1.000000
vt 0.128378 0.333333
vt 0.128378 0.000000
vt 0.128378 0.666667
vt 0.128378 1.000000
vt 0.135135 0.333333
vt 0.135135 0.000000
vt 0.135135 0.666667
vt 0.135135 1.000000
vt 0.141892 0.333333
vt 0.141892 0.000000
vt 0.141892 0.666667
vt 0.141892 1.000000
vt 0.148649 0.333333
vt 0.148649 0.000000
vt 0.148649 0.666667
vt 0.148649 1.000000
vt 0.155405 0.333333
vt 0.155405 0.000000
vt 0.155405 0.666667
vt 0.155405 1.000000
vt 0.162162 0.333333
vt 0.162162 0.000000
vt 0.162162 0.666667
vt 0.162162 1.000000
vt 0.168919 0.333333
vt 0.168919 0.000000
vt 0.168919 0.666667
vt 0.168919 1.000000
vt 0.175676 0.333333
vt 0.175676 0.000000
vt 0.175676 0.666667
vt 0.175676 1.000000
vt 0.182432 0.333333
vt 0.182432 0.000000
vt 0.182432 0.666667
vt 0.182432 1.000000
vt 0.189189 0.333333
vt 0.189189 0.000000
vt 0.189189 0.666667
vt 0.189189 1.000000
vt 0.195946 0.333333
vt 0.195946 0.000000
vt 0.195946 0.666667
vt 0.195946 1.000000
vt 0.202703 0.333333
vt 0.202703 0.000000
vt 0.202703 0.666667
vt 0.202703 1.000000
vt 0.209459 0.333333
vt 0.209459 0.000000
vt 0.209459 0.666667
vt 0.209459 1.000000
vt 0.216216 0.333333
vt 0.216216 0.000000
vt 0.216216 0.666667
vt 0.216216 1.000000
vt 0.222973 0.333333
vt 0.222973 0.000000
vt 0.222973 0.666667
vt 0.222973 1.000000
vt 0.229730 0.333333
vt 0.229730 0.000000
vt 0.229730 0.666667
vt 0.229730 1.000000
vt 0.236486 0.333333
vt 0.236486 0.000000
vt 0.236486 0.666667
vt 0.236486 1.000000
vt 0.243243 0.333333
vt 0.243243 0.000000
vt 0.243243 0.666667
vt 0.243243 1.000000
vt 0.256757 0.333333
vt 0.256757 0.000000
vt 0.256757 0.666667
vt 0.256757 1.000000
vt 0.263514 0.333333
vt 0.263514 0.000000
vt 0.263514 0.666667
vt 0.263514 1.000000
vt 0.270270 0.333333
vt 0.270270 0.000000
vt 0.270270 0.666667
vt 0.270270 1.000000
vt 0.277027 0.333333
vt 0.277027 0.000000
vt 0.277027 0.666667
vt 0.277027 1.000000
vt 0.283784 0.333333
vt 0.283784 0.000000
vt 0.283784 0.666667
vt 0.283784 1.000000
vt 0.290541 0.333333
vt 0.290541 0.000000
vt 0.290541 0.666667
vt 0.290541 1.000000
vt 0.297297 0.333333
vt 0.297297 0.000000
vt 0.297297 0.666667
vt 0.297297 1.000000
vt 0.304054 0.333333
vt 0.304054 0.000000
vt 0.304054 0.666667
vt 0.304054 1.000000
vt 0.310811 0.333333
vt 0.310811 0.000000
vt 0.310811 0.666667
vt 0.310811 1.000000
vt 0.317568 0.333333
vt 0.317568 0.000000
vt 0.317568 0.666667
vt 0.317568 1.000000
vt 0.324324 0.333333
vt 0.324324 0.000000
vt 0.324324 0.666667
vt 0.324324 1.000000
vt 0.331081 0.333333
vt 0.331081 0.000000
vt 0.331081 0.666667
vt 0.331081 1.000000
vt 0.337838 0.333333
vt 0.337838 0.000000
vt 0.337838 0.666667
vt 0.337838 1.000000
vt 0.344595 0.333333
vt 0.344595 0.000000
vt 0.344595 0.666667
vt 0.344595 1.000000
vt 0.351351 0.333333
vt 0.351351 0.000000
vt 0.351351 0.666667
vt 0.351351 1.000000
vt 0.358108 0.333333
vt 0.358108 0.000000
vt 0.358108 0.666667
vt 0.358108 1.000000
vt 0.364865 0.333333
vt 0.364865 0.000000
vt 0.364865 0.666667
vt 0.364865 1.000000
vt 0.371622 0.333333
vt 0.371622 0.000000
vt 0.371622 0.666667
vt 0.371622 1.000000
vt 0.378378 0.333333
vt 0.378378 0.000000
vt 0.378378 0.666667
vt 0.378378 1.000000
vt 0.385135 0.333333
vt 0.385135 0.000000
vt 0.385135 0.666667
vt 0.385135 1.000000
vt 0.391892 0.333333
vt 0.391892 0.000000
vt 0.391892 0.666667
vt 0.391892 1.000000
vt 0.398649 0.333333
vt 0.398649 0.000000
vt 0.398649 0.666667
vt 0.398649 1.000000
vt 0.405405 0.333333
vt 0.405405 0.000000
vt 0.405405 0.666667
vt 0.405405 1.000000
vt 0.412162 0.333333
vt 0.412162 0.000000
vt 0.412162 0.666667
vt 0.412162 1.000000
vt 0.418919 0.333333
vt 0.418919 0.000000
vt 0.418919 0.666667
vt 0.418919 1.000000
vt 0.425676 0.333333
vt 0.425676 0.000000
vt 0.425676 0.666667
vt 0.425676 1.000000
vt 0.432432 0.333333
vt 0.432432 0.000000
vt 0.432432 0.666667
vt 0.432432 1.000000
vt 0.439189 0.333333
vt 0.439189 0.000000
vt 0.439189 0.666667
vt 0.439189 1.000000
vt 0.445946 0.333333
vt 0.445946 0.000000
vt 0.445946 0.666667
vt 0.445946 1.000000
vt 0.452703 0.333333
vt 0.452703 0.000000
vt 0.452703 0.666667
vt 0.452703 1.000000
vt 0.459459 0.333333
vt 0.459459 0.000000
vt 0.459459 0.666667
vt 0.459459 1.000000
vt 0.466216 0.333333
vt 0.466216 0.000000
vt 0.466216 0.666667
vt 0.466216 1.000000
vt 0.472973 0.333333
vt 0.472973 0.000000
vt 0.472973 0.666667
vt 0.472973 1.000000
vt 0.479730 0.333333
vt 0.479730 0.000000
vt 0.479730 0.666667
vt 0.479730 1.000000
vt 0.486486 0.333333
vt 0.486486 0.000000
vt 0.486486 0.666667
vt 0.486486 1.000000
vt 0.493243 0.333333
vt 0.493243 0.000000
vt 0.493243 0.666667
vt 0.493243 1.000000
vt 0.506757 0.333333
vt 0.506757 0.000000
vt 0.506757 0.666667
vt 0.506757 1.000000
vt 0.513514 0.333333
vt 0.513514 0.000000
vt 0.513514 0.666667
vt 0.513514 1.000000
vt 0.520270 0.333333
vt 0.520270 0.000000
vt 0.520270 0.666667
vt 0.520270 1.000000
vt 0.527027 0.333333
vt 0.527027 0.000000
vt 0.527027 0.666667
vt 0.527027 1.000000
vt 0.533784 0.333333
vt 0.533784 0.000000
vt 0.533784 0.666667
vt 0.533784 1.000000
vt 0.540541 0.333333
vt 0.540541 0.000000
vt 0.540541 0.666667
vt 0.540541 1.000000
vt 0.547297 0.333333
vt 0.547297 0.000000
vt 0.547297 0.666667
vt 0.547297 1.000000
vt 0.554054 0.333333
vt 0.554054 0.000000
vt 0.554054 0.666667
vt 0.554054 1.000000
vt 0.560811 0.333333
vt 0.560811 0.000000
vt 0.560811 0.666667
vt 0.560811 1.000000
vt 0.567568 0.333333
vt 0.567568 0.000000
vt 0.567568 0.666667
vt 0.567568 1.000000
vt 0.574324 0.333333
vt 0.574324 0.000000
vt 0.574324 0.666667
vt 0.574324 1.000000
vt 0.581081 0.333333
vt 0.581081 0.000000
vt 0.581081 0.666667
vt 0.581081 1.000000
vt 0.587838 0.333333
vt 0.587838 0.000000
vt 0.587838 0.666667
vt 0.587838 1.000000
vt 0.594595 0.333333
vt 0.594595 0.000000
vt 0.594595 0.666667
vt 0.594595 1.000000
vt 0.601351 0.333333
vt 0.601351 0.000000
vt 0.601351 0.666667
vt 0.601351 1.000000
vt 0.608108 0.333333
vt 0.608108 0.000000
vt 0.608108 0.666667
vt 0.608108 1.000000
vt 0.614865 0.333333
vt 0.614865 0.000000
vt 0.614865 0.666667
vt 0.614865 1.000000
vt 0.621622 0.333333
vt 0.621622 0.000000
vt 0.621622 0.666667
vt 0.621622 1.000000
vt 0.628378 0.333333
vt 0.628378 0.000000
vt 0.628378 0.666667
vt 0.628378 1.000000
vt 0.635135 0.333333
vt 0.635135 0.000000
vt 0.635135 0.666667
vt 0.635135 1.000000
vt 0.641892 0.333333
vt 0.641892 0.000000
vt 0.641892 0.666667
vt 0.641892 1.000000
vt 0.648649 0.333333
vt 0.648649 0.000000
vt 0.648649 0.666667
vt 0.648649 1.000000
vt 0.655405 0.333333
vt 0.655405 0.000000
vt 0.655405 0.666667
vt 0.655405 1.000000
vt 0.662162 0.333333
vt 0.662162 0.000000
vt 0.662162 0.666667
vt 0.662162 1.000000
vt 0.668919 0.333333
vt 0.668919 0.000000
vt 0.668919 0.666667
vt 0.668919 1.000000
vt 0.675676 0.333333
vt 0.675676 0.000000
vt 0.675676 0.666667
vt 0.675676 1.000000
vt 0.682432 0.333333
vt 0.682432 0.000000
vt 0.682432 0.666667
vt 0.682432 1.000000
vt 0.689189 0.333333
vt 0.689189 0.000000
vt 0.689189 0.666667
vt 0.689189 1.000000
vt 0.695946 0.333333
vt 0.695946 0.000000
vt 0.695946 0.666667
vt 0.695946 1.000000
vt 0.702703 0.333333
vt 0.702703 0.000000
vt 0.702703 0.666667
vt 0.702703 1.000000
vt 0.709459 0.333333
vt 0.709459 0.000000
vt 0.709459 0.666667
vt 0.709459 1.000000
vt 0.716216 0.333333
vt 0.716216 0.000000
vt 0.716216 0.666667
vt 0.716216 1.000000
vt 0.722973 0.333333
vt 0.722973 0.000000
vt 0.722973 0.666667
vt 0.722973 1.000000
vt 0.729730 0.333333
vt 0.729730 0.000000
vt 0.729730 0.666667
vt 0.729730 1.000000
vt 0.736486 0.333333
vt 0.736486 0.000000
vt 0.736486 0.666667
vt 0.736486 1.000000
vt 0.743243 0.333333
vt 0.743243 0.000000
vt 0.743243 0.666667
vt 0.743243 1.000000
vt 0.756757 0.333333
vt 0.756757 0.000000
vt 0.756757 0.666667
vt 0.756757 1.000000
vt 0.763514 0.333333
vt 0.763514 0.000000
vt 0.763514 0.666667
vt 0.763514 1.000000
vt 0.770270 0.333333
vt 0.770270 0.000000
vt 0.770270 0.666667
vt 0.770270 1.000000
vt 0.777027 0.333333
vt 0.777027 0.000000
vt 0.777027 0.666667
vt 0.777027 1.000000
vt 0.783784 0.333333
vt 0.783784 0.000000
vt 0.783784 0.666667
vt 0.783784 1.000000
vt 0.790541 0.333333
vt 0.790541 0.000000
vt 0.790541 0.666667
vt 0.790541 1.000000
vt 0.797297 0.333333
vt 0.797297 0.000000
vt 0.797297 0.666667
vt 0.797297 1.000000
vt 0.804054 0.333333
vt 0.804054 0.000000
vt 0.804054 0.666667
vt 0.804054 1.000000
vt 0.810811 0.333333
vt 0.810811 0.000000
vt 0.810811 0.666667
vt 0.810811 1.000000
vt 0.817568 0.333333
vt 0.817568 0.000000
vt 0.817568 0.666667
vt 0.817568 1.000000
vt 0.824324 0.333333
vt 0.824324 0.000000
vt 0.824324 0.666667
vt 0.824324 1.000000
vt 0.831081 0.333333
vt 0.831081 0.000000
vt 0.831081 0.666667
vt 0.831081 1.000000
vt 0.837838 0.333333
vt 0.837838 0.000000
vt 0.837838 0.666667
vt 0.837838 1.000000
vt 0.844595 0.333333
vt 0.844595 0.000000
vt 0.844595 0.666667
vt 0.844595 1.000000
vt 0.851351 0.333333
vt 0.851351 0.000000
vt 0.851351 0.666667
vt 0.851351 1.000000
vt 0.858108 0.333333
vt 0.858108 0.000000
vt 0.858108 0.666667
vt 0.858108 1.000000
vt 0.864865 0.333333
vt 0.864865 0.000000
vt 0.864865 0.666667
vt 0.864865 1.000000
vt 0.871622 0.333333
vt 0.871622 0.000000
vt 0.871622 0.666667
vt 0.871622 1.000000
vt 0.878378 0.333333
vt 0.878378 0.000000
vt 0.878378 0.666667
vt 0.878378 1.000000
vt 0.885135 0.333333
vt 0.885135 0.000000
vt 0.885135 0.666667
vt 0.885135 1.000000
vt 0.891892 0.333333
vt 0.891892 0.000000
vt 0.891892 0.666667
vt 0.891892 1.000000
vt 0.898649 0.333333
vt 0.898649 0.000000
vt 0.898649 0.666667
vt 0.898649 1.000000
vt 0.905405 0.333333
vt 0.905405 0.000000
vt 0.905405 0.666667
vt 0.905405 1.000000
vt 0.912162 0.333333
vt 0.912162 0.000000
vt 0.912162 0.666667
vt 0.912162 1.000000
vt 0.918919 0.333333
vt 0.918919 0.000000
vt 0.918919 0.666667
vt 0.918919 1.000000
vt 0.925676 0.333333
vt 0.925676 0.000000
vt 0.925676 0.666667
vt 0.925676 1.000000
vt 0.932432 0.333333
vt 0.932432 0.000000
vt 0.932432 0.666667
vt 0.932432 1.000000
vt 0.939189 0.333333
vt 0.939189 0.000000
vt 0.939189 0.666667
vt 0.939189 1.000000
vt 0.945946 0.333333
vt 0.945946 0.000000
vt 0.945946 0.666667
vt 0.945946 1.000000
vt 0.952703 0.333333
vt 0.952703 0.000000
vt 0.952703 0.666667
vt 0.952703 1.000000
vt 0.959459 0.333333
vt 0.959459 0.000000
vt 0.959459 0.666667
vt 0.959459 1.000000
vt 0.966216 0.333333
vt 0.966216 0.000000
vt 0.966216 0.666667
vt 0.966216 1.000000
vt 0.972973 0.333333
vt 0.972973 0.000000
vt 0.972973 0.666667
vt 0.972973 1.000000
vt 0.979730 0.333333
vt 0.979730 0.000000
vt 0.979730 0.666667
vt 0.979730 1.000000
vt 0.986486 0.333333
vt 0.986486 0.000000
vt 0.986486 0.666667
vt 0.986486 1.000000
vt 0.993243 0.333333
vt 0.993243 0.000000
vt 0.993243 0.666667
vt 0.993243 1.000000
s 0
usemtl マテリアル
f 13/1/1 15/2/1 14/3/1
f 13/1/1 16/4/1 15/2/1
f 13/1/1 17/5/1 16/4/1
f 13/1/1 18/6/1 17/5/1
f 12/7/1 18/6/1 13/1/1
f 12/7/1 19/8/1 18/6/1
f 11/9/1 19/8/1 12/7/1
f 11/9/1 20/10/1 19/8/1
f 10/11/1 20/10/1 11/9/1
f 10/11/1 21/12/1 20/10/1
f 9/13/1 21/12/1 10/11/1
f 9/13/1 22/14/1 21/12/1
f 8/15/1 22/14/1 9/13/1
f 8/15/1 23/16/1 22/14/1
f 7/17/1 23/16/1 8/15/1
f 37/18/1 39/19/1 38/20/1
f 7/17/1 24/21/1 23/16/1
f 6/22/1 24/21/1 7/17/1
f 6/22/1 25/23/1 24/21/1
f 5/24/1 25/23/1 6/22/1
f 36/25/1 39/19/1 37/18/1
f 5/24/1 26/26/1 25/23/1
f 4/27/1 26/26/1 5/24/1
f 4/27/1 3/28/1 26/26/1
f 3/28/1 2/29/1 26/26/1
f 2/29/1 1/30/1 26/26/1
f 35/31/1 39/19/1 36/25/1
f 35/31/1 40/32/1 39/19/1
f 34/33/1 40/32/1 35/31/1
f 34/33/1 41/34/1 40/32/1
f 33/35/1 41/34/1 34/33/1
f 33/35/1 42/36/1 41/34/1
f 32/37/1 42/36/1 33/35/1
f 32/37/1 43/38/1 42/36/1
f 31/39/1 43/38/1 32/37/1
f 31/39/1 44/40/1 43/38/1
f 30/41/1 44/40/1 31/39/1
f 30/41/1 45/42/1 44/40/1
f 29/43/1 45/42/1 30/41/1
f 29/43/1 46/44/1 45/42/1
f 28/45/1 46/44/1 29/43/1
f 28/45/1 47/46/1 46/44/1
f 27/47/1 47/46/1 28/45/1
f 27/47/1 48/48/1 47/46/1
f 76/49/1 48/48/1 27/47/1
f 76/49/1 49/50/1 48/48/1
f 75/51/1 49/50/1 76/49/1
f 74/52/1 49/50/1 75/51/1
f 74/52/1 50/53/1 49/50/1
f 73/54/1 50/53/1 74/52/1
f 72/55/1 50/53/1 73/54/1
f 72/55/1 51/56/1 50/53/1
f 71/57/1 51/56/1 72/55/1
f 70/58/1 51/56/1 71/57/1
f 70/58/1 52/59/1 51/56/1
f 69/60/1 52/59/1 70/58/1
f 69/60/1 53/61/1 52/59/1
f 68/62/1 53/61/1 69/60/1
f 68/62/1 54/63/1 53/61/1
f 67/64/1 54/63/1 68/62/1
f 67/64/1 55/65/1 54/63/1
f 66/66/1 55/65/1 67/64/1
f 65/67/1 55/65/1 66/66/1
f 65/67/1 56/68/1 55/65/1
f 64/69/1 56/68/1 65/67/1
f 63/70/1 56/68/1 64/69/1
f 63/70/1 57/71/1 56/68/1
f 63/70/1 58/72/1 57/71/1
f 63/70/1 59/73/1 58/72/1
f 63/70/1 60/74/1 59/73/1
f 63/70/1 61/75/1 60/74/1
f 63/70/1 62/76/1 61/75/1
f 125/77/1 127/78/1 126/26/1
f 161/79/1 163/80/1 162/81/1
f 125/77/1 128/82/1 127/78/1
f 160/83/1 163/80/1 161/79/1
f 125/77/1 129/84/1 128/82/1
f 159/85/1 163/80/1 160/83/1
f 125/77/1 130/86/1 129/84/1
f 158/87/1 163/80/1 159/85/1
f 125/77/1 131/88/1 130/86/1
f 157/89/1 163/80/1 158/87/1
f 125/77/1 132/90/1 131/88/1
f 156/91/1 163/80/1 157/89/1
f 125/77/1 133/92/1 132/90/1
f 155/93/1 163/80/1 156/91/1
f 125/77/1 134/94/1 133/92/1
f 154/95/1 163/80/1 155/93/1
f 125/77/1 135/96/1 134/94/1
f 153/97/1 163/80/1 154/95/1
f 125/77/1 136/98/1 135/96/1
f 152/99/1 163/80/1 153/97/1
f 125/77/1 137/100/1 136/98/1
f 151/101/1 163/80/1 152/99/1
f 125/77/1 138/102/1 137/100/1
f 150/103/1 163/80/1 151/101/1
f 125/77/1 139/104/1 138/102/1
f 125/77/1 140/105/1 139/104/1
f 125/77/1 141/106/1 140/105/1
f 125/77/1 142/107/1 141/106/1
f 125/77/1 143/108/1 142/107/1
f 125/77/1 144/109/1 143/108/1
f 125/77/1 145/110/1 144/109/1
f 125/77/1 146/111/1 145/110/1
f 125/77/1 147/112/1 146/111/1
f 125/77/1 148/113/1 147/112/1
f 125/77/1 149/114/1 148/113/1
f 125/77/1 150/103/1 149/114/1
f 125/77/2 124/115/2 150/103/2
f 124/115/1 123/116/1 150/103/1
f 123/116/1 122/117/1 150/103/1
f 122/117/1 121/118/1 150/103/1
f 121/118/1 120/119/1 150/103/1
f 120/119/1 119/120/1 150/103/1
f 119/120/1 118/121/1 150/103/1
f 118/121/1 117/122/1 150/103/1
f 117/122/1 116/123/1 150/103/1
f 116/123/1 163/80/1 150/103/1
f 116/123/1 164/124/1 163/80/1
f 116/123/1 165/125/1 164/124/1
f 116/123/1 115/126/1 165/125/1
f 115/126/1 166/127/1 165/125/1
f 115/126/1 167/128/1 166/127/1
f 115/126/1 168/129/1 167/128/1
f 115/126/1 169/130/1 168/129/1
f 115/126/1 114/131/1 169/130/1
f 114/131/1 170/132/1 169/130/1
f 114/131/1 171/133/1 170/132/1
f 114/131/1 172/134/1 171/133/1
f 114/131/1 173/135/1 172/134/1
f 114/131/1 113/136/1 173/135/1
f 113/136/1 174/137/1 173/135/1
f 113/136/1 175/56/1 174/137/1
f 113/136/1 112/138/1 175/56/1
f 112/138/1 111/139/1 175/56/1
f 111/139/1 109/140/1 175/56/1
f 109/140/1 108/141/1 175/56/1
f 108/141/1 107/142/1 175/56/1
f 107/142/1 106/143/1 175/56/1
f 106/143/1 105/144/1 175/56/1
f 105/144/1 103/145/1 175/56/1
f 103/145/1 102/146/1 175/56/1
f 102/146/1 101/147/1 175/56/1
f 101/147/1 176/148/1 175/56/1
f 110/149/1 109/140/1 111/139/1
f 104/150/1 103/145/1 105/144/1
f 100/151/1 176/148/1 101/147/1
f 99/152/1 176/148/1 100/151/1
f 99/152/1 177/153/1 176/148/1
f 98/154/1 177/153/1 99/152/1
f 98/154/1 178/155/1 177/153/1
f 97/156/1 178/155/1 98/154/1
f 97/156/1 179/157/1 178/155/1
f 96/158/1 179/157/1 97/156/1
f 96/158/1 180/159/1 179/157/1
f 95/160/1 180/159/1 96/158/1
f 95/160/1 181/161/1 180/159/1
f 94/162/1 181/161/1 95/160/1
f 224/49/1 78/163/1 77/30/1
f 93/164/1 181/161/1 94/162/1
f 93/164/1 182/165/1 181/161/1
f 224/49/1 79/166/1 78/163/1
f 224/49/1 80/167/1 79/166/1
f 224/49/1 81/168/1 80/167/1
f 92/169/1 182/165/1 93/164/1
f 224/49/1 82/170/1 81/168/1
f 92/169/1 183/171/1 182/165/1
f 224/49/1 83/172/1 82/170/1
f 223/173/1 83/172/1 224/49/1
f 222/174/1 83/172/1 223/173/1
f 222/174/1 84/175/1 83/172/1
f 91/176/1 183/171/1 92/169/1
f 221/177/1 84/175/1 222/174/1
f 91/176/1 184/178/1 183/171/1
f 221/177/1 85/179/1 84/175/1
f 220/180/1 85/179/1 221/177/1
f 220/180/1 86/181/1 85/179/1
f 90/182/1 184/178/1 91/176/1
f 219/183/1 86/181/1 220/180/1
f 219/183/1 87/184/1 86/181/1
f 90/182/1 185/185/1 184/178/1
f 219/183/1 88/186/1 87/184/1
f 218/187/1 88/186/1 219/183/1
f 89/188/1 185/185/1 90/182/1
f 218/187/1 89/188/1 88/186/1
f 217/189/1 89/188/1 218/187/1
f 89/188/1 186/190/1 185/185/1
f 217/189/1 186/190/1 89/188/1
f 216/191/1 186/190/1 217/189/1
f 216/191/1 187/192/1 186/190/1
f 215/193/1 187/192/1 216/191/1
f 214/194/1 187/192/1 215/193/1
f 214/194/1 188/195/1 187/192/1
f 213/196/1 188/195/1 214/194/1
f 213/196/1 189/197/1 188/195/1
f 212/198/1 189/197/1 213/196/1
f 212/198/1 190/199/1 189/197/1
f 211/200/1 190/199/1 212/198/1
f 211/200/1 191/201/1 190/199/1
f 210/202/1 191/201/1 211/200/1
f 210/202/1 192/203/1 191/201/1
f 209/204/1 192/203/1 210/202/1
f 209/204/1 193/205/1 192/203/1
f 208/206/1 193/205/1 209/204/1
f 208/206/1 194/207/1 193/205/1
f 207/208/1 194/207/1 208/206/1
f 207/208/1 195/209/1 194/207/1
f 206/210/1 195/209/1 207/208/1
f 206/210/1 196/211/1 195/209/1
f 206/210/1 197/212/1 196/211/1
f 205/213/1 197/212/1 206/210/1
f 205/213/1 198/214/1 197/212/1
f 204/215/1 198/214/1 205/213/1
f 204/215/1 199/216/1 198/214/1
f 203/217/1 199/216/1 204/215/1
f 203/217/1 202/218/1 199/216/1
f 202/218/1 201/219/1 199/216/1
f 201/219/1 200/220/1 199/216/1
f 431/221/1 273/222/1 432/49/1
f 430/223/1 273/222/1 431/221/1
f 430/223/1 274/224/1 273/222/1
f 429/225/1 274/224/1 430/223/1
f 429/225/1 275/226/1 274/224/1
f 428/227/1 275/226/1 429/225/1
f 428/227/1 276/228/1 275/226/1
f 427/229/1 276/228/1 428/227/1
f 427/229/1 277/230/1 276/228/1
f 426/231/1 277/230/1 427/229/1
f 426/231/1 278/232/1 277/230/1
f 425/233/1 278/232/1 426/231/1
f 425/233/1 279/234/1 278/232/1
f 424/235/1 249/236/1 425/233/1
f 249/236/1 248/237/1 425/233/1
f 248/237/1 279/234/1 425/233/1
f 248/237/1 247/238/1 279/234/1
f 247/238/1 280/239/1 279/234/1
f 246/240/1 280/239/1 247/238/1
f 424/235/1 250/241/1 249/236/1
f 245/242/1 280/239/1 246/240/1
f 424/235/1 251/243/1 250/241/1
f 244/244/1 280/239/1 245/242/1
f 424/235/1 252/245/1 251/243/1
f 243/246/1 280/239/1 244/244/1
f 424/235/1 253/247/1 252/245/1
f 423/248/1 253/247/1 424/235/1
f 243/246/1 281/249/1 280/239/1
f 242/250/1 281/249/1 243/246/1
f 423/248/1 254/251/1 253/247/1
f 241/252/1 281/249/1 242/250/1
f 423/248/1 255/253/1 254/251/1
f 422/254/1 255/253/1 423/248/1
f 241/252/1 282/255/1 281/249/1
f 240/256/1 282/255/1 241/252/1
f 422/254/1 256/257/1 255/253/1
f 239/258/1 282/255/1 240/256/1
f 422/254/1 257/259/1 256/257/1
f 421/260/1 257/259/1 422/254/1
f 239/258/1 283/261/1 282/255/1
f 238/262/1 283/261/1 239/258/1
f 421/260/1 258/263/1 257/259/1
f 237/264/1 283/261/1 238/262/1
f 421/260/1 259/265/1 258/263/1
f 420/266/1 259/265/1 421/260/1
f 237/264/1 284/267/1 283/261/1
f 236/268/1 284/267/1 237/264/1
f 420/266/1 260/269/1 259/265/1
f 419/270/1 260/269/1 420/266/1
f 419/270/1 261/271/1 260/269/1
f 235/272/1 284/267/1 236/268/1
f 235/272/1 285/273/1 284/267/1
f 418/274/1 261/271/1 419/270/1
f 417/275/1 261/271/1 418/274/1
f 416/276/1 261/271/1 417/275/1
f 416/276/1 262/277/1 261/271/1
f 234/278/1 285/273/1 235/272/1
f 415/279/1 262/277/1 416/276/1
f 414/280/1 262/277/1 415/279/1
f 234/278/1 286/281/1 285/273/1
f 413/282/1 262/277/1 414/280/1
f 413/282/1 263/283/1 262/277/1
f 233/284/1 286/281/1 234/278/1
f 412/285/1 263/283/1 413/282/1
f 411/286/1 263/283/1 412/285/1
f 410/287/1 263/283/1 411/286/1
f 410/287/1 264/288/1 263/283/1
f 232/289/1 286/281/1 233/284/1
f 382/290/1 384/291/1 383/292/1
f 409/293/1 264/288/1 410/287/1
f 382/290/1 385/294/1 384/291/1
f 382/290/1 386/295/1 385/294/1
f 382/290/1 387/296/1 386/295/1
f 408/297/1 264/288/1 409/293/1
f 382/290/1 388/298/1 387/296/1
f 232/289/1 287/299/1 286/281/1
f 382/290/1 389/300/1 388/298/1
f 382/290/1 390/301/1 389/300/1
f 382/290/1 391/302/1 390/301/1
f 407/303/1 264/288/1 408/297/1
f 382/290/1 392/304/1 391/302/1
f 382/290/1 393/305/1 392/304/1
f 382/290/1 394/306/1 393/305/1
f 382/290/1 395/307/1 394/306/1
f 382/290/1 396/308/1 395/307/1
f 382/290/1 397/309/1 396/308/1
f 382/290/1 398/310/1 397/309/1
f 382/290/1 399/311/1 398/310/1
f 382/290/1 400/312/1 399/311/1
f 382/290/1 401/313/1 400/312/1
f 382/290/1 402/314/1 401/313/1
f 382/290/1 403/315/1 402/314/1
f 382/290/1 404/316/1 403/315/1
f 382/290/1 405/317/1 404/316/1
f 382/290/1 406/318/1 405/317/1
f 382/290/1 407/303/1 406/318/1
f 382/290/1 264/288/1 407/303/1
f 382/290/1 265/319/1 264/288/1
f 231/320/1 287/299/1 232/289/1
f 382/290/1 266/321/1 265/319/1
f 230/322/1 287/299/1 231/320/1
f 230/322/1 288/323/1 287/299/1
f 382/290/1 267/324/1 266/321/1
f 229/325/1 288/323/1 230/322/1
f 382/290/1 268/326/1 267/324/1
f 228/327/1 288/323/1 229/325/1
f 228/327/1 289/328/1 288/323/1
f 382/290/1 269/329/1 268/326/1
f 227/330/1 289/328/1 228/327/1
f 382/290/1 270/331/1 269/329/1
f 226/332/1 289/328/1 227/330/1
f 382/290/1 271/333/1 270/331/1
f 225/30/1 289/328/1 226/332/1
f 382/290/1 272/334/1 271/333/1
f 272/334/1 289/328/1 225/30/1
f 382/290/1 289/328/1 272/334/1
f 382/290/1 290/335/1 289/328/1
f 382/290/1 378/336/1 290/335/1
f 378/336/1 377/337/1 290/335/1
f 377/337/1 376/338/1 290/335/1
f 376/338/1 375/339/1 290/335/1
f 375/339/1 291/340/1 290/335/1
f 375/339/3 374/341/3 291/340/3
f 374/341/1 373/342/1 291/340/1
f 373/342/1 292/343/1 291/340/1
f 373/342/1 372/344/1 292/343/1
f 372/344/1 293/345/1 292/343/1
f 372/344/1 371/346/1 293/345/1
f 371/346/1 308/347/1 293/345/1
f 308/347/1 294/26/1 293/345/1
f 371/346/1 370/348/1 308/347/1
f 370/348/1 369/349/1 308/347/1
f 369/349/1 368/350/1 308/347/1
f 368/350/1 367/351/1 308/347/1
f 367/351/1 366/352/1 308/347/1
f 366/352/1 365/353/1 308/347/1
f 365/353/1 364/354/1 308/347/1
f 364/354/1 363/56/1 308/347/1
f 363/56/1 361/355/1 308/347/1
f 361/355/1 359/356/1 308/347/1
f 359/356/1 358/357/1 308/347/1
f 358/357/1 309/358/1 308/347/1
f 307/359/1 294/26/1 308/347/1
f 306/360/1 294/26/1 307/359/1
f 305/361/1 294/26/1 306/360/1
f 305/361/1 295/362/1 294/26/1
f 304/363/1 295/362/1 305/361/1
f 303/364/1 295/362/1 304/363/1
f 302/365/1 295/362/1 303/364/1
f 301/366/1 295/362/1 302/365/1
f 300/367/1 295/362/1 301/366/1
f 300/367/1 296/368/1 295/362/1
f 299/369/1 296/368/1 300/367/1
f 298/370/1 296/368/1 299/369/1
f 297/371/1 296/368/1 298/370/1
f 362/372/1 361/355/1 363/56/1
f 360/373/4 359/356/4 361/355/4
f 357/374/1 309/358/1 358/357/1
f 382/290/3 379/375/3 378/336/3
f 382/290/1 380/376/1 379/375/1
f 382/290/5 381/377/5 380/376/5
f 357/374/1 310/378/1 309/358/1
f 356/379/1 310/378/1 357/374/1
f 356/379/1 311/380/1 310/378/1
f 355/381/1 311/380/1 356/379/1
f 355/381/1 312/382/1 311/380/1
f 354/383/1 312/382/1 355/381/1
f 354/383/1 313/384/1 312/382/1
f 353/385/1 313/384/1 354/383/1
f 353/385/1 314/386/1 313/384/1
f 352/387/1 314/386/1 353/385/1
f 352/387/1 315/388/1 314/386/1
f 351/389/1 315/388/1 352/387/1
f 351/389/1 316/390/1 315/388/1
f 350/391/1 316/390/1 351/389/1
f 349/392/1 316/390/1 350/391/1
f 349/392/1 317/393/1 316/390/1
f 348/394/1 317/393/1 349/392/1
f 348/394/1 318/395/1 317/393/1
f 347/396/1 318/395/1 348/394/1
f 347/396/1 319/397/1 318/395/1
f 346/398/1 319/397/1 347/396/1
f 346/398/1 320/399/1 319/397/1
f 345/400/1 320/399/1 346/398/1
f 345/400/1 321/401/1 320/399/1
f 344/402/1 321/401/1 345/400/1
f 344/402/1 322/403/1 321/401/1
f 343/404/1 322/403/1 344/402/1
f 342/405/1 322/403/1 343/404/1
f 342/405/1 323/406/1 322/403/1
f 341/407/1 323/406/1 342/405/1
f 341/407/1 324/408/1 323/406/1
f 340/409/1 324/408/1 341/407/1
f 340/409/1 325/410/1 324/408/1
f 339/411/1 325/410/1 340/409/1
f 339/411/1 326/412/1 325/410/1
f 338/413/1 326/412/1 339/411/1
f 337/414/1 326/412/1 338/413/1
f 337/414/1 327/415/1 326/412/1
f 336/416/1 327/415/1 337/414/1
f 336/416/1 328/417/1 327/415/1
f 335/418/1 328/417/1 336/416/1
f 335/418/1 329/419/1 328/417/1
f 334/420/1 329/419/1 335/418/1
f 333/421/1 329/419/1 334/420/1
f 333/421/1 330/422/1 329/419/1
f 333/421/1 331/423/1 330/422/1
f 333/421/1 332/424/1 331/423/1
f 445/1/1 447/2/1 446/3/1
f 445/1/1 448/4/1 447/2/1
f 445/1/1 449/5/1 448/4/1
f 445/1/1 450/6/1 449/5/1
f 444/7/1 450/6/1 445/1/1
f 444/7/1 451/8/1 450/6/1
f 443/9/1 451/8/1 444/7/1
f 443/9/1 452/10/1 451/8/1
f 442/11/1 452/10/1 443/9/1
f 442/11/1 453/12/1 452/10/1
f 441/13/1 453/12/1 442/11/1
f 441/13/1 454/14/1 453/12/1
f 440/15/1 454/14/1 441/13/1
f 440/15/1 455/16/1 454/14/1
f 439/17/1 455/16/1 440/15/1
f 469/18/1 471/19/1 470/20/1
f 439/17/1 456/21/1 455/16/1
f 438/22/1 456/21/1 439/17/1
f 438/22/1 457/23/1 456/21/1
f 437/24/1 457/23/1 438/22/1
f 468/25/1 471/19/1 469/18/1
f 437/24/1 458/26/1 457/23/1
f 436/27/1 458/26/1 437/24/1
f 436/27/1 435/28/1 458/26/1
f 435/28/1 434/29/1 458/26/1
f 434/29/1 433/30/1 458/26/1
f 467/31/1 471/19/1 468/25/1
f 467/31/1 472/32/1 471/19/1
f 466/33/1 472/32/1 467/31/1
f 466/33/1 473/34/1 472/32/1
f 465/35/1 473/34/1 466/33/1
f 465/35/1 474/36/1 473/34/1
f 464/37/1 474/36/1 465/35/1
f 464/37/1 475/38/1 474/36/1
f 463/39/1 475/38/1 464/37/1
f 463/39/1 476/40/1 475/38/1
f 462/41/1 476/40/1 463/39/1
f 462/41/1 477/42/1 476/40/1
f 461/43/1 477/42/1 462/41/1
f 461/43/1 478/44/1 477/42/1
f 460/45/1 478/44/1 461/43/1
f 460/45/1 479/46/1 478/44/1
f 459/47/1 479/46/1 460/45/1
f 459/47/1 480/48/1 479/46/1
f 508/49/1 480/48/1 459/47/1
f 508/49/1 481/50/1 480/48/1
f 507/51/1 481/50/1 508/49/1
f 506/52/1 481/50/1 507/51/1
f 506/52/1 482/53/1 481/50/1
f 505/54/1 482/53/1 506/52/1
f 504/55/1 482/53/1 505/54/1
f 504/55/1 483/56/1 482/53/1
f 503/57/1 483/56/1 504/55/1
f 502/58/1 483/56/1 503/57/1
f 502/58/1 484/59/1 483/56/1
f 501/60/1 484/59/1 502/58/1
f 501/60/1 485/61/1 484/59/1
f 500/62/1 485/61/1 501/60/1
f 500/62/1 486/63/1 485/61/1
f 499/64/1 486/63/1 500/62/1
f 499/64/1 487/65/1 486/63/1
f 498/66/1 487/65/1 499/64/1
f 497/67/1 487/65/1 498/66/1
f 497/67/1 488/68/1 487/65/1
f 496/69/1 488/68/1 497/67/1
f 495/70/1 488/68/1 496/69/1
f 495/70/1 489/71/1 488/68/1
f 495/70/1 490/72/1 489/71/1
f 495/70/1 491/73/1 490/72/1
f 495/70/1 492/74/1 491/73/1
f 495/70/1 493/75/1 492/74/1
f 495/70/1 494/76/1 493/75/1
f 588/425/1 590/426/1 589/427/1
f 588/425/1 591/428/1 590/426/1
f 588/425/1 592/429/1 591/428/1
f 588/425/1 593/430/1 592/429/1
f 588/425/1 594/431/1 593/430/1
f 587/44/1 594/431/1 588/425/1
f 587/44/1 595/432/1 594/431/1
f 586/433/1 595/432/1 587/44/1
f 585/434/1 595/432/1 586/433/1
f 585/434/1 596/435/1 595/432/1
f 584/436/1 596/435/1 585/434/1
f 584/436/1 597/437/1 596/435/1
f 583/438/1 597/437/1 584/436/1
f 583/438/1 598/439/1 597/437/1
f 582/440/1 598/439/1 583/438/1
f 582/440/1 599/441/1 598/439/1
f 581/442/1 599/441/1 582/440/1
f 581/442/1 600/443/1 599/441/1
f 580/444/1 600/443/1 581/442/1
f 579/445/1 600/443/1 580/444/1
f 579/445/1 601/446/1 600/443/1
f 578/447/1 601/446/1 579/445/1
f 578/447/1 602/448/1 601/446/1
f 577/449/1 602/448/1 578/447/1
f 576/450/1 602/448/1 577/449/1
f 575/451/1 602/448/1 576/450/1
f 625/452/1 627/453/1 626/454/1
f 624/455/1 627/453/1 625/452/1
f 623/456/1 627/453/1 624/455/1
f 622/457/1 627/453/1 623/456/1
f 621/458/1 627/453/1 622/457/1
f 620/459/1 627/453/1 621/458/1
f 619/460/1 627/453/1 620/459/1
f 618/461/1 627/453/1 619/460/1
f 617/462/1 627/453/1 618/461/1
f 616/463/1 627/453/1 617/462/1
f 615/464/1 627/453/1 616/463/1
f 614/465/1 627/453/1 615/464/1
f 613/75/1 627/453/1 614/465/1
f 612/466/1 627/453/1 613/75/1
f 611/467/1 627/453/1 612/466/1
f 610/468/1 627/453/1 611/467/1
f 609/469/1 627/453/1 610/468/1
f 608/470/1 627/453/1 609/469/1
f 608/470/1 628/471/1 627/453/1
f 607/472/1 628/471/1 608/470/1
f 606/473/1 628/471/1 607/472/1
f 605/474/1 628/471/1 606/473/1
f 605/474/1 629/475/1 628/471/1
f 604/476/1 629/475/1 605/474/1
f 603/477/1 629/475/1 604/476/1
f 602/448/1 629/475/1 603/477/1
f 575/451/1 629/475/1 602/448/1
f 575/451/1 521/478/1 629/475/1
f 521/478/1 630/479/1 629/475/1
f 575/451/1 522/480/1 521/478/1
f 520/481/1 630/479/1 521/478/1
f 574/482/1 522/480/1 575/451/1
f 519/483/1 630/479/1 520/481/1
f 519/483/1 631/484/1 630/479/1
f 573/485/1 522/480/1 574/482/1
f 572/486/1 522/480/1 573/485/1
f 518/487/1 631/484/1 519/483/1
f 571/488/1 522/480/1 572/486/1
f 570/489/1 522/480/1 571/488/1
f 569/490/1 522/480/1 570/489/1
f 568/491/1 522/480/1 569/490/1
f 567/492/1 522/480/1 568/491/1
f 566/493/1 522/480/1 567/492/1
f 565/494/1 522/480/1 566/493/1
f 564/495/1 522/480/1 565/494/1
f 563/496/1 522/480/1 564/495/1
f 562/497/1 522/480/1 563/496/1
f 561/39/1 522/480/1 562/497/1
f 518/487/1 632/498/1 631/484/1
f 517/499/1 632/498/1 518/487/1
f 561/39/1 560/500/1 522/480/1
f 560/500/1 523/501/1 522/480/1
f 516/502/1 632/498/1 517/499/1
f 516/502/1 633/503/1 632/498/1
f 559/504/1 523/501/1 560/500/1
f 515/505/1 633/503/1 516/502/1
f 559/504/1 524/506/1 523/501/1
f 515/505/1 634/507/1 633/503/1
f 514/508/1 634/507/1 515/505/1
f 513/509/1 634/507/1 514/508/1
f 513/509/1 635/510/1 634/507/1
f 559/504/1 525/511/1 524/506/1
f 512/512/1 635/510/1 513/509/1
f 512/512/1 636/513/1 635/510/1
f 511/514/1 636/513/1 512/512/1
f 559/504/1 526/515/1 525/511/1
f 510/516/1 636/513/1 511/514/1
f 510/516/1 637/517/1 636/513/1
f 509/30/1 637/517/1 510/516/1
f 509/30/1 638/518/1 637/517/1
f 639/49/1 638/518/1 509/30/1
f 559/504/1 527/519/1 526/515/1
f 559/504/1 528/520/1 527/519/1
f 559/504/1 529/521/1 528/520/1
f 559/504/1 530/522/1 529/521/1
f 559/504/1 531/523/1 530/522/1
f 559/504/1 532/524/1 531/523/1
f 559/504/1 533/525/1 532/524/1
f 559/504/1 534/526/1 533/525/1
f 559/504/1 535/4/1 534/526/1
f 559/504/1 536/527/1 535/4/1
f 559/504/1 537/528/1 536/527/1
f 559/504/1 538/529/1 537/528/1
f 558/530/1 538/529/1 559/504/1
f 558/530/1 539/531/1 538/529/1
f 557/532/1 539/531/1 558/530/1
f 557/532/1 540/533/1 539/531/1
f 556/534/1 540/533/1 557/532/1
f 556/534/1 541/535/1 540/533/1
f 555/536/1 541/535/1 556/534/1
f 555/536/1 542/537/1 541/535/1
f 554/538/1 542/537/1 555/536/1
f 554/538/1 543/539/1 542/537/1
f 553/540/1 543/539/1 554/538/1
f 553/540/1 544/541/1 543/539/1
f 552/542/1 544/541/1 553/540/1
f 552/542/1 545/543/1 544/541/1
f 551/544/1 545/543/1 552/542/1
f 551/544/1 546/545/1 545/543/1
f 550/546/1 546/545/1 551/544/1
f 550/546/1 549/547/1 546/545/1
f 549/547/1 548/548/1 546/545/1
f 548/548/1 547/549/1 546/545/1
f 754/550/1 756/551/1 755/552/1
f 754/550/1 757/553/1 756/551/1
f 754/550/1 758/554/1 757/553/1
f 753/555/1 758/554/1 754/550/1
f 753/555/1 759/295/1 758/554/1
f 752/556/1 759/295/1 753/555/1
f 752/556/1 760/557/1 759/295/1
f 751/558/1 760/557/1 752/556/1
f 728/559/1 730/560/1 729/561/1
f 728/559/1 731/562/1 730/560/1
f 751/558/1 761/563/1 760/557/1
f 750/564/1 761/563/1 751/558/1
f 728/559/1 732/565/1 731/562/1
f 727/566/1 732/565/1 728/559/1
f 750/564/1 762/567/1 761/563/1
f 749/568/1 762/567/1 750/564/1
f 727/566/1 733/569/1 732/565/1
f 726/570/1 733/569/1 727/566/1
f 748/571/1 762/567/1 749/568/1
f 748/571/1 763/572/1 762/567/1
f 726/570/1 734/573/1 733/569/1
f 725/409/1 734/573/1 726/570/1
f 747/574/1 763/572/1 748/571/1
f 747/574/1 764/575/1 763/572/1
f 725/409/1 735/576/1 734/573/1
f 724/577/1 735/576/1 725/409/1
f 746/578/1 764/575/1 747/574/1
f 746/578/1 765/579/1 764/575/1
f 723/580/1 735/576/1 724/577/1
f 723/580/1 736/581/1 735/576/1
f 745/582/1 765/579/1 746/578/1
f 745/582/1 766/583/1 765/579/1
f 722/584/1 736/581/1 723/580/1
f 722/584/1 737/585/1 736/581/1
f 744/586/1 766/583/1 745/582/1
f 744/586/1 767/587/1 766/583/1
f 721/588/1 737/585/1 722/584/1
f 721/588/1 738/589/1 737/585/1
f 743/590/1 767/587/1 744/586/1
f 743/590/1 742/56/1 767/587/1
f 720/591/1 738/589/1 721/588/1
f 720/591/1 739/592/1 738/589/1
f 719/593/1 739/592/1 720/591/1
f 719/593/1 740/594/1 739/592/1
f 718/595/1 740/594/1 719/593/1
f 718/595/1 741/596/1 740/594/1
f 717/597/1 741/596/1 718/595/1
f 717/597/1 716/598/1 741/596/1
f 780/599/1 782/600/1 781/601/1
f 780/599/1 783/602/1 782/600/1
f 780/599/1 784/603/1 783/602/1
f 780/599/1 785/604/1 784/603/1
f 780/599/1 786/605/1 785/604/1
f 780/599/1 787/606/1 786/605/1
f 779/607/1 787/606/1 780/599/1
f 779/607/1 788/608/1 787/606/1
f 778/609/1 788/608/1 779/607/1
f 778/609/1 789/610/1 788/608/1
f 777/611/1 789/610/1 778/609/1
f 777/611/1 790/612/1 789/610/1
f 776/293/1 790/612/1 777/611/1
f 776/293/1 791/613/1 790/612/1
f 775/614/1 791/613/1 776/293/1
f 775/614/1 792/615/1 791/613/1
f 774/616/1 792/615/1 775/614/1
f 774/616/1 793/49/1 792/615/1
f 773/617/1 793/49/1 774/616/1
f 773/617/1 772/618/1 793/49/1
f 772/618/1 771/619/1 793/49/1
f 771/619/1 770/620/1 793/49/1
f 770/620/1 769/621/1 793/49/1
f 769/621/1 768/622/1 793/49/1
f 702/623/1 704/624/1 703/625/1
f 650/626/1 652/627/1 651/628/1
f 702/623/1 705/629/1 704/624/1
f 702/623/1 706/630/1 705/629/1
f 702/623/1 707/631/1 706/630/1
f 649/632/1 652/627/1 650/626/1
f 702/623/1 708/393/1 707/631/1
f 702/623/1 709/633/1 708/393/1
f 702/623/1 710/634/1 709/633/1
f 701/635/1 710/634/1 702/623/1
f 700/636/1 710/634/1 701/635/1
f 648/637/1 652/627/1 649/632/1
f 700/636/1 711/638/1 710/634/1
f 699/639/1 711/638/1 700/636/1
f 648/637/1 653/640/1 652/627/1
f 699/639/1 712/641/1 711/638/1
f 698/642/1 712/641/1 699/639/1
f 698/642/1 713/643/1 712/641/1
f 697/644/1 713/643/1 698/642/1
f 647/645/1 653/640/1 648/637/1
f 697/644/1 714/646/1 713/643/1
f 696/647/1 714/646/1 697/644/1
f 647/645/1 654/648/1 653/640/1
f 696/647/1 715/649/1 714/646/1
f 695/650/1 715/649/1 696/647/1
f 695/650/1 694/651/1 715/649/1
f 694/651/1 693/652/1 715/649/1
f 693/652/1 692/653/1 715/649/1
f 692/653/1 691/26/1 715/649/1
f 691/26/1 690/654/1 715/649/1
f 646/655/1 654/648/1 647/645/1
f 646/655/1 655/656/1 654/648/1
f 645/657/1 655/656/1 646/655/1
f 645/657/1 656/658/1 655/656/1
f 644/659/1 656/658/1 645/657/1
f 644/659/1 657/237/1 656/658/1
f 643/660/1 657/237/1 644/659/1
f 643/660/1 658/661/1 657/237/1
f 642/662/1 658/661/1 643/660/1
f 642/662/1 659/663/1 658/661/1
f 641/664/1 659/663/1 642/662/1
f 641/664/1 660/665/1 659/663/1
f 640/30/1 660/665/1 641/664/1
f 640/30/1 661/666/1 660/665/1
f 689/667/1 661/666/1 640/30/1
f 689/667/1 662/668/1 661/666/1
f 688/669/1 662/668/1 689/667/1
f 687/670/1 662/668/1 688/669/1
f 687/670/1 663/671/1 662/668/1
f 686/672/1 663/671/1 687/670/1
f 685/673/1 663/671/1 686/672/1
f 685/673/1 664/674/1 663/671/1
f 684/675/1 664/674/1 685/673/1
f 683/676/1 664/674/1 684/675/1
f 682/677/1 664/674/1 683/676/1
f 682/677/1 665/678/1 664/674/1
f 681/679/1 665/678/1 682/677/1
f 681/679/1 666/680/1 665/678/1
f 680/681/1 666/680/1 681/679/1
f 679/682/1 666/680/1 680/681/1
f 679/682/1 667/683/1 666/680/1
f 678/684/1 667/683/1 679/682/1
f 677/685/1 667/683/1 678/684/1
f 677/685/1 668/686/1 667/683/1
f 676/687/1 668/686/1 677/685/1
f 676/687/1 669/688/1 668/686/1
f 676/687/1 670/689/1 669/688/1
f 676/687/1 671/690/1 670/689/1
f 676/687/1 672/691/1 671/690/1
f 676/687/1 673/692/1 672/691/1
f 676/687/1 674/333/1 673/692/1
f 676/687/1 675/693/1 674/333/1
f 806/1/4 807/3/4 808/2/4
f 806/1/4 808/2/4 809/4/4
f 806/1/4 809/4/4 810/5/4
f 806/1/4 810/5/4 811/6/4
f 805/7/4 806/1/4 811/6/4
f 805/7/4 811/6/4 812/8/4
f 804/9/4 805/7/4 812/8/4
f 804/9/4 812/8/4 813/10/4
f 803/11/4 804/9/4 813/10/4
f 803/11/4 813/10/4 814/12/4
f 802/13/4 803/11/4 814/12/4
f 802/13/4 814/12/4 815/14/4
f 801/15/4 802/13/4 815/14/4
f 801/15/4 815/14/4 816/16/4
f 800/17/4 801/15/4 816/16/4
f 830/18/4 831/20/4 832/19/4
f 800/17/4 816/16/4 817/21/4
f 799/22/4 800/17/4 817/21/4
f 799/22/4 817/21/4 818/23/4
f 798/24/4 799/22/4 818/23/4
f 829/25/4 830/18/4 832/19/4
f 798/24/4 818/23/4 819/26/4
f 797/27/4 798/24/4 819/26/4
f 797/27/4 819/26/4 796/28/4
f 796/28/4 819/26/4 795/29/4
f 795/29/4 819/26/4 794/30/4
f 828/31/4 829/25/4 832/19/4
f 828/31/4 832/19/4 833/32/4
f 827/33/4 828/31/4 833/32/4
f 827/33/4 833/32/4 834/34/4
f 826/35/4 827/33/4 834/34/4
f 826/35/4 834/34/4 835/36/4
f 825/37/4 826/35/4 835/36/4
f 825/37/4 835/36/4 836/38/4
f 824/39/4 825/37/4 836/38/4
f 824/39/4 836/38/4 837/40/4
f 823/41/4 824/39/4 837/40/4
f 823/41/4 837/40/4 838/42/4
f 822/43/4 823/41/4 838/42/4
f 822/43/4 838/42/4 839/44/4
f 821/45/4 822/43/4 839/44/4
f 821/45/4 839/44/4 840/46/4
f 820/47/4 821/45/4 840/46/4
f 820/47/4 840/46/4 841/48/4
f 869/49/4 820/47/4 841/48/4
f 869/49/4 841/48/4 842/50/4
f 868/51/4 869/49/4 842/50/4
f 867/52/4 868/51/4 842/50/4
f 867/52/4 842/50/4 843/53/4
f 866/54/4 867/52/4 843/53/4
f 865/55/4 866/54/4 843/53/4
f 865/55/4 843/53/4 844/56/4
f 864/57/4 865/55/4 844/56/4
f 863/58/4 864/57/4 844/56/4
f 863/58/4 844/56/4 845/59/4
f 862/60/4 863/58/4 845/59/4
f 862/60/4 845/59/4 846/61/4
f 861/62/4 862/60/4 846/61/4
f 861/62/4 846/61/4 847/63/4
f 860/64/4 861/62/4 847/63/4
f 860/64/4 847/63/4 848/65/4
f 859/66/4 860/64/4 848/65/4
f 858/67/4 859/66/4 848/65/4
f 858/67/4 848/65/4 849/68/4
f 857/69/4 858/67/4 849/68/4
f 856/70/4 857/69/4 849/68/4
f 856/70/4 849/68/4 850/71/4
f 856/70/4 850/71/4 851/72/4
f 856/70/4 851/72/4 852/73/4
f 856/70/4 852/73/4 853/74/4
f 856/70/4 853/74/4 854/75/4
f 856/70/4 854/75/4 855/76/4
f 918/77/4 919/26/4 920/78/4
f 954/79/4 955/81/4 956/80/4
f 918/77/4 920/78/4 921/82/4
f 953/83/4 954/79/4 956/80/4
f 918/77/4 921/82/4 922/84/4
f 952/85/4 953/83/4 956/80/4
f 918/77/4 922/84/4 923/86/4
f 951/87/4 952/85/4 956/80/4
f 918/77/4 923/86/4 924/88/4
f 950/89/4 951/87/4 956/80/4
f 918/77/4 924/88/4 925/90/4
f 949/91/4 950/89/4 956/80/4
f 918/77/4 925/90/4 926/92/4
f 948/93/4 949/91/4 956/80/4
f 918/77/4 926/92/4 927/94/4
f 947/95/4 948/93/4 956/80/4
f 918/77/4 927/94/4 928/96/4
f 946/97/4 947/95/4 956/80/4
f 918/77/4 928/96/4 929/98/4
f 945/99/4 946/97/4 956/80/4
f 918/77/4 929/98/4 930/100/4
f 944/101/4 945/99/4 956/80/4
f 918/77/4 930/100/4 931/102/4
f 943/103/4 944/101/4 956/80/4
f 918/77/4 931/102/4 932/104/4
f 918/77/4 932/104/4 933/105/4
f 918/77/4 933/105/4 934/106/4
f 918/77/4 934/106/4 935/107/4
f 918/77/4 935/107/4 936/108/4
f 918/77/4 936/108/4 937/109/4
f 918/77/4 937/109/4 938/110/4
f 918/77/4 938/110/4 939/111/4
f 918/77/4 939/111/4 940/112/4
f 918/77/4 940/112/4 941/113/4
f 918/77/4 941/113/4 942/114/4
f 918/77/4 942/114/4 943/103/4
f 918/77/6 943/103/6 917/115/6
f 917/115/4 943/103/4 916/116/4
f 916/116/4 943/103/4 915/117/4
f 915/117/4 943/103/4 914/118/4
f 914/118/4 943/103/4 913/119/4
f 913/119/4 943/103/4 912/120/4
f 912/120/4 943/103/4 911/121/4
f 911/121/4 943/103/4 910/122/4
f 910/122/4 943/103/4 909/123/4
f 909/123/4 943/103/4 956/80/4
f 909/123/4 956/80/4 957/124/4
f 909/123/4 957/124/4 958/125/4
f 909/123/4 958/125/4 908/126/4
f 908/126/4 958/125/4 959/127/4
f 908/126/4 959/127/4 960/128/4
f 908/126/4 960/128/4 961/129/4
f 908/126/4 961/129/4 962/130/4
f 908/126/4 962/130/4 907/131/4
f 907/131/4 962/130/4 963/132/4
f 907/131/4 963/132/4 964/133/4
f 907/131/4 964/133/4 965/134/4
f 907/131/4 965/134/4 966/135/4
f 907/131/4 966/135/4 906/136/4
f 906/136/4 966/135/4 967/137/4
f 906/136/4 967/137/4 968/56/4
f 906/136/4 968/56/4 905/138/4
f 905/138/4 968/56/4 904/139/4
f 904/139/4 968/56/4 902/140/4
f 902/140/4 968/56/4 901/141/4
f 901/141/4 968/56/4 900/142/4
f 900/142/4 968/56/4 899/143/4
f 899/143/4 968/56/4 898/144/4
f 898/144/4 968/56/4 896/145/4
f 896/145/4 968/56/4 895/146/4
f 895/146/4 968/56/4 894/147/4
f 894/147/4 968/56/4 969/148/4
f 903/149/1 904/139/1 902/140/1
f 897/150/1 898/144/1 896/145/1
f 893/151/4 894/147/4 969/148/4
f 892/152/4 893/151/4 969/148/4
f 892/152/4 969/148/4 970/153/4
f 891/154/4 892/152/4 970/153/4
f 891/154/4 970/153/4 971/155/4
f 890/156/4 891/154/4 971/155/4
f 890/156/4 971/155/4 972/157/4
f 889/158/4 890/156/4 972/157/4
f 889/158/4 972/157/4 973/159/4
f 888/160/4 889/158/4 973/159/4
f 888/160/4 973/159/4 974/161/4
f 887/162/4 888/160/4 974/161/4
f 1017/49/4 870/30/4 871/163/4
f 886/164/4 887/162/4 974/161/4
f 886/164/4 974/161/4 975/165/4
f 1017/49/4 871/163/4 872/166/4
f 1017/49/4 872/166/4 873/167/4
f 1017/49/4 873/167/4 874/168/4
f 885/169/4 886/164/4 975/165/4
f 1017/49/4 874/168/4 875/170/4
f 885/169/4 975/165/4 976/171/4
f 1017/49/4 875/170/4 876/172/4
f 1016/173/4 1017/49/4 876/172/4
f 1015/174/4 1016/173/4 876/172/4
f 1015/174/4 876/172/4 877/175/4
f 884/176/4 885/169/4 976/171/4
f 1014/177/4 1015/174/4 877/175/4
f 884/176/4 976/171/4 977/178/4
f 1014/177/4 877/175/4 878/179/4
f 1013/180/4 1014/177/4 878/179/4
f 1013/180/4 878/179/4 879/181/4
f 883/182/4 884/176/4 977/178/4
f 1012/183/4 1013/180/4 879/181/4
f 1012/183/4 879/181/4 880/184/4
f 883/182/4 977/178/4 978/185/4
f 1012/183/4 880/184/4 881/186/4
f 1011/187/4 1012/183/4 881/186/4
f 882/188/4 883/182/4 978/185/4
f 1011/187/4 881/186/4 882/188/4
f 1010/189/4 1011/187/4 882/188/4
f 882/188/4 978/185/4 979/190/4
f 1010/189/4 882/188/4 979/190/4
f 1009/191/4 1010/189/4 979/190/4
f 1009/191/4 979/190/4 980/192/4
f 1008/193/4 1009/191/4 980/192/4
f 1007/194/4 1008/193/4 980/192/4
f 1007/194/4 980/192/4 981/195/4
f 1006/196/4 1007/194/4 981/195/4
f 1006/196/4 981/195/4 982/197/4
f 1005/198/4 1006/196/4 982/197/4
f 1005/198/4 982/197/4 983/199/4
f 1004/200/4 1005/198/4 983/199/4
f 1004/200/4 983/199/4 984/201/4
f 1003/202/4 1004/200/4 984/201/4
f 1003/202/4 984/201/4 985/203/4
f 1002/204/4 1003/202/4 985/203/4
f 1002/204/4 985/203/4 986/205/4
f 1001/206/4 1002/204/4 986/205/4
f 1001/206/4 986/205/4 987/207/4
f 1000/208/4 1001/206/4 987/207/4
f 1000/208/4 987/207/4 988/209/4
f 999/210/4 1000/208/4 988/209/4
f 999/210/4 988/209/4 989/211/4
f 999/210/4 989/211/4 990/212/4
f 998/213/4 999/210/4 990/212/4
f 998/213/4 990/212/4 991/214/4
f 997/215/4 998/213/4 991/214/4
f 997/215/4 991/214/4 992/216/4
f 996/217/4 997/215/4 992/216/4
f 996/217/4 992/216/4 995/218/4
f 995/218/4 992/216/4 994/219/4
f 994/219/4 992/216/4 993/220/4
f 1224/221/4 1225/49/4 1066/222/4
f 1223/223/4 1224/221/4 1066/222/4
f 1223/223/4 1066/222/4 1067/224/4
f 1222/225/4 1223/223/4 1067/224/4
f 1222/225/4 1067/224/4 1068/226/4
f 1221/227/4 1222/225/4 1068/226/4
f 1221/227/4 1068/226/4 1069/228/4
f 1220/229/4 1221/227/4 1069/228/4
f 1220/229/4 1069/228/4 1070/230/4
f 1219/231/4 1220/229/4 1070/230/4
f 1219/231/4 1070/230/4 1071/232/4
f 1218/233/4 1219/231/4 1071/232/4
f 1218/233/4 1071/232/4 1072/234/4
f 1217/235/4 1218/233/4 1042/236/4
f 1042/236/4 1218/233/4 1041/237/4
f 1041/237/4 1218/233/4 1072/234/4
f 1041/237/4 1072/234/4 1040/238/4
f 1040/238/4 1072/234/4 1073/239/4
f 1039/240/4 1040/238/4 1073/239/4
f 1217/235/4 1042/236/4 1043/241/4
f 1038/242/4 1039/240/4 1073/239/4
f 1217/235/4 1043/241/4 1044/243/4
f 1037/244/4 1038/242/4 1073/239/4
f 1217/235/4 1044/243/4 1045/245/4
f 1036/246/4 1037/244/4 1073/239/4
f 1217/235/4 1045/245/4 1046/247/4
f 1216/248/4 1217/235/4 1046/247/4
f 1036/246/4 1073/239/4 1074/249/4
f 1035/250/4 1036/246/4 1074/249/4
f 1216/248/4 1046/247/4 1047/251/4
f 1034/252/4 1035/250/4 1074/249/4
f 1216/248/4 1047/251/4 1048/253/4
f 1215/254/4 1216/248/4 1048/253/4
f 1034/252/4 1074/249/4 1075/255/4
f 1033/256/4 1034/252/4 1075/255/4
f 1215/254/4 1048/253/4 1049/257/4
f 1032/258/4 1033/256/4 1075/255/4
f 1215/254/4 1049/257/4 1050/259/4
f 1214/260/4 1215/254/4 1050/259/4
f 1032/258/4 1075/255/4 1076/261/4
f 1031/262/4 1032/258/4 1076/261/4
f 1214/260/4 1050/259/4 1051/263/4
f 1030/264/4 1031/262/4 1076/261/4
f 1214/260/4 1051/263/4 1052/265/4
f 1213/266/4 1214/260/4 1052/265/4
f 1030/264/4 1076/261/4 1077/267/4
f 1029/268/4 1030/264/4 1077/267/4
f 1213/266/4 1052/265/4 1053/269/4
f 1212/270/4 1213/266/4 1053/269/4
f 1212/270/4 1053/269/4 1054/271/4
f 1028/272/4 1029/268/4 1077/267/4
f 1028/272/4 1077/267/4 1078/273/4
f 1211/274/4 1212/270/4 1054/271/4
f 1210/275/4 1211/274/4 1054/271/4
f 1209/276/4 1210/275/4 1054/271/4
f 1209/276/4 1054/271/4 1055/277/4
f 1027/278/4 1028/272/4 1078/273/4
f 1208/279/4 1209/276/4 1055/277/4
f 1207/280/4 1208/279/4 1055/277/4
f 1027/278/4 1078/273/4 1079/281/4
f 1206/282/4 1207/280/4 1055/277/4
f 1206/282/4 1055/277/4 1056/283/4
f 1026/284/4 1027/278/4 1079/281/4
f 1205/285/4 1206/282/4 1056/283/4
f 1204/286/4 1205/285/4 1056/283/4
f 1203/287/4 1204/286/4 1056/283/4
f 1203/287/4 1056/283/4 1057/288/4
f 1025/289/4 1026/284/4 1079/281/4
f 1175/290/4 1176/292/4 1177/291/4
f 1202/293/4 1203/287/4 1057/288/4
f 1175/290/4 1177/291/4 1178/294/4
f 1175/290/4 1178/294/4 1179/295/4
f 1175/290/4 1179/295/4 1180/296/4
f 1201/297/4 1202/293/4 1057/288/4
f 1175/290/4 1180/296/4 1181/298/4
f 1025/289/4 1079/281/4 1080/299/4
f 1175/290/4 1181/298/4 1182/300/4
f 1175/290/4 1182/300/4 1183/301/4
f 1175/290/4 1183/301/4 1184/302/4
f 1200/303/4 1201/297/4 1057/288/4
f 1175/290/4 1184/302/4 1185/304/4
f 1175/290/4 1185/304/4 1186/305/4
f 1175/290/4 1186/305/4 1187/306/4
f 1175/290/4 1187/306/4 1188/307/4
f 1175/290/4 1188/307/4 1189/308/4
f 1175/290/4 1189/308/4 1190/309/4
f 1175/290/4 1190/309/4 1191/310/4
f 1175/290/4 1191/310/4 1192/311/4
f 1175/290/4 1192/311/4 1193/312/4
f 1175/290/4 1193/312/4 1194/313/4
f 1175/290/4 1194/313/4 1195/314/4
f 1175/290/4 1195/314/4 1196/315/4
f 1175/290/4 1196/315/4 1197/316/4
f 1175/290/4 1197/316/4 1198/317/4
f 1175/290/4 1198/317/4 1199/318/4
f 1175/290/4 1199/318/4 1200/303/4
f 1175/290/4 1200/303/4 1057/288/4
f 1175/290/4 1057/288/4 1058/319/4
f 1024/320/4 1025/289/4 1080/299/4
f 1175/290/4 1058/319/4 1059/321/4
f 1023/322/4 1024/320/4 1080/299/4
f 1023/322/4 1080/299/4 1081/323/4
f 1175/290/4 1059/321/4 1060/324/4
f 1022/325/4 1023/322/4 1081/323/4
f 1175/290/4 1060/324/4 1061/326/4
f 1021/327/4 1022/325/4 1081/323/4
f 1021/327/4 1081/323/4 1082/328/4
f 1175/290/4 1061/326/4 1062/329/4
f 1020/330/4 1021/327/4 1082/328/4
f 1175/290/4 1062/329/4 1063/331/4
f 1019/332/4 1020/330/4 1082/328/4
f 1175/290/4 1063/331/4 1064/333/4
f 1018/30/4 1019/332/4 1082/328/4
f 1175/290/4 1064/333/4 1065/334/4
f 1065/334/4 1018/30/4 1082/328/4
f 1175/290/4 1065/334/4 1082/328/4
f 1175/290/4 1082/328/4 1083/335/4
f 1175/290/4 1083/335/4 1171/336/4
f 1171/336/4 1083/335/4 1170/337/4
f 1170/337/4 1083/335/4 1169/338/4
f 1169/338/4 1083/335/4 1168/339/4
f 1168/339/4 1083/335/4 1084/340/4
f 1168/339/7 1084/340/7 1167/341/7
f 1167/341/4 1084/340/4 1166/342/4
f 1166/342/4 1084/340/4 1085/343/4
f 1166/342/4 1085/343/4 1165/344/4
f 1165/344/4 1085/343/4 1086/345/4
f 1165/344/4 1086/345/4 1164/346/4
f 1164/346/4 1086/345/4 1101/347/4
f 1101/347/4 1086/345/4 1087/26/4
f 1164/346/4 1101/347/4 1163/348/4
f 1163/348/4 1101/347/4 1162/349/4
f 1162/349/4 1101/347/4 1161/350/4
f 1161/350/4 1101/347/4 1160/351/4
f 1160/351/4 1101/347/4 1159/352/4
f 1159/352/4 1101/347/4 1158/353/4
f 1158/353/4 1101/347/4 1157/354/4
f 1157/354/4 1101/347/4 1156/56/4
f 1156/56/4 1101/347/4 1154/355/4
f 1154/355/4 1101/347/4 1152/356/4
f 1152/356/4 1101/347/4 1151/357/4
f 1151/357/4 1101/347/4 1102/358/4
f 1100/359/4 1101/347/4 1087/26/4
f 1099/360/4 1100/359/4 1087/26/4
f 1098/361/4 1099/360/4 1087/26/4
f 1098/361/4 1087/26/4 1088/362/4
f 1097/363/4 1098/361/4 1088/362/4
f 1096/364/4 1097/363/4 1088/362/4
f 1095/365/4 1096/364/4 1088/362/4
f 1094/366/4 1095/365/4 1088/362/4
f 1093/367/4 1094/366/4 1088/362/4
f 1093/367/4 1088/362/4 1089/368/4
f 1092/369/4 1093/367/4 1089/368/4
f 1091/370/4 1092/369/4 1089/368/4
f 1090/371/4 1091/370/4 1089/368/4
f 1155/372/1 1156/56/1 1154/355/1
f 1153/373/1 1154/355/1 1152/356/1
f 1150/374/4 1151/357/4 1102/358/4
f 1175/290/7 1171/336/7 1172/375/7
f 1175/290/4 1172/375/4 1173/376/4
f 1175/290/8 1173/376/8 1174/377/8
f 1150/374/4 1102/358/4 1103/378/4
f 1149/379/4 1150/374/4 1103/378/4
f 1149/379/4 1103/378/4 1104/380/4
f 1148/381/4 1149/379/4 1104/380/4
f 1148/381/4 1104/380/4 1105/382/4
f 1147/383/4 1148/381/4 1105/382/4
f 1147/383/4 1105/382/4 1106/384/4
f 1146/385/4 1147/383/4 1106/384/4
f 1146/385/4 1106/384/4 1107/386/4
f 1145/387/4 1146/385/4 1107/386/4
f 1145/387/4 1107/386/4 1108/388/4
f 1144/389/4 1145/387/4 1108/388/4
f 1144/389/4 1108/388/4 1109/390/4
f 1143/391/4 1144/389/4 1109/390/4
f 1142/392/4 1143/391/4 1109/390/4
f 1142/392/4 1109/390/4 1110/393/4
f 1141/394/4 1142/392/4 1110/393/4
f 1141/394/4 1110/393/4 1111/395/4
f 1140/396/4 1141/394/4 1111/395/4
f 1140/396/4 1111/395/4 1112/397/4
f 1139/398/4 1140/396/4 1112/397/4
f 1139/398/4 1112/397/4 1113/399/4
f 1138/400/4 1139/398/4 1113/399/4
f 1138/400/4 1113/399/4 1114/401/4
f 1137/402/4 1138/400/4 1114/401/4
f 1137/402/4 1114/401/4 1115/403/4
f 1136/404/4 1137/402/4 1115/403/4
f 1135/405/4 1136/404/4 1115/403/4
f 1135/405/4 1115/403/4 1116/406/4
f 1134/407/4 1135/405/4 1116/406/4
f 1134/407/4 1116/406/4 1117/408/4
f 1133/409/4 1134/407/4 1117/408/4
f 1133/409/4 1117/408/4 1118/410/4
f 1132/411/4 1133/409/4 1118/410/4
f 1132/411/4 1118/410/4 1119/412/4
f 1131/413/4 1132/411/4 1119/412/4
f 1130/414/4 1131/413/4 1119/412/4
f 1130/414/4 1119/412/4 1120/415/4
f 1129/416/4 1130/414/4 1120/415/4
f 1129/416/4 1120/415/4 1121/417/4
f 1128/418/4 1129/416/4 1121/417/4
f 1128/418/4 1121/417/4 1122/419/4
f 1127/420/4 1128/418/4 1122/419/4
f 1126/421/4 1127/420/4 1122/419/4
f 1126/421/4 1122/419/4 1123/422/4
f 1126/421/4 1123/422/4 1124/423/4
f 1126/421/4 1124/423/4 1125/424/4
f 1238/1/4 1239/3/4 1240/2/4
f 1238/1/4 1240/2/4 1241/4/4
f 1238/1/4 1241/4/4 1242/5/4
f 1238/1/4 1242/5/4 1243/6/4
f 1237/7/4 1238/1/4 1243/6/4
f 1237/7/4 1243/6/4 1244/8/4
f 1236/9/4 1237/7/4 1244/8/4
f 1236/9/4 1244/8/4 1245/10/4
f 1235/11/4 1236/9/4 1245/10/4
f 1235/11/4 1245/10/4 1246/12/4
f 1234/13/4 1235/11/4 1246/12/4
f 1234/13/4 1246/12/4 1247/14/4
f 1233/15/4 1234/13/4 1247/14/4
f 1233/15/4 1247/14/4 1248/16/4
f 1232/17/4 1233/15/4 1248/16/4
f 1262/18/4 1263/20/4 1264/19/4
f 1232/17/4 1248/16/4 1249/21/4
f 1231/22/4 1232/17/4 1249/21/4
f 1231/22/4 1249/21/4 1250/23/4
f 1230/24/4 1231/22/4 1250/23/4
f 1261/25/4 1262/18/4 1264/19/4
f 1230/24/4 1250/23/4 1251/26/4
f 1229/27/4 1230/24/4 1251/26/4
f 1229/27/4 1251/26/4 1228/28/4
f 1228/28/4 1251/26/4 1227/29/4
f 1227/29/4 1251/26/4 1226/30/4
f 1260/31/4 1261/25/4 1264/19/4
f 1260/31/4 1264/19/4 1265/32/4
f 1259/33/4 1260/31/4 1265/32/4
f 1259/33/4 1265/32/4 1266/34/4
f 1258/35/4 1259/33/4 1266/34/4
f 1258/35/4 1266/34/4 1267/36/4
f 1257/37/4 1258/35/4 1267/36/4
f 1257/37/4 1267/36/4 1268/38/4
f 1256/39/4 1257/37/4 1268/38/4
f 1256/39/4 1268/38/4 1269/40/4
f 1255/41/4 1256/39/4 1269/40/4
f 1255/41/4 1269/40/4 1270/42/4
f 1254/43/4 1255/41/4 1270/42/4
f 1254/43/4 1270/42/4 1271/44/4
f 1253/45/4 1254/43/4 1271/44/4
f 1253/45/4 1271/44/4 1272/46/4
f 1252/47/4 1253/45/4 1272/46/4
f 1252/47/4 1272/46/4 1273/48/4
f 1301/49/4 1252/47/4 1273/48/4
f 1301/49/4 1273/48/4 1274/50/4
f 1300/51/4 1301/49/4 1274/50/4
f 1299/52/4 1300/51/4 1274/50/4
f 1299/52/4 1274/50/4 1275/53/4
f 1298/54/4 1299/52/4 1275/53/4
f 1297/55/4 1298/54/4 1275/53/4
f 1297/55/4 1275/53/4 1276/56/4
f 1296/57/4 1297/55/4 1276/56/4
f 1295/58/4 1296/57/4 1276/56/4
f 1295/58/4 1276/56/4 1277/59/4
f 1294/60/4 1295/58/4 1277/59/4
f 1294/60/4 1277/59/4 1278/61/4
f 1293/62/4 1294/60/4 1278/61/4
f 1293/62/4 1278/61/4 1279/63/4
f 1292/64/4 1293/62/4 1279/63/4
f 1292/64/4 1279/63/4 1280/65/4
f 1291/66/4 1292/64/4 1280/65/4
f 1290/67/4 1291/66/4 1280/65/4
f 1290/67/4 1280/65/4 1281/68/4
f 1289/69/4 1290/67/4 1281/68/4
f 1288/70/4 1289/69/4 1281/68/4
f 1288/70/4 1281/68/4 1282/71/4
f 1288/70/4 1282/71/4 1283/72/4
f 1288/70/4 1283/72/4 1284/73/4
f 1288/70/4 1284/73/4 1285/74/4
f 1288/70/4 1285/74/4 1286/75/4
f 1288/70/4 1286/75/4 1287/76/4
f 1381/425/4 1382/427/4 1383/426/4
f 1381/425/4 1383/426/4 1384/428/4
f 1381/425/4 1384/428/4 1385/429/4
f 1381/425/4 1385/429/4 1386/430/4
f 1381/425/4 1386/430/4 1387/431/4
f 1380/44/4 1381/425/4 1387/431/4
f 1380/44/4 1387/431/4 1388/432/4
f 1379/433/4 1380/44/4 1388/432/4
f 1378/434/4 1379/433/4 1388/432/4
f 1378/434/4 1388/432/4 1389/435/4
f 1377/436/4 1378/434/4 1389/435/4
f 1377/436/4 1389/435/4 1390/437/4
f 1376/438/4 1377/436/4 1390/437/4
f 1376/438/4 1390/437/4 1391/439/4
f 1375/440/4 1376/438/4 1391/439/4
f 1375/440/4 1391/439/4 1392/441/4
f 1374/442/4 1375/440/4 1392/441/4
f 1374/442/4 1392/441/4 1393/443/4
f 1373/444/4 1374/442/4 1393/443/4
f 1372/445/4 1373/444/4 1393/443/4
f 1372/445/4 1393/443/4 1394/446/4
f 1371/447/4 1372/445/4 1394/446/4
f 1371/447/4 1394/446/4 1395/448/4
f 1370/449/4 1371/447/4 1395/448/4
f 1369/450/4 1370/449/4 1395/448/4
f 1368/451/4 1369/450/4 1395/448/4
f 1418/452/4 1419/454/4 1420/453/4
f 1417/455/4 1418/452/4 1420/453/4
f 1416/456/4 1417/455/4 1420/453/4
f 1415/457/4 1416/456/4 1420/453/4
f 1414/458/4 1415/457/4 1420/453/4
f 1413/459/4 1414/458/4 1420/453/4
f 1412/460/4 1413/459/4 1420/453/4
f 1411/461/4 1412/460/4 1420/453/4
f 1410/462/4 1411/461/4 1420/453/4
f 1409/463/4 1410/462/4 1420/453/4
f 1408/464/4 1409/463/4 1420/453/4
f 1407/465/4 1408/464/4 1420/453/4
f 1406/75/4 1407/465/4 1420/453/4
f 1405/466/4 1406/75/4 1420/453/4
f 1404/467/4 1405/466/4 1420/453/4
f 1403/468/4 1404/467/4 1420/453/4
f 1402/469/4 1403/468/4 1420/453/4
f 1401/470/4 1402/469/4 1420/453/4
f 1401/470/4 1420/453/4 1421/471/4
f 1400/472/4 1401/470/4 1421/471/4
f 1399/473/4 1400/472/4 1421/471/4
f 1398/474/4 1399/473/4 1421/471/4
f 1398/474/4 1421/471/4 1422/475/4
f 1397/476/4 1398/474/4 1422/475/4
f 1396/477/4 1397/476/4 1422/475/4
f 1395/448/4 1396/477/4 1422/475/4
f 1368/451/4 1395/448/4 1422/475/4
f 1368/451/4 1422/475/4 1314/478/4
f 1314/478/4 1422/475/4 1423/479/4
f 1368/451/4 1314/478/4 1315/480/4
f 1313/481/4 1314/478/4 1423/479/4
f 1367/482/4 1368/451/4 1315/480/4
f 1312/483/4 1313/481/4 1423/479/4
f 1312/483/4 1423/479/4 1424/484/4
f 1366/485/4 1367/482/4 1315/480/4
f 1365/486/4 1366/485/4 1315/480/4
f 1311/487/4 1312/483/4 1424/484/4
f 1364/488/4 1365/486/4 1315/480/4
f 1363/489/4 1364/488/4 1315/480/4
f 1362/490/4 1363/489/4 1315/480/4
f 1361/491/4 1362/490/4 1315/480/4
f 1360/492/4 1361/491/4 1315/480/4
f 1359/493/4 1360/492/4 1315/480/4
f 1358/494/4 1359/493/4 1315/480/4
f 1357/495/4 1358/494/4 1315/480/4
f 1356/496/4 1357/495/4 1315/480/4
f 1355/497/4 1356/496/4 1315/480/4
f 1354/39/4 1355/497/4 1315/480/4
f 1311/487/4 1424/484/4 1425/498/4
f 1310/499/4 1311/487/4 1425/498/4
f 1354/39/4 1315/480/4 1353/500/4
f 1353/500/4 1315/480/4 1316/501/4
f 1309/502/4 1310/499/4 1425/498/4
f 1309/502/4 1425/498/4 1426/503/4
f 1352/504/4 1353/500/4 1316/501/4
f 1308/505/4 1309/502/4 1426/503/4
f 1352/504/4 1316/501/4 1317/506/4
f 1308/505/4 1426/503/4 1427/507/4
f 1307/508/4 1308/505/4 1427/507/4
f 1306/509/4 1307/508/4 1427/507/4
f 1306/509/4 1427/507/4 1428/510/4
f 1352/504/4 1317/506/4 1318/511/4
f 1305/512/4 1306/509/4 1428/510/4
f 1305/512/4 1428/510/4 1429/513/4
f 1304/514/4 1305/512/4 1429/513/4
f 1352/504/4 1318/511/4 1319/515/4
f 1303/516/4 1304/514/4 1429/513/4
f 1303/516/4 1429/513/4 1430/517/4
f 1302/30/4 1303/516/4 1430/517/4
f 1302/30/4 1430/517/4 1431/518/4
f 1432/49/4 1302/30/4 1431/518/4
f 1352/504/4 1319/515/4 1320/519/4
f 1352/504/4 1320/519/4 1321/520/4
f 1352/504/4 1321/520/4 1322/521/4
f 1352/504/4 1322/521/4 1323/522/4
f 1352/504/4 1323/522/4 1324/523/4
f 1352/504/4 1324/523/4 1325/524/4
f 1352/504/4 1325/524/4 1326/525/4
f 1352/504/4 1326/525/4 1327/526/4
f 1352/504/4 1327/526/4 1328/4/4
f 1352/504/4 1328/4/4 1329/527/4
f 1352/504/4 1329/527/4 1330/528/4
f 1352/504/4 1330/528/4 1331/529/4
f 1351/530/4 1352/504/4 1331/529/4
f 1351/530/4 1331/529/4 1332/531/4
f 1350/532/4 1351/530/4 1332/531/4
f 1350/532/4 1332/531/4 1333/533/4
f 1349/534/4 1350/532/4 1333/533/4
f 1349/534/4 1333/533/4 1334/535/4
f 1348/536/4 1349/534/4 1334/535/4
f 1348/536/4 1334/535/4 1335/537/4
f 1347/538/4 1348/536/4 1335/537/4
f 1347/538/4 1335/537/4 1336/539/4
f 1346/540/4 1347/538/4 1336/539/4
f 1346/540/4 1336/539/4 1337/541/4
f 1345/542/4 1346/540/4 1337/541/4
f 1345/542/4 1337/541/4 1338/543/4
f 1344/544/4 1345/542/4 1338/543/4
f 1344/544/4 1338/543/4 1339/545/4
f 1343/546/4 1344/544/4 1339/545/4
f 1343/546/4 1339/545/4 1342/547/4
f 1342/547/4 1339/545/4 1341/548/4
f 1341/548/4 1339/545/4 1340/549/4
f 1547/550/4 1548/552/4 1549/551/4
f 1547/550/4 1549/551/4 1550/553/4
f 1547/550/4 1550/553/4 1551/554/4
f 1546/555/4 1547/550/4 1551/554/4
f 1546/555/4 1551/554/4 1552/295/4
f 1545/556/4 1546/555/4 1552/295/4
f 1545/556/4 1552/295/4 1553/557/4
f 1544/558/4 1545/556/4 1553/557/4
f 1521/559/4 1522/561/4 1523/560/4
f 1521/559/4 1523/560/4 1524/562/4
f 1544/558/4 1553/557/4 1554/563/4
f 1543/564/4 1544/558/4 1554/563/4
f 1521/559/4 1524/562/4 1525/565/4
f 1520/566/4 1521/559/4 1525/565/4
f 1543/564/4 1554/563/4 1555/567/4
f 1542/568/4 1543/564/4 1555/567/4
f 1520/566/4 1525/565/4 1526/569/4
f 1519/570/4 1520/566/4 1526/569/4
f 1541/571/4 1542/568/4 1555/567/4
f 1541/571/4 1555/567/4 1556/572/4
f 1519/570/4 1526/569/4 1527/573/4
f 1518/409/4 1519/570/4 1527/573/4
f 1540/574/4 1541/571/4 1556/572/4
f 1540/574/4 1556/572/4 1557/575/4
f 1518/409/4 1527/573/4 1528/576/4
f 1517/577/4 1518/409/4 1528/576/4
f 1539/578/4 1540/574/4 1557/575/4
f 1539/578/4 1557/575/4 1558/579/4
f 1516/580/4 1517/577/4 1528/576/4
f 1516/580/4 1528/576/4 1529/581/4
f 1538/582/4 1539/578/4 1558/579/4
f 1538/582/4 1558/579/4 1559/583/4
f 1515/584/4 1516/580/4 1529/581/4
f 1515/584/4 1529/581/4 1530/585/4
f 1537/586/4 1538/582/4 1559/583/4
f 1537/586/4 1559/583/4 1560/587/4
f 1514/588/4 1515/584/4 1530/585/4
f 1514/588/4 1530/585/4 1531/589/4
f 1536/590/4 1537/586/4 1560/587/4
f 1536/590/4 1560/587/4 1535/56/4
f 1513/591/4 1514/588/4 1531/589/4
f 1513/591/4 1531/589/4 1532/592/4
f 1512/593/4 1513/591/4 1532/592/4
f 1512/593/4 1532/592/4 1533/594/4
f 1511/595/4 1512/593/4 1533/594/4
f 1511/595/4 1533/594/4 1534/596/4
f 1510/597/4 1511/595/4 1534/596/4
f 1510/597/4 1534/596/4 1509/598/4
f 1573/599/4 1574/601/4 1575/600/4
f 1573/599/4 1575/600/4 1576/602/4
f 1573/599/4 1576/602/4 1577/603/4
f 1573/599/4 1577/603/4 1578/604/4
f 1573/599/4 1578/604/4 1579/605/4
f 1573/599/4 1579/605/4 1580/606/4
f 1572/607/4 1573/599/4 1580/606/4
f 1572/607/4 1580/606/4 1581/608/4
f 1571/609/4 1572/607/4 1581/608/4
f 1571/609/4 1581/608/4 1582/610/4
f 1570/611/4 1571/609/4 1582/610/4
f 1570/611/4 1582/610/4 1583/612/4
f 1569/293/4 1570/611/4 1583/612/4
f 1569/293/4 1583/612/4 1584/613/4
f 1568/614/4 1569/293/4 1584/613/4
f 1568/614/4 1584/613/4 1585/615/4
f 1567/616/4 1568/614/4 1585/615/4
f 1567/616/4 1585/615/4 1586/49/4
f 1566/617/4 1567/616/4 1586/49/4
f 1566/617/4 1586/49/4 1565/618/4
f 1565/618/4 1586/49/4 1564/619/4
f 1564/619/4 1586/49/4 1563/620/4
f 1563/620/4 1586/49/4 1562/621/4
f 1562/621/4 1586/49/4 1561/622/4
f 1495/623/4 1496/625/4 1497/624/4
f 1443/626/4 1444/628/4 1445/627/4
f 1495/623/4 1497/624/4 1498/629/4
f 1495/623/4 1498/629/4 1499/630/4
f 1495/623/4 1499/630/4 1500/631/4
f 1442/632/4 1443/626/4 1445/627/4
f 1495/623/4 1500/631/4 1501/393/4
f 1495/623/4 1501/393/4 1502/633/4
f 1495/623/4 1502/633/4 1503/634/4
f 1494/635/4 1495/623/4 1503/634/4
f 1493/636/4 1494/635/4 1503/634/4
f 1441/637/4 1442/632/4 1445/627/4
f 1493/636/4 1503/634/4 1504/638/4
f 1492/639/4 1493/636/4 1504/638/4
f 1441/637/4 1445/627/4 1446/640/4
f 1492/639/4 1504/638/4 1505/641/4
f 1491/642/4 1492/639/4 1505/641/4
f 1491/642/4 1505/641/4 1506/643/4
f 1490/644/4 1491/642/4 1506/643/4
f 1440/645/4 1441/637/4 1446/640/4
f 1490/644/4 1506/643/4 1507/646/4
f 1489/647/4 1490/644/4 1507/646/4
f 1440/645/4 1446/640/4 1447/648/4
f 1489/647/4 1507/646/4 1508/649/4
f 1488/650/4 1489/647/4 1508/649/4
f 1488/650/4 1508/649/4 1487/651/4
f 1487/651/4 1508/649/4 1486/652/4
f 1486/652/4 1508/649/4 1485/653/4
f 1485/653/4 1508/649/4 1484/26/4
f 1484/26/4 1508/649/4 1483/654/4
f 1439/655/4 1440/645/4 1447/648/4
f 1439/655/4 1447/648/4 1448/656/4
f 1438/657/4 1439/655/4 1448/656/4
f 1438/657/4 1448/656/4 1449/658/4
f 1437/659/4 1438/657/4 1449/658/4
f 1437/659/4 1449/658/4 1450/237/4
f 1436/660/4 1437/659/4 1450/237/4
f 1436/660/4 1450/237/4 1451/661/4
f 1435/662/4 1436/660/4 1451/661/4
f 1435/662/4 1451/661/4 1452/663/4
f 1434/664/4 1435/662/4 1452/663/4
f 1434/664/4 1452/663/4 1453/665/4
f 1433/30/4 1434/664/4 1453/665/4
f 1433/30/4 1453/665/4 1454/666/4
f 1482/667/4 1433/30/4 1454/666/4
f 1482/667/4 1454/666/4 1455/668/4
f 1481/669/4 1482/667/4 1455/668/4
f 1480/670/4 1481/669/4 1455/668/4
f 1480/670/4 1455/668/4 1456/671/4
f 1479/672/4 1480/670/4 1456/671/4
f 1478/673/4 1479/672/4 1456/671/4
f 1478/673/4 1456/671/4 1457/674/4
f 1477/675/4 1478/673/4 1457/674/4
f 1476/676/4 1477/675/4 1457/674/4
f 1475/677/4 1476/676/4 1457/674/4
f 1475/677/4 1457/674/4 1458/678/4
f 1474/679/4 1475/677/4 1458/678/4
f 1474/679/4 1458/678/4 1459/680/4
f 1473/681/4 1474/679/4 1459/680/4
f 1472/682/4 1473/681/4 1459/680/4
f 1472/682/4 1459/680/4 1460/683/4
f 1471/684/4 1472/682/4 1460/683/4
f 1470/685/4 1471/684/4 1460/683/4
f 1470/685/4 1460/683/4 1461/686/4
f 1469/687/4 1470/685/4 1461/686/4
f 1469/687/4 1461/686/4 1462/688/4
f 1469/687/4 1462/688/4 1463/689/4
f 1469/687/4 1463/689/4 1464/690/4
f 1469/687/4 1464/690/4 1465/691/4
f 1469/687/4 1465/691/4 1466/692/4
f 1469/687/4 1466/692/4 1467/333/4
f 1469/687/4 1467/333/4 1468/693/4
s 1
f 1588/694/9 1592/695/10 1591/508/11 1587/30/12
f 1589/696/13 1593/697/14 1592/695/10 1588/694/9
f 1590/698/15 1594/699/16 1593/697/14 1589/696/13
f 1592/695/10 1596/700/17 1595/483/18 1591/508/11
f 1593/697/14 1597/701/19 1596/700/17 1592/695/10
f 1594/699/16 1598/702/20 1597/701/19 1593/697/14
f 1596/700/17 1600/703/21 1599/506/22 1595/483/18
f 1597/701/19 1601/704/23 1600/703/21 1596/700/17
f 1598/702/20 1602/705/24 1601/704/23 1597/701/19
f 1600/703/21 1604/706/25 1603/521/26 1599/506/22
f 1601/704/23 1605/707/27 1604/706/25 1600/703/21
f 1602/705/24 1606/708/28 1605/707/27 1601/704/23
f 1604/706/25 1608/709/29 1607/526/30 1603/521/26
f 1605/707/27 1609/710/31 1608/709/29 1604/706/25
f 1606/708/28 1610/711/32 1609/710/31 1605/707/27
f 1608/709/29 1612/712/33 1611/531/34 1607/526/30
f 1609/710/31 1613/713/35 1612/712/33 1608/709/29
f 1610/711/32 1614/714/36 1613/713/35 1609/710/31
f 1612/712/33 1616/715/37 1615/541/38 1611/531/34
f 1613/713/35 1617/716/39 1616/715/37 1612/712/33
f 1614/714/36 1618/717/40 1617/716/39 1613/713/35
f 1616/715/37 1620/718/41 1619/547/42 1615/541/38
f 1617/716/39 1621/719/43 1620/718/41 1616/715/37
f 1618/717/40 1622/720/44 1621/719/43 1617/716/39
f 1620/718/41 1624/721/45 1623/538/46 1619/547/42
f 1621/719/43 1625/722/47 1624/721/45 1620/718/41
f 1622/720/44 1626/723/48 1625/722/47 1621/719/43
f 1624/721/45 1628/724/49 1627/504/50 1623/538/46
f 1625/722/47 1629/725/51 1628/724/49 1624/721/45
f 1626/723/48 1630/726/52 1629/725/51 1625/722/47
f 1628/724/49 1632/727/53 1631/495/54 1627/504/50
f 1629/725/51 1633/728/55 1632/727/53 1628/724/49
f 1630/726/52 1634/729/56 1633/728/55 1629/725/51
f 1632/727/53 1636/730/57 1635/490/58 1631/495/54
f 1633/728/55 1637/731/59 1636/730/57 1632/727/53
f 1634/729/56 1638/732/60 1637/731/59 1633/728/55
f 1636/730/57 1640/733/61 1639/482/62 1635/490/58
f 1637/731/59 1641/734/63 1640/733/61 1636/730/57
f 1638/732/60 1642/735/64 1641/734/63 1637/731/59
f 1640/733/61 1644/736/65 1643/445/66 1639/482/62
f 1641/734/63 1645/737/67 1644/736/65 1640/733/61
f 1642/735/64 1646/738/68 1645/737/67 1641/734/63
f 1644/736/65 1648/739/69 1647/436/70 1643/445/66
f 1645/737/67 1649/740/71 1648/739/69 1644/736/65
f 1646/738/68 1650/741/72 1649/740/71 1645/737/67
f 1648/739/69 1652/742/73 1651/427/74 1647/436/70
f 1649/740/71 1653/743/75 1652/742/73 1648/739/69
f 1650/741/72 1654/744/76 1653/743/75 1649/740/71
f 1652/742/73 1656/745/77 1655/431/78 1651/427/74
f 1653/743/75 1657/746/79 1656/745/77 1652/742/73
f 1654/744/76 1658/747/80 1657/746/79 1653/743/75
f 1656/745/77 1660/748/81 1659/441/82 1655/431/78
f 1657/746/79 1661/749/83 1660/748/81 1656/745/77
f 1658/747/80 1662/750/84 1661/749/83 1657/746/79
f 1660/748/81 1664/751/85 1663/476/86 1659/441/82
f 1661/749/83 1665/752/87 1664/751/85 1660/748/81
f 1662/750/84 1666/753/88 1665/752/87 1661/749/83
f 1664/751/85 1668/754/89 1667/469/90 1663/476/86
f 1665/752/87 1669/755/91 1668/754/89 1664/751/85
f 1666/753/88 1670/756/92 1669/755/91 1665/752/87
f 1668/754/89 1672/757/93 1671/465/94 1667/469/90
f 1669/755/91 1673/758/95 1672/757/93 1668/754/89
f 1670/756/92 1674/759/96 1673/758/95 1669/755/91
f 1672/757/93 1676/760/97 1675/460/98 1671/465/94
f 1673/758/95 1677/761/99 1676/760/97 1672/757/93
f 1674/759/96 1678/762/100 1677/761/99 1673/758/95
f 1676/760/97 1680/763/101 1679/455/102 1675/460/98
f 1677/761/99 1681/764/103 1680/763/101 1676/760/97
f 1678/762/100 1682/765/104 1681/764/103 1677/761/99
f 1680/763/101 1684/766/105 1683/475/106 1679/455/102
f 1681/764/103 1685/767/107 1684/766/105 1680/763/101
f 1682/765/104 1686/768/108 1685/767/107 1681/764/103
f 1684/766/105 1688/769/109 1687/507/110 1683/475/106
f 1685/767/107 1689/770/111 1688/769/109 1684/766/105
f 1686/768/108 1690/771/112 1689/770/111 1685/767/107
f 1688/769/109 1588/772/9 1587/49/12 1687/507/110
f 1689/770/111 1589/773/13 1588/772/9 1688/769/109
f 1690/771/112 1590/774/15 1589/773/13 1689/770/111
f 1692/694/113 1696/695/114 1695/508/115 1691/30/116
f 1693/696/117 1697/697/118 1696/695/114 1692/694/113
f 1694/698/119 1698/699/120 1697/697/118 1693/696/117
f 1696/695/114 1700/700/121 1699/483/122 1695/508/115
f 1697/697/118 1701/701/123 1700/700/121 1696/695/114
f 1698/699/120 1702/702/124 1701/701/123 1697/697/118
f 1700/700/121 1704/703/125 1703/506/126 1699/483/122
f 1701/701/123 1705/704/127 1704/703/125 1700/700/121
f 1702/702/124 1706/705/128 1705/704/127 1701/701/123
f 1704/703/125 1708/706/129 1707/521/130 1703/506/126
f 1705/704/127 1709/707/131 1708/706/129 1704/703/125
f 1706/705/128 1710/708/132 1709/707/131 1705/704/127
f 1708/706/129 1712/709/133 1711/526/134 1707/521/130
f 1709/707/131 1713/710/135 1712/709/133 1708/706/129
f 1710/708/132 1714/711/136 1713/710/135 1709/707/131
f 1712/709/133 1716/712/137 1715/531/138 1711/526/134
f 1713/710/135 1717/713/139 1716/712/137 1712/709/133
f 1714/711/136 1718/714/140 1717/713/139 1713/710/135
f 1716/712/137 1720/715/141 1719/541/142 1715/531/138
f 1717/713/139 1721/716/143 1720/715/141 1716/712/137
f 1718/714/140 1722/717/144 1721/716/143 1717/713/139
f 1720/715/141 1724/718/145 1723/547/146 1719/541/142
f 1721/716/143 1725/719/147 1724/718/145 1720/715/141
f 1722/717/144 1726/720/148 1725/719/147 1721/716/143
f 1724/718/145 1728/721/149 1727/538/150 1723/547/146
f 1725/719/147 1729/722/151 1728/721/149 1724/718/145
f 1726/720/148 1730/723/152 1729/722/151 1725/719/147
f 1728/721/149 1732/724/153 1731/504/154 1727/538/150
f 1729/722/151 1733/725/155 1732/724/153 1728/721/149
f 1730/723/152 1734/726/156 1733/725/155 1729/722/151
f 1732/724/153 1736/727/157 1735/495/158 1731/504/154
f 1733/725/155 1737/728/159 1736/727/157 1732/724/153
f 1734/726/156 1738/729/160 1737/728/159 1733/725/155
f 1736/727/157 1740/730/161 1739/490/162 1735/495/158
f 1737/728/159 1741/731/163 1740/730/161 1736/727/157
f 1738/729/160 1742/732/164 1741/731/163 1737/728/159
f 1740/730/161 1744/733/165 1743/482/166 1739/490/162
f 1741/731/163 1745/734/167 1744/733/165 1740/730/161
f 1742/732/164 1746/735/168 1745/734/167 1741/731/163
f 1744/733/165 1748/736/169 1747/445/170 1743/482/166
f 1745/734/167 1749/737/171 1748/736/169 1744/733/165
f 1746/735/168 1750/738/172 1749/737/171 1745/734/167
f 1748/736/169 1752/739/173 1751/436/174 1747/445/170
f 1749/737/171 1753/740/175 1752/739/173 1748/736/169
f 1750/738/172 1754/741/176 1753/740/175 1749/737/171
f 1752/739/173 1756/742/177 1755/427/178 1751/436/174
f 1753/740/175 1757/743/179 1756/742/177 1752/739/173
f 1754/741/176 1758/744/180 1757/743/179 1753/740/175
f 1756/742/177 1760/745/181 1759/431/182 1755/427/178
f 1757/743/179 1761/746/183 1760/745/181 1756/742/177
f 1758/744/180 1762/747/184 1761/746/183 1757/743/179
f 1760/745/181 1764/748/185 1763/441/186 1759/431/182
f 1761/746/183 1765/749/187 1764/748/185 1760/745/181
f 1762/747/184 1766/750/188 1765/749/187 1761/746/183
f 1764/748/185 1768/751/189 1767/476/190 1763/441/186
f 1765/749/187 1769/752/191 1768/751/189 1764/748/185
f 1766/750/188 1770/753/192 1769/752/191 1765/749/187
f 1768/751/189 1772/754/193 1771/469/194 1767/476/190
f 1769/752/191 1773/755/195 1772/754/193 1768/751/189
f 1770/753/192 1774/756/196 1773/755/195 1769/752/191
f 1772/754/193 1776/757/197 1775/465/198 1771/469/194
f 1773/755/195 1777/758/199 1776/757/197 1772/754/193
f 1774/756/196 1778/759/200 1777/758/199 1773/755/195
f 1776/757/197 1780/760/201 1779/460/202 1775/465/198
f 1777/758/199 1781/761/203 1780/760/201 1776/757/197
f 1778/759/200 1782/762/204 1781/761/203 1777/758/199
f 1780/760/201 1784/763/205 1783/455/206 1779/460/202
f 1781/761/203 1785/764/207 1784/763/205 1780/760/201
f 1782/762/204 1786/765/208 1785/764/207 1781/761/203
f 1784/763/205 1788/766/209 1787/475/210 1783/455/206
f 1785/764/207 1789/767/211 1788/766/209 1784/763/205
f 1786/765/208 1790/768/212 1789/767/211 1785/764/207
f 1788/766/209 1792/769/213 1791/507/214 1787/475/210
f 1789/767/211 1793/770/215 1792/769/213 1788/766/209
f 1790/768/212 1794/771/216 1793/770/215 1789/767/211
f 1792/769/213 1692/772/113 1691/49/116 1791/507/214
f 1793/770/215 1693/773/117 1692/772/113 1792/769/213
f 1794/771/216 1694/774/119 1693/773/117 1793/770/215
f 1796/694/217 1800/695/218 1799/508/219 1795/30/220
f 1797/696/221 1801/697/222 1800/695/218 1796/694/217
f 1798/698/223 1802/699/224 1801/697/222 1797/696/221
f 1800/695/218 1804/700/225 1803/483/226 1799/508/219
f 1801/697/222 1805/701/227 1804/700/225 1800/695/218
f 1802/699/224 1806/702/228 1805/701/227 1801/697/222
f 1804/700/225 1808/703/229 1807/506/230 1803/483/226
f 1805/701/227 1809/704/231 1808/703/229 1804/700/225
f 1806/702/228 1810/705/232 1809/704/231 1805/701/227
f 1808/703/229 1812/706/233 1811/521/234 1807/506/230
f 1809/704/231 1813/707/235 1812/706/233 1808/703/229
f 1810/705/232 1814/708/236 1813/707/235 1809/704/231
f 1812/706/233 1816/709/237 1815/526/238 1811/521/234
f 1813/707/235 1817/710/239 1816/709/237 1812/706/233
f 1814/708/236 1818/711/240 1817/710/239 1813/707/235
f 1816/709/237 1820/712/241 1819/531/242 1815/526/238
f 1817/710/239 1821/713/243 1820/712/241 1816/709/237
f 1818/711/240 1822/714/244 1821/713/243 1817/710/239
f 1820/712/241 1824/715/245 1823/541/246 1819/531/242
f 1821/713/243 1825/716/247 1824/715/245 1820/712/241
f 1822/714/244 1826/717/248 1825/716/247 1821/713/243
f 1824/715/245 1828/718/249 1827/547/250 1823/541/246
f 1825/716/247 1829/719/251 1828/718/249 1824/715/245
f 1826/717/248 1830/720/252 1829/719/251 1825/716/247
f 1828/718/249 1832/721/253 1831/538/254 1827/547/250
f 1829/719/251 1833/722/255 1832/721/253 1828/718/249
f 1830/720/252 1834/723/256 1833/722/255 1829/719/251
f 1832/721/253 1836/724/257 1835/504/258 1831/538/254
f 1833/722/255 1837/725/259 1836/724/257 1832/721/253
f 1834/723/256 1838/726/260 1837/725/259 1833/722/255
f 1836/724/257 1840/727/261 1839/495/262 1835/504/258
f 1837/725/259 1841/728/263 1840/727/261 1836/724/257
f 1838/726/260 1842/729/264 1841/728/263 1837/725/259
f 1840/727/261 1844/730/265 1843/490/266 1839/495/262
f 1841/728/263 1845/731/267 1844/730/265 1840/727/261
f 1842/729/264 1846/732/268 1845/731/267 1841/728/263
f 1844/730/265 1848/733/269 1847/482/270 1843/490/266
f 1845/731/267 1849/734/271 1848/733/269 1844/730/265
f 1846/732/268 1850/735/272 1849/734/271 1845/731/267
f 1848/733/269 1852/736/273 1851/445/274 1847/482/270
f 1849/734/271 1853/737/275 1852/736/273 1848/733/269
f 1850/735/272 1854/738/276 1853/737/275 1849/734/271
f 1852/736/273 1856/739/277 1855/436/278 1851/445/274
f 1853/737/275 1857/740/279 1856/739/277 1852/736/273
f 1854/738/276 1858/741/280 1857/740/279 1853/737/275
f 1856/739/277 1860/742/281 1859/427/282 1855/436/278
f 1857/740/279 1861/743/283 1860/742/281 1856/739/277
f 1858/741/280 1862/744/284 1861/743/283 1857/740/279
f 1860/742/281 1864/745/285 1863/431/286 1859/427/282
f 1861/743/283 1865/746/287 1864/745/285 1860/742/281
f 1862/744/284 1866/747/288 1865/746/287 1861/743/283
f 1864/745/285 1868/748/289 1867/441/290 1863/431/286
f 1865/746/287 1869/749/291 1868/748/289 1864/745/285
f 1866/747/288 1870/750/292 1869/749/291 1865/746/287
f 1868/748/289 1872/751/293 1871/476/294 1867/441/290
f 1869/749/291 1873/752/295 1872/751/293 1868/748/289
f 1870/750/292 1874/753/296 1873/752/295 1869/749/291
f 1872/751/293 1876/754/297 1875/469/298 1871/476/294
f 1873/752/295 1877/755/299 1876/754/297 1872/751/293
f 1874/753/296 1878/756/300 1877/755/299 1873/752/295
f 1876/754/297 1880/757/301 1879/465/302 1875/469/298
f 1877/755/299 1881/758/303 1880/757/301 1876/754/297
f 1878/756/300 1882/759/304 1881/758/303 1877/755/299
f 1880/757/301 1884/760/305 1883/460/306 1879/465/302
f 1881/758/303 1885/761/307 1884/760/305 1880/757/301
f 1882/759/304 1886/762/308 1885/761/307 1881/758/303
f 1884/760/305 1888/763/309 1887/455/310 1883/460/306
f 1885/761/307 1889/764/311 1888/763/309 1884/760/305
f 1886/762/308 1890/765/312 1889/764/311 1885/761/307
f 1888/763/309 1892/766/313 1891/475/314 1887/455/310
f 1889/764/311 1893/767/315 1892/766/313 1888/763/309
f 1890/765/312 1894/768/316 1893/767/315 1889/764/311
f 1892/766/313 1896/769/317 1895/507/318 1891/475/314
f 1893/767/315 1897/770/319 1896/769/317 1892/766/313
f 1894/768/316 1898/771/320 1897/770/319 1893/767/315
f 1896/769/317 1796/772/217 1795/49/220 1895/507/318
f 1897/770/319 1797/773/221 1796/772/217 1896/769/317
f 1898/771/320 1798/774/223 1797/773/221 1897/770/319
f 1900/694/321 1904/775/322 1903/776/323 1899/30/324
f 1901/696/325 1905/777/326 1904/775/322 1900/694/321
f 1902/698/327 1906/778/328 1905/777/326 1901/696/325
f 1904/775/322 1908/779/329 1907/27/330 1903/776/323
f 1905/777/326 1909/780/331 1908/779/329 1904/775/322
f 1906/778/328 1910/781/332 1909/780/331 1905/777/326
f 1908/779/329 1912/782/333 1911/783/334 1907/27/330
f 1909/780/331 1913/784/335 1912/782/333 1908/779/329
f 1910/781/332 1914/785/336 1913/784/335 1909/780/331
f 1912/782/333 1916/786/337 1915/17/338 1911/783/334
f 1913/784/335 1917/787/339 1916/786/337 1912/782/333
f 1914/785/336 1918/788/340 1917/787/339 1913/784/335
f 1916/786/337 1920/789/341 1919/480/342 1915/17/338
f 1917/787/339 1921/790/343 1920/789/341 1916/786/337
f 1918/788/340 1922/791/344 1921/790/343 1917/787/339
f 1920/789/341 1924/792/345 1923/11/346 1919/480/342
f 1921/790/343 1925/793/347 1924/792/345 1920/789/341
f 1922/791/344 1926/794/348 1925/793/347 1921/790/343
f 1924/792/345 1928/795/349 1927/796/350 1923/11/346
f 1925/793/347 1929/797/351 1928/795/349 1924/792/345
f 1926/794/348 1930/798/352 1929/797/351 1925/793/347
f 1928/795/349 1932/799/353 1931/1/354 1927/796/350
f 1929/797/351 1933/800/355 1932/799/353 1928/795/349
f 1930/798/352 1934/801/356 1933/800/355 1929/797/351
f 1932/799/353 1936/802/357 1935/803/358 1931/1/354
f 1933/800/355 1937/804/359 1936/802/357 1932/799/353
f 1934/801/356 1938/805/360 1937/804/359 1933/800/355
f 1936/802/357 1940/806/361 1939/4/362 1935/803/358
f 1937/804/359 1941/807/363 1940/806/361 1936/802/357
f 1938/805/360 1942/808/364 1941/807/363 1937/804/359
f 1940/806/361 1944/809/365 1943/810/366 1939/4/362
f 1941/807/363 1945/811/367 1944/809/365 1940/806/361
f 1942/808/364 1946/812/368 1945/811/367 1941/807/363
f 1944/809/365 1948/813/369 1947/8/370 1943/810/366
f 1945/811/367 1949/814/371 1948/813/369 1944/809/365
f 1946/812/368 1950/815/372 1949/814/371 1945/811/367
f 1948/813/369 1952/816/373 1951/817/374 1947/8/370
f 1949/814/371 1953/818/375 1952/816/373 1948/813/369
f 1950/815/372 1954/819/376 1953/818/375 1949/814/371
f 1952/816/373 1956/820/377 1955/14/378 1951/817/374
f 1953/818/375 1957/821/379 1956/820/377 1952/816/373
f 1954/819/376 1958/822/380 1957/821/379 1953/818/375
f 1956/820/377 1960/823/381 1959/548/382 1955/14/378
f 1957/821/379 1961/824/383 1960/823/381 1956/820/377
f 1958/822/380 1962/825/384 1961/824/383 1957/821/379
f 1960/823/381 1964/826/385 1963/23/386 1959/548/382
f 1961/824/383 1965/827/387 1964/826/385 1960/823/381
f 1962/825/384 1966/828/388 1965/827/387 1961/824/383
f 1964/826/385 1968/829/389 1967/830/390 1963/23/386
f 1965/827/387 1969/831/391 1968/829/389 1964/826/385
f 1966/828/388 1970/832/392 1969/831/391 1965/827/387
f 1968/829/389 1972/833/393 1971/45/394 1967/830/390
f 1969/831/391 1973/834/395 1972/833/393 1968/829/389
f 1970/832/392 1974/835/396 1973/834/395 1969/831/391
f 1972/833/393 1976/836/397 1975/837/398 1971/45/394
f 1973/834/395 1977/838/399 1976/836/397 1972/833/393
f 1974/835/396 1978/839/400 1977/838/399 1973/834/395
f 1976/836/397 1980/840/401 1979/39/402 1975/837/398
f 1977/838/399 1981/841/403 1980/840/401 1976/836/397
f 1978/839/400 1982/842/404 1981/841/403 1977/838/399
f 1980/840/401 1984/843/405 1983/844/406 1979/39/402
f 1981/841/403 1985/845/407 1984/843/405 1980/840/401
f 1982/842/404 1986/846/408 1985/845/407 1981/841/403
f 1984/843/405 1988/847/409 1987/33/410 1983/844/406
f 1985/845/407 1989/848/411 1988/847/409 1984/843/405
f 1986/846/408 1990/849/412 1989/848/411 1985/845/407
f 1988/847/409 1992/850/413 1991/851/414 1987/33/410
f 1989/848/411 1993/852/415 1992/850/413 1988/847/409
f 1990/849/412 1994/853/416 1993/852/415 1989/848/411
f 1992/850/413 1996/854/417 1995/18/418 1991/851/414
f 1993/852/415 1997/855/419 1996/854/417 1992/850/413
f 1994/853/416 1998/856/420 1997/855/419 1993/852/415
f 1996/854/417 2000/733/421 1999/482/422 1995/18/418
f 1997/855/419 2001/734/423 2000/733/421 1996/854/417
f 1998/856/420 2002/735/424 2001/734/423 1997/855/419
f 2000/733/421 2004/857/425 2003/32/426 1999/482/422
f 2001/734/423 2005/858/427 2004/857/425 2000/733/421
f 2002/735/424 2006/859/428 2005/858/427 2001/734/423
f 2004/857/425 2008/860/429 2007/861/430 2003/32/426
f 2005/858/427 2009/862/431 2008/860/429 2004/857/425
f 2006/859/428 2010/863/432 2009/862/431 2005/858/427
f 2008/860/429 2012/864/433 2011/38/434 2007/861/430
f 2009/862/431 2013/865/435 2012/864/433 2008/860/429
f 2010/863/432 2014/866/436 2013/865/435 2009/862/431
f 2012/864/433 2016/867/437 2015/868/438 2011/38/434
f 2013/865/435 2017/869/439 2016/867/437 2012/864/433
f 2014/866/436 2018/870/440 2017/869/439 2013/865/435
f 2016/867/437 2020/871/441 2019/44/442 2015/868/438
f 2017/869/439 2021/872/443 2020/871/441 2016/867/437
f 2018/870/440 2022/873/444 2021/872/443 2017/869/439
f 2020/871/441 2024/874/445 2023/875/446 2019/44/442
f 2021/872/443 2025/876/447 2024/874/445 2020/871/441
f 2022/873/444 2026/877/448 2025/876/447 2021/872/443
f 2024/874/445 2028/878/449 2027/50/450 2023/875/446
f 2025/876/447 2029/879/451 2028/878/449 2024/874/445
f 2026/877/448 2030/880/452 2029/879/451 2025/876/447
f 2028/878/449 2032/881/453 2031/882/454 2027/50/450
f 2029/879/451 2033/883/455 2032/881/453 2028/878/449
f 2030/880/452 2034/884/456 2033/883/455 2029/879/451
f 2032/881/453 2036/885/457 2035/59/458 2031/882/454
f 2033/883/455 2037/886/459 2036/885/457 2032/881/453
f 2034/884/456 2038/887/460 2037/886/459 2033/883/455
f 2036/885/457 2040/888/461 2039/443/462 2035/59/458
f 2037/886/459 2041/889/463 2040/888/461 2036/885/457
f 2038/887/460 2042/890/464 2041/889/463 2037/886/459
f 2040/888/461 2044/891/465 2043/65/466 2039/443/462
f 2041/889/463 2045/892/467 2044/891/465 2040/888/461
f 2042/890/464 2046/893/468 2045/892/467 2041/889/463
f 2044/891/465 2048/894/469 2047/895/470 2043/65/466
f 2045/892/467 2049/896/471 2048/894/469 2044/891/465
f 2046/893/468 2050/897/472 2049/896/471 2045/892/467
f 2048/894/469 2052/898/473 2051/72/474 2047/895/470
f 2049/896/471 2053/899/475 2052/898/473 2048/894/469
f 2050/897/472 2054/900/476 2053/899/475 2049/896/471
f 2052/898/473 2056/901/477 2055/902/478 2051/72/474
f 2053/899/475 2057/903/479 2056/901/477 2052/898/473
f 2054/900/476 2058/904/480 2057/903/479 2053/899/475
f 2056/901/477 2060/905/481 2059/75/482 2055/902/478
f 2057/903/479 2061/906/483 2060/905/481 2056/901/477
f 2058/904/480 2062/907/484 2061/906/483 2057/903/479
f 2060/905/481 2064/908/485 2063/909/486 2059/75/482
f 2061/906/483 2065/910/487 2064/908/485 2060/905/481
f 2062/907/484 2066/911/488 2065/910/487 2061/906/483
f 2064/908/485 2068/912/489 2067/69/490 2063/909/486
f 2065/910/487 2069/913/491 2068/912/489 2064/908/485
f 2066/911/488 2070/914/492 2069/913/491 2065/910/487
f 2068/912/489 2072/915/493 2071/916/494 2067/69/490
f 2069/913/491 2073/917/495 2072/915/493 2068/912/489
f 2070/914/492 2074/918/496 2073/917/495 2069/913/491
f 2072/915/493 2076/919/497 2075/64/498 2071/916/494
f 2073/917/495 2077/920/499 2076/919/497 2072/915/493
f 2074/918/496 2078/921/500 2077/920/499 2073/917/495
f 2076/919/497 2080/922/501 2079/454/502 2075/64/498
f 2077/920/499 2081/923/503 2080/922/501 2076/919/497
f 2078/921/500 2082/924/504 2081/923/503 2077/920/499
f 2080/922/501 2084/925/505 2083/58/506 2079/454/502
f 2081/923/503 2085/926/507 2084/925/505 2080/922/501
f 2082/924/504 2086/927/508 2085/926/507 2081/923/503
f 2084/925/505 2088/928/509 2087/929/510 2083/58/506
f 2085/926/507 2089/930/511 2088/928/509 2084/925/505
f 2086/927/508 2090/931/512 2089/930/511 2085/926/507
f 2088/928/509 2092/932/513 2091/54/514 2087/929/510
f 2089/930/511 2093/933/515 2092/932/513 2088/928/509
f 2090/931/512 2094/934/516 2093/933/515 2089/930/511
f 2092/932/513 2096/935/517 2095/936/518 2091/54/514
f 2093/933/515 2097/937/519 2096/935/517 2092/932/513
f 2094/934/516 2098/938/520 2097/937/519 2093/933/515
f 2096/935/517 1900/772/321 1899/49/324 2095/936/518
f 2097/937/519 1901/773/325 1900/772/321 2096/935/517
f 2098/938/520 1902/774/327 1901/773/325 2097/937/519
f 2100/694/521 2104/695/522 2103/508/230 2099/30/523
f 2101/696/524 2105/697/525 2104/695/522 2100/694/521
f 2102/698/526 2106/699/232 2105/697/525 2101/696/524
f 2104/695/522 2108/700/527 2107/483/528 2103/508/230
f 2105/697/525 2109/701/529 2108/700/527 2104/695/522
f 2106/699/232 2110/702/530 2109/701/529 2105/697/525
f 2108/700/527 2112/703/531 2111/506/532 2107/483/528
f 2109/701/529 2113/704/533 2112/703/531 2108/700/527
f 2110/702/530 2114/705/534 2113/704/533 2109/701/529
f 2112/703/531 2116/706/535 2115/521/536 2111/506/532
f 2113/704/533 2117/707/537 2116/706/535 2112/703/531
f 2114/705/534 2118/708/538 2117/707/537 2113/704/533
f 2116/706/535 2120/709/539 2119/526/540 2115/521/536
f 2117/707/537 2121/710/541 2120/709/539 2116/706/535
f 2118/708/538 2122/711/542 2121/710/541 2117/707/537
f 2120/709/539 2124/712/543 2123/531/544 2119/526/540
f 2121/710/541 2125/713/545 2124/712/543 2120/709/539
f 2122/711/542 2126/714/546 2125/713/545 2121/710/541
f 2124/712/543 2128/715/547 2127/541/548 2123/531/544
f 2125/713/545 2129/716/549 2128/715/547 2124/712/543
f 2126/714/546 2130/717/550 2129/716/549 2125/713/545
f 2128/715/547 2132/718/551 2131/547/552 2127/541/548
f 2129/716/549 2133/719/553 2132/718/551 2128/715/547
f 2130/717/550 2134/720/554 2133/719/553 2129/716/549
f 2132/718/551 2136/721/555 2135/538/556 2131/547/552
f 2133/719/553 2137/722/557 2136/721/555 2132/718/551
f 2134/720/554 2138/723/558 2137/722/557 2133/719/553
f 2136/721/555 2140/724/559 2139/504/560 2135/538/556
f 2137/722/557 2141/725/561 2140/724/559 2136/721/555
f 2138/723/558 2142/726/562 2141/725/561 2137/722/557
f 2140/724/559 2144/727/563 2143/495/564 2139/504/560
f 2141/725/561 2145/728/565 2144/727/563 2140/724/559
f 2142/726/562 2146/729/566 2145/728/565 2141/725/561
f 2144/727/563 2148/730/567 2147/490/568 2143/495/564
f 2145/728/565 2149/731/569 2148/730/567 2144/727/563
f 2146/729/566 2150/732/570 2149/731/569 2145/728/565
f 2148/730/567 2152/733/571 2151/482/572 2147/490/568
f 2149/731/569 2153/734/573 2152/733/571 2148/730/567
f 2150/732/570 2154/735/574 2153/734/573 2149/731/569
f 2152/733/571 2156/736/575 2155/445/576 2151/482/572
f 2153/734/573 2157/737/577 2156/736/575 2152/733/571
f 2154/735/574 2158/738/578 2157/737/577 2153/734/573
f 2156/736/575 2160/739/579 2159/436/580 2155/445/576
f 2157/737/577 2161/740/581 2160/739/579 2156/736/575
f 2158/738/578 2162/741/582 2161/740/581 2157/737/577
f 2160/739/579 2164/742/583 2163/427/584 2159/436/580
f 2161/740/581 2165/743/585 2164/742/583 2160/739/579
f 2162/741/582 2166/744/586 2165/743/585 2161/740/581
f 2164/742/583 2168/745/587 2167/431/588 2163/427/584
f 2165/743/585 2169/746/589 2168/745/587 2164/742/583
f 2166/744/586 2170/747/590 2169/746/589 2165/743/585
f 2168/745/587 2172/748/591 2171/441/592 2167/431/588
f 2169/746/589 2173/749/593 2172/748/591 2168/745/587
f 2170/747/590 2174/750/594 2173/749/593 2169/746/589
f 2172/748/591 2176/751/595 2175/476/596 2171/441/592
f 2173/749/593 2177/752/597 2176/751/595 2172/748/591
f 2174/750/594 2178/753/598 2177/752/597 2173/749/593
f 2176/751/595 2180/754/599 2179/469/600 2175/476/596
f 2177/752/597 2181/755/601 2180/754/599 2176/751/595
f 2178/753/598 2182/756/602 2181/755/601 2177/752/597
f 2180/754/599 2184/757/603 2183/465/604 2179/469/600
f 2181/755/601 2185/758/605 2184/757/603 2180/754/599
f 2182/756/602 2186/759/606 2185/758/605 2181/755/601
f 2184/757/603 2188/760/607 2187/460/608 2183/465/604
f 2185/758/605 2189/761/609 2188/760/607 2184/757/603
f 2186/759/606 2190/762/610 2189/761/609 2185/758/605
f 2188/760/607 2192/763/611 2191/455/612 2187/460/608
f 2189/761/609 2193/764/613 2192/763/611 2188/760/607
f 2190/762/610 2194/765/614 2193/764/613 2189/761/609
f 2192/763/611 2196/766/615 2195/475/616 2191/455/612
f 2193/764/613 2197/767/617 2196/766/615 2192/763/611
f 2194/765/614 2198/768/618 2197/767/617 2193/764/613
f 2196/766/615 2200/769/619 2199/507/620 2195/475/616
f 2197/767/617 2201/770/621 2200/769/619 2196/766/615
f 2198/768/618 2202/771/622 2201/770/621 2197/767/617
f 2200/769/619 2100/772/521 2099/49/523 2199/507/620
f 2201/770/621 2101/773/524 2100/772/521 2200/769/619
f 2202/771/622 2102/774/526 2101/773/524 2201/770/621
f 2204/694/623 2208/939/624 2207/940/625 2203/30/626
f 2205/696/627 2209/941/628 2208/939/624 2204/694/623
f 2206/698/629 2210/942/630 2209/941/628 2205/696/627
f 2208/939/624 2212/943/631 2211/944/632 2207/940/625
f 2209/941/628 2213/945/633 2212/943/631 2208/939/624
f 2210/942/630 2214/946/634 2213/945/633 2209/941/628
f 2212/943/631 2216/947/635 2215/948/636 2211/944/632
f 2213/945/633 2217/949/637 2216/947/635 2212/943/631
f 2214/946/634 2218/950/638 2217/949/637 2213/945/633
f 2216/947/635 2220/951/639 2219/952/640 2215/948/636
f 2217/949/637 2221/953/641 2220/951/639 2216/947/635
f 2218/950/638 2222/954/642 2221/953/641 2217/949/637
f 2220/951/639 2224/955/643 2223/956/644 2219/952/640
f 2221/953/641 2225/957/645 2224/955/643 2220/951/639
f 2222/954/642 2226/958/646 2225/957/645 2221/953/641
f 2224/955/643 2228/959/647 2227/960/648 2223/956/644
f 2225/957/645 2229/961/649 2228/959/647 2224/955/643
f 2226/958/646 2230/962/650 2229/961/649 2225/957/645
f 2228/959/647 2232/963/651 2231/964/652 2227/960/648
f 2229/961/649 2233/965/653 2232/963/651 2228/959/647
f 2230/962/650 2234/966/654 2233/965/653 2229/961/649
f 2232/963/651 2236/967/655 2235/968/656 2231/964/652
f 2233/965/653 2237/969/657 2236/967/655 2232/963/651
f 2234/966/654 2238/970/658 2237/969/657 2233/965/653
f 2236/967/655 2240/971/659 2239/972/660 2235/968/656
f 2237/969/657 2241/973/661 2240/971/659 2236/967/655
f 2238/970/658 2242/974/662 2241/973/661 2237/969/657
f 2240/971/659 2244/975/663 2243/976/664 2239/972/660
f 2241/973/661 2245/977/665 2244/975/663 2240/971/659
f 2242/974/662 2246/978/666 2245/977/665 2241/973/661
f 2244/975/663 2248/979/667 2247/980/668 2243/976/664
f 2245/977/665 2249/981/669 2248/979/667 2244/975/663
f 2246/978/666 2250/982/670 2249/981/669 2245/977/665
f 2248/979/667 2252/983/671 2251/984/672 2247/980/668
f 2249/981/669 2253/985/673 2252/983/671 2248/979/667
f 2250/982/670 2254/986/672 2253/985/673 2249/981/669
f 2252/983/671 2256/987/674 2255/988/675 2251/984/672
f 2253/985/673 2257/989/676 2256/987/674 2252/983/671
f 2254/986/672 2258/990/677 2257/989/676 2253/985/673
f 2256/987/674 2260/991/678 2259/992/679 2255/988/675
f 2257/989/676 2261/993/680 2260/991/678 2256/987/674
f 2258/990/677 2262/994/681 2261/993/680 2257/989/676
f 2260/991/678 2264/995/682 2263/996/683 2259/992/679
f 2261/993/680 2265/997/684 2264/995/682 2260/991/678
f 2262/994/681 2266/998/685 2265/997/684 2261/993/680
f 2264/995/682 2268/999/686 2267/1000/687 2263/996/683
f 2265/997/684 2269/1001/688 2268/999/686 2264/995/682
f 2266/998/685 2270/1002/689 2269/1001/688 2265/997/684
f 2268/999/686 2272/1003/690 2271/1004/691 2267/1000/687
f 2269/1001/688 2273/1005/692 2272/1003/690 2268/999/686
f 2270/1002/689 2274/1006/693 2273/1005/692 2269/1001/688
f 2272/1003/690 2276/1007/694 2275/1008/695 2271/1004/691
f 2273/1005/692 2277/1009/696 2276/1007/694 2272/1003/690
f 2274/1006/693 2278/1010/697 2277/1009/696 2273/1005/692
f 2276/1007/694 2280/1011/698 2279/1012/699 2275/1008/695
f 2277/1009/696 2281/1013/700 2280/1011/698 2276/1007/694
f 2278/1010/697 2282/1014/701 2281/1013/700 2277/1009/696
f 2280/1011/698 2284/1015/702 2283/1016/703 2279/1012/699
f 2281/1013/700 2285/1017/704 2284/1015/702 2280/1011/698
f 2282/1014/701 2286/1018/705 2285/1017/704 2281/1013/700
f 2284/1015/702 2288/1019/706 2287/1020/707 2283/1016/703
f 2285/1017/704 2289/1021/708 2288/1019/706 2284/1015/702
f 2286/1018/705 2290/1022/709 2289/1021/708 2285/1017/704
f 2288/1019/706 2292/1023/710 2291/1024/711 2287/1020/707
f 2289/1021/708 2293/1025/712 2292/1023/710 2288/1019/706
f 2290/1022/709 2294/1026/713 2293/1025/712 2289/1021/708
f 2292/1023/710 2296/1027/714 2295/1028/715 2291/1024/711
f 2293/1025/712 2297/1029/716 2296/1027/714 2292/1023/710
f 2294/1026/713 2298/1030/717 2297/1029/716 2293/1025/712
f 2296/1027/714 2300/1031/718 2299/1032/719 2295/1028/715
f 2297/1029/716 2301/1033/720 2300/1031/718 2296/1027/714
f 2298/1030/717 2302/1034/721 2301/1033/720 2297/1029/716
f 2300/1031/718 2304/1035/722 2303/1036/723 2299/1032/719
f 2301/1033/720 2305/1037/724 2304/1035/722 2300/1031/718
f 2302/1034/721 2306/1038/725 2305/1037/724 2301/1033/720
f 2304/1035/722 2308/1039/726 2307/1040/727 2303/1036/723
f 2305/1037/724 2309/1041/728 2308/1039/726 2304/1035/722
f 2306/1038/725 2310/1042/729 2309/1041/728 2305/1037/724
f 2308/1039/726 2312/1043/730 2311/1044/731 2307/1040/727
f 2309/1041/728 2313/1045/732 2312/1043/730 2308/1039/726
f 2310/1042/729 2314/1046/733 2313/1045/732 2309/1041/728
f 2312/1043/730 2316/1047/734 2315/1048/735 2311/1044/731
f 2313/1045/732 2317/1049/736 2316/1047/734 2312/1043/730
f 2314/1046/733 2318/1050/737 2317/1049/736 2313/1045/732
f 2316/1047/734 2320/1051/738 2319/1052/739 2315/1048/735
f 2317/1049/736 2321/1053/740 2320/1051/738 2316/1047/734
f 2318/1050/737 2322/1054/741 2321/1053/740 2317/1049/736
f 2320/1051/738 2324/1055/742 2323/1056/743 2319/1052/739
f 2321/1053/740 2325/1057/744 2324/1055/742 2320/1051/738
f 2322/1054/741 2326/1058/745 2325/1057/744 2321/1053/740
f 2324/1055/742 2328/1059/746 2327/1060/747 2323/1056/743
f 2325/1057/744 2329/1061/748 2328/1059/746 2324/1055/742
f 2326/1058/745 2330/1062/749 2329/1061/748 2325/1057/744
f 2328/1059/746 2332/1063/750 2331/1064/751 2327/1060/747
f 2329/1061/748 2333/1065/752 2332/1063/750 2328/1059/746
f 2330/1062/749 2334/1066/753 2333/1065/752 2329/1061/748
f 2332/1063/750 2336/1067/754 2335/1068/755 2331/1064/751
f 2333/1065/752 2337/1069/756 2336/1067/754 2332/1063/750
f 2334/1066/753 2338/1070/757 2337/1069/756 2333/1065/752
f 2336/1067/754 2340/1071/758 2339/1072/759 2335/1068/755
f 2337/1069/756 2341/1073/760 2340/1071/758 2336/1067/754
f 2338/1070/757 2342/1074/761 2341/1073/760 2337/1069/756
f 2340/1071/758 2344/1075/762 2343/1076/763 2339/1072/759
f 2341/1073/760 2345/1077/764 2344/1075/762 2340/1071/758
f 2342/1074/761 2346/1078/765 2345/1077/764 2341/1073/760
f 2344/1075/762 2348/1079/766 2347/1080/767 2343/1076/763
f 2345/1077/764 2349/1081/768 2348/1079/766 2344/1075/762
f 2346/1078/765 2350/1082/769 2349/1081/768 2345/1077/764
f 2348/1079/766 2352/1083/770 2351/1084/771 2347/1080/767
f 2349/1081/768 2353/1085/772 2352/1083/770 2348/1079/766
f 2350/1082/769 2354/1086/773 2353/1085/772 2349/1081/768
f 2352/1083/770 2356/1087/774 2355/1088/775 2351/1084/771
f 2353/1085/772 2357/1089/776 2356/1087/774 2352/1083/770
f 2354/1086/773 2358/1090/777 2357/1089/776 2353/1085/772
f 2356/1087/774 2360/1091/778 2359/1092/779 2355/1088/775
f 2357/1089/776 2361/1093/780 2360/1091/778 2356/1087/774
f 2358/1090/777 2362/1094/781 2361/1093/780 2357/1089/776
f 2360/1091/778 2364/1095/782 2363/1096/783 2359/1092/779
f 2361/1093/780 2365/1097/784 2364/1095/782 2360/1091/778
f 2362/1094/781 2366/1098/785 2365/1097/784 2361/1093/780
f 2364/1095/782 2368/1099/786 2367/1100/787 2363/1096/783
f 2365/1097/784 2369/1101/788 2368/1099/786 2364/1095/782
f 2366/1098/785 2370/1102/789 2369/1101/788 2365/1097/784
f 2368/1099/786 2372/1103/790 2371/1104/791 2367/1100/787
f 2369/1101/788 2373/1105/792 2372/1103/790 2368/1099/786
f 2370/1102/789 2374/1106/793 2373/1105/792 2369/1101/788
f 2372/1103/790 2376/1107/794 2375/1108/795 2371/1104/791
f 2373/1105/792 2377/1109/796 2376/1107/794 2372/1103/790
f 2374/1106/793 2378/1110/797 2377/1109/796 2373/1105/792
f 2376/1107/794 2380/1111/798 2379/1112/799 2375/1108/795
f 2377/1109/796 2381/1113/800 2380/1111/798 2376/1107/794
f 2378/1110/797 2382/1114/801 2381/1113/800 2377/1109/796
f 2380/1111/798 2384/1115/802 2383/1116/803 2379/1112/799
f 2381/1113/800 2385/1117/804 2384/1115/802 2380/1111/798
f 2382/1114/801 2386/1118/805 2385/1117/804 2381/1113/800
f 2384/1115/802 2388/1119/806 2387/1120/807 2383/1116/803
f 2385/1117/804 2389/1121/808 2388/1119/806 2384/1115/802
f 2386/1118/805 2390/1122/809 2389/1121/808 2385/1117/804
f 2388/1119/806 2392/1123/810 2391/1124/811 2387/1120/807
f 2389/1121/808 2393/1125/812 2392/1123/810 2388/1119/806
f 2390/1122/809 2394/1126/813 2393/1125/812 2389/1121/808
f 2392/1123/810 2396/1127/814 2395/1128/815 2391/1124/811
f 2393/1125/812 2397/1129/816 2396/1127/814 2392/1123/810
f 2394/1126/813 2398/1130/817 2397/1129/816 2393/1125/812
f 2396/1127/814 2400/1131/818 2399/1132/819 2395/1128/815
f 2397/1129/816 2401/1133/820 2400/1131/818 2396/1127/814
f 2398/1130/817 2402/1134/821 2401/1133/820 2397/1129/816
f 2400/1131/818 2404/1135/822 2403/1136/823 2399/1132/819
f 2401/1133/820 2405/1137/824 2404/1135/822 2400/1131/818
f 2402/1134/821 2406/1138/825 2405/1137/824 2401/1133/820
f 2404/1135/822 2408/1139/826 2407/1140/827 2403/1136/823
f 2405/1137/824 2409/1141/828 2408/1139/826 2404/1135/822
f 2406/1138/825 2410/1142/829 2409/1141/828 2405/1137/824
f 2408/1139/826 2412/1143/830 2411/1144/831 2407/1140/827
f 2409/1141/828 2413/1145/832 2412/1143/830 2408/1139/826
f 2410/1142/829 2414/1146/833 2413/1145/832 2409/1141/828
f 2412/1143/830 2416/1147/834 2415/1148/835 2411/1144/831
f 2413/1145/832 2417/1149/836 2416/1147/834 2412/1143/830
f 2414/1146/833 2418/1150/837 2417/1149/836 2413/1145/832
f 2416/1147/834 2420/1151/838 2419/1152/839 2415/1148/835
f 2417/1149/836 2421/1153/840 2420/1151/838 2416/1147/834
f 2418/1150/837 2422/1154/841 2421/1153/840 2417/1149/836
f 2420/1151/838 2424/1155/842 2423/1156/843 2419/1152/839
f 2421/1153/840 2425/1157/844 2424/1155/842 2420/1151/838
f 2422/1154/841 2426/1158/845 2425/1157/844 2421/1153/840
f 2424/1155/842 2428/1159/846 2427/1160/847 2423/1156/843
f 2425/1157/844 2429/1161/848 2428/1159/846 2424/1155/842
f 2426/1158/845 2430/1162/849 2429/1161/848 2425/1157/844
f 2428/1159/846 2432/1163/850 2431/1164/851 2427/1160/847
f 2429/1161/848 2433/1165/852 2432/1163/850 2428/1159/846
f 2430/1162/849 2434/1166/853 2433/1165/852 2429/1161/848
f 2432/1163/850 2436/1167/854 2435/1168/855 2431/1164/851
f 2433/1165/852 2437/1169/856 2436/1167/854 2432/1163/850
f 2434/1166/853 2438/1170/857 2437/1169/856 2433/1165/852
f 2436/1167/854 2440/1171/858 2439/1172/859 2435/1168/855
f 2437/1169/856 2441/1173/860 2440/1171/858 2436/1167/854
f 2438/1170/857 2442/1174/861 2441/1173/860 2437/1169/856
f 2440/1171/858 2444/1175/862 2443/1176/863 2439/1172/859
f 2441/1173/860 2445/1177/864 2444/1175/862 2440/1171/858
f 2442/1174/861 2446/1178/865 2445/1177/864 2441/1173/860
f 2444/1175/862 2448/1179/866 2447/1180/867 2443/1176/863
f 2445/1177/864 2449/1181/868 2448/1179/866 2444/1175/862
f 2446/1178/865 2450/1182/869 2449/1181/868 2445/1177/864
f 2448/1179/866 2452/1183/870 2451/1184/871 2447/1180/867
f 2449/1181/868 2453/1185/872 2452/1183/870 2448/1179/866
f 2450/1182/869 2454/1186/873 2453/1185/872 2449/1181/868
f 2452/1183/870 2456/1187/874 2455/1188/875 2451/1184/871
f 2453/1185/872 2457/1189/876 2456/1187/874 2452/1183/870
f 2454/1186/873 2458/1190/877 2457/1189/876 2453/1185/872
f 2456/1187/874 2460/1191/878 2459/1192/879 2455/1188/875
f 2457/1189/876 2461/1193/880 2460/1191/878 2456/1187/874
f 2458/1190/877 2462/1194/881 2461/1193/880 2457/1189/876
f 2460/1191/878 2464/1195/882 2463/1196/883 2459/1192/879
f 2461/1193/880 2465/1197/884 2464/1195/882 2460/1191/878
f 2462/1194/881 2466/1198/885 2465/1197/884 2461/1193/880
f 2464/1195/882 2468/1199/886 2467/1200/887 2463/1196/883
f 2465/1197/884 2469/1201/888 2468/1199/886 2464/1195/882
f 2466/1198/885 2470/1202/889 2469/1201/888 2465/1197/884
f 2468/1199/886 2472/1203/890 2471/1204/891 2467/1200/887
f 2469/1201/888 2473/1205/892 2472/1203/890 2468/1199/886
f 2470/1202/889 2474/1206/893 2473/1205/892 2469/1201/888
f 2472/1203/890 2476/1207/894 2475/1208/895 2471/1204/891
f 2473/1205/892 2477/1209/896 2476/1207/894 2472/1203/890
f 2474/1206/893 2478/1210/897 2477/1209/896 2473/1205/892
f 2476/1207/894 2480/1211/898 2479/1212/899 2475/1208/895
f 2477/1209/896 2481/1213/900 2480/1211/898 2476/1207/894
f 2478/1210/897 2482/1214/901 2481/1213/900 2477/1209/896
f 2480/1211/898 2484/1215/902 2483/1216/903 2479/1212/899
f 2481/1213/900 2485/1217/904 2484/1215/902 2480/1211/898
f 2482/1214/901 2486/1218/905 2485/1217/904 2481/1213/900
f 2484/1215/902 2488/1219/906 2487/1220/907 2483/1216/903
f 2485/1217/904 2489/1221/908 2488/1219/906 2484/1215/902
f 2486/1218/905 2490/1222/909 2489/1221/908 2485/1217/904
f 2488/1219/906 2492/1223/910 2491/1224/911 2487/1220/907
f 2489/1221/908 2493/1225/912 2492/1223/910 2488/1219/906
f 2490/1222/909 2494/1226/913 2493/1225/912 2489/1221/908
f 2492/1223/910 2496/1227/914 2495/1228/915 2491/1224/911
f 2493/1225/912 2497/1229/916 2496/1227/914 2492/1223/910
f 2494/1226/913 2498/1230/917 2497/1229/916 2493/1225/912
f 2496/1227/914 2500/1231/918 2499/1232/919 2495/1228/915
f 2497/1229/916 2501/1233/920 2500/1231/918 2496/1227/914
f 2498/1230/917 2502/1234/921 2501/1233/920 2497/1229/916
f 2500/1231/918 2504/1235/922 2503/1236/923 2499/1232/919
f 2501/1233/920 2505/1237/924 2504/1235/922 2500/1231/918
f 2502/1234/921 2506/1238/925 2505/1237/924 2501/1233/920
f 2504/1235/922 2508/1239/926 2507/1240/927 2503/1236/923
f 2505/1237/924 2509/1241/928 2508/1239/926 2504/1235/922
f 2506/1238/925 2510/1242/929 2509/1241/928 2505/1237/924
f 2508/1239/926 2512/1243/930 2511/1244/931 2507/1240/927
f 2509/1241/928 2513/1245/932 2512/1243/930 2508/1239/926
f 2510/1242/929 2514/1246/933 2513/1245/932 2509/1241/928
f 2512/1243/930 2516/1247/934 2515/1248/935 2511/1244/931
f 2513/1245/932 2517/1249/936 2516/1247/934 2512/1243/930
f 2514/1246/933 2518/1250/937 2517/1249/936 2513/1245/932
f 2516/1247/934 2520/1251/938 2519/1252/939 2515/1248/935
f 2517/1249/936 2521/1253/940 2520/1251/938 2516/1247/934
f 2518/1250/937 2522/1254/941 2521/1253/940 2517/1249/936
f 2520/1251/938 2524/1255/942 2523/1256/943 2519/1252/939
f 2521/1253/940 2525/1257/944 2524/1255/942 2520/1251/938
f 2522/1254/941 2526/1258/945 2525/1257/944 2521/1253/940
f 2524/1255/942 2528/1259/946 2527/1260/947 2523/1256/943
f 2525/1257/944 2529/1261/948 2528/1259/946 2524/1255/942
f 2526/1258/945 2530/1262/949 2529/1261/948 2525/1257/944
f 2528/1259/946 2532/1263/950 2531/1264/951 2527/1260/947
f 2529/1261/948 2533/1265/952 2532/1263/950 2528/1259/946
f 2530/1262/949 2534/1266/953 2533/1265/952 2529/1261/948
f 2532/1263/950 2536/1267/954 2535/1268/955 2531/1264/951
f 2533/1265/952 2537/1269/956 2536/1267/954 2532/1263/950
f 2534/1266/953 2538/1270/957 2537/1269/956 2533/1265/952
f 2536/1267/954 2540/1271/958 2539/1272/959 2535/1268/955
f 2537/1269/956 2541/1273/960 2540/1271/958 2536/1267/954
f 2538/1270/957 2542/1274/961 2541/1273/960 2537/1269/956
f 2540/1271/958 2544/1275/962 2543/1276/963 2539/1272/959
f 2541/1273/960 2545/1277/964 2544/1275/962 2540/1271/958
f 2542/1274/961 2546/1278/965 2545/1277/964 2541/1273/960
f 2544/1275/962 2548/1279/966 2547/1280/967 2543/1276/963
f 2545/1277/964 2549/1281/968 2548/1279/966 2544/1275/962
f 2546/1278/965 2550/1282/969 2549/1281/968 2545/1277/964
f 2548/1279/966 2552/1283/970 2551/1284/971 2547/1280/967
f 2549/1281/968 2553/1285/972 2552/1283/970 2548/1279/966
f 2550/1282/969 2554/1286/973 2553/1285/972 2549/1281/968
f 2552/1283/970 2556/1287/974 2555/1288/975 2551/1284/971
f 2553/1285/972 2557/1289/976 2556/1287/974 2552/1283/970
f 2554/1286/973 2558/1290/977 2557/1289/976 2553/1285/972
f 2556/1287/974 2560/1291/978 2559/1292/979 2555/1288/975
f 2557/1289/976 2561/1293/980 2560/1291/978 2556/1287/974
f 2558/1290/977 2562/1294/981 2561/1293/980 2557/1289/976
f 2560/1291/978 2564/1295/982 2563/1296/983 2559/1292/979
f 2561/1293/980 2565/1297/984 2564/1295/982 2560/1291/978
f 2562/1294/981 2566/1298/985 2565/1297/984 2561/1293/980
f 2564/1295/982 2568/1299/986 2567/1300/987 2563/1296/983
f 2565/1297/984 2569/1301/988 2568/1299/986 2564/1295/982
f 2566/1298/985 2570/1302/989 2569/1301/988 2565/1297/984
f 2568/1299/986 2572/1303/990 2571/1304/991 2567/1300/987
f 2569/1301/988 2573/1305/992 2572/1303/990 2568/1299/986
f 2570/1302/989 2574/1306/993 2573/1305/992 2569/1301/988
f 2572/1303/990 2576/1307/994 2575/1308/995 2571/1304/991
f 2573/1305/992 2577/1309/996 2576/1307/994 2572/1303/990
f 2574/1306/993 2578/1310/997 2577/1309/996 2573/1305/992
f 2576/1307/994 2580/1311/998 2579/1312/999 2575/1308/995
f 2577/1309/996 2581/1313/1000 2580/1311/998 2576/1307/994
f 2578/1310/997 2582/1314/1001 2581/1313/1000 2577/1309/996
f 2580/1311/998 2584/1315/1002 2583/1316/1003 2579/1312/999
f 2581/1313/1000 2585/1317/1004 2584/1315/1002 2580/1311/998
f 2582/1314/1001 2586/1318/1005 2585/1317/1004 2581/1313/1000
f 2584/1315/1002 2588/1319/1006 2587/1320/1007 2583/1316/1003
f 2585/1317/1004 2589/1321/1008 2588/1319/1006 2584/1315/1002
f 2586/1318/1005 2590/1322/1009 2589/1321/1008 2585/1317/1004
f 2588/1319/1006 2592/1323/1010 2591/1324/1011 2587/1320/1007
f 2589/1321/1008 2593/1325/1012 2592/1323/1010 2588/1319/1006
f 2590/1322/1009 2594/1326/1013 2593/1325/1012 2589/1321/1008
f 2592/1323/1010 2596/1327/1014 2595/1328/1015 2591/1324/1011
f 2593/1325/1012 2597/1329/1016 2596/1327/1014 2592/1323/1010
f 2594/1326/1013 2598/1330/1017 2597/1329/1016 2593/1325/1012
f 2596/1327/1014 2600/1331/1018 2599/1332/1019 2595/1328/1015
f 2597/1329/1016 2601/1333/1020 2600/1331/1018 2596/1327/1014
f 2598/1330/1017 2602/1334/1021 2601/1333/1020 2597/1329/1016
f 2600/1331/1018 2604/1335/1022 2603/1336/1023 2599/1332/1019
f 2601/1333/1020 2605/1337/1024 2604/1335/1022 2600/1331/1018
f 2602/1334/1021 2606/1338/1025 2605/1337/1024 2601/1333/1020
f 2604/1335/1022 2608/1339/1026 2607/1340/1027 2603/1336/1023
f 2605/1337/1024 2609/1341/1028 2608/1339/1026 2604/1335/1022
f 2606/1338/1025 2610/1342/1029 2609/1341/1028 2605/1337/1024
f 2608/1339/1026 2612/1343/1030 2611/1344/1031 2607/1340/1027
f 2609/1341/1028 2613/1345/1032 2612/1343/1030 2608/1339/1026
f 2610/1342/1029 2614/1346/1033 2613/1345/1032 2609/1341/1028
f 2612/1343/1030 2616/1347/1034 2615/1348/1035 2611/1344/1031
f 2613/1345/1032 2617/1349/1036 2616/1347/1034 2612/1343/1030
f 2614/1346/1033 2618/1350/1037 2617/1349/1036 2613/1345/1032
f 2616/1347/1034 2620/1351/1038 2619/1352/1039 2615/1348/1035
f 2617/1349/1036 2621/1353/1040 2620/1351/1038 2616/1347/1034
f 2618/1350/1037 2622/1354/1041 2621/1353/1040 2617/1349/1036
f 2620/1351/1038 2624/1355/1042 2623/1356/1043 2619/1352/1039
f 2621/1353/1040 2625/1357/1044 2624/1355/1042 2620/1351/1038
f 2622/1354/1041 2626/1358/1045 2625/1357/1044 2621/1353/1040
f 2624/1355/1042 2628/1359/1046 2627/1360/1047 2623/1356/1043
f 2625/1357/1044 2629/1361/1048 2628/1359/1046 2624/1355/1042
f 2626/1358/1045 2630/1362/1049 2629/1361/1048 2625/1357/1044
f 2628/1359/1046 2632/1363/1050 2631/1364/1051 2627/1360/1047
f 2629/1361/1048 2633/1365/1052 2632/1363/1050 2628/1359/1046
f 2630/1362/1049 2634/1366/1053 2633/1365/1052 2629/1361/1048
f 2632/1363/1050 2636/1367/1054 2635/1368/1055 2631/1364/1051
f 2633/1365/1052 2637/1369/1056 2636/1367/1054 2632/1363/1050
f 2634/1366/1053 2638/1370/1057 2637/1369/1056 2633/1365/1052
f 2636/1367/1054 2640/1371/1058 2639/1372/1059 2635/1368/1055
f 2637/1369/1056 2641/1373/1060 2640/1371/1058 2636/1367/1054
f 2638/1370/1057 2642/1374/1061 2641/1373/1060 2637/1369/1056
f 2640/1371/1058 2644/1375/1062 2643/1376/1063 2639/1372/1059
f 2641/1373/1060 2645/1377/1064 2644/1375/1062 2640/1371/1058
f 2642/1374/1061 2646/1378/1065 2645/1377/1064 2641/1373/1060
f 2644/1375/1062 2648/1379/1066 2647/1380/1067 2643/1376/1063
f 2645/1377/1064 2649/1381/1068 2648/1379/1066 2644/1375/1062
f 2646/1378/1065 2650/1382/1069 2649/1381/1068 2645/1377/1064
f 2648/1379/1066 2652/1383/1070 2651/1384/1071 2647/1380/1067
f 2649/1381/1068 2653/1385/1072 2652/1383/1070 2648/1379/1066
f 2650/1382/1069 2654/1386/1073 2653/1385/1072 2649/1381/1068
f 2652/1383/1070 2656/1387/1074 2655/1388/1075 2651/1384/1071
f 2653/1385/1072 2657/1389/1076 2656/1387/1074 2652/1383/1070
f 2654/1386/1073 2658/1390/1077 2657/1389/1076 2653/1385/1072
f 2656/1387/1074 2660/1391/1078 2659/1392/1079 2655/1388/1075
f 2657/1389/1076 2661/1393/1080 2660/1391/1078 2656/1387/1074
f 2658/1390/1077 2662/1394/1081 2661/1393/1080 2657/1389/1076
f 2660/1391/1078 2664/1395/1082 2663/1396/1083 2659/1392/1079
f 2661/1393/1080 2665/1397/1084 2664/1395/1082 2660/1391/1078
f 2662/1394/1081 2666/1398/1085 2665/1397/1084 2661/1393/1080
f 2664/1395/1082 2668/1399/1086 2667/1400/1087 2663/1396/1083
f 2665/1397/1084 2669/1401/1088 2668/1399/1086 2664/1395/1082
f 2666/1398/1085 2670/1402/1089 2669/1401/1088 2665/1397/1084
f 2668/1399/1086 2672/1403/1090 2671/1404/1091 2667/1400/1087
f 2669/1401/1088 2673/1405/1092 2672/1403/1090 2668/1399/1086
f 2670/1402/1089 2674/1406/1093 2673/1405/1092 2669/1401/1088
f 2672/1403/1090 2676/1407/1094 2675/1408/1095 2671/1404/1091
f 2673/1405/1092 2677/1409/1096 2676/1407/1094 2672/1403/1090
f 2674/1406/1093 2678/1410/1097 2677/1409/1096 2673/1405/1092
f 2676/1407/1094 2680/1411/1098 2679/1412/1099 2675/1408/1095
f 2677/1409/1096 2681/1413/1100 2680/1411/1098 2676/1407/1094
f 2678/1410/1097 2682/1414/1101 2681/1413/1100 2677/1409/1096
f 2680/1411/1098 2684/1415/1102 2683/1416/1103 2679/1412/1099
f 2681/1413/1100 2685/1417/1104 2684/1415/1102 2680/1411/1098
f 2682/1414/1101 2686/1418/1105 2685/1417/1104 2681/1413/1100
f 2684/1415/1102 2688/1419/1106 2687/1420/1107 2683/1416/1103
f 2685/1417/1104 2689/1421/1108 2688/1419/1106 2684/1415/1102
f 2686/1418/1105 2690/1422/1109 2689/1421/1108 2685/1417/1104
f 2688/1419/1106 2692/1423/1110 2691/1424/1111 2687/1420/1107
f 2689/1421/1108 2693/1425/1112 2692/1423/1110 2688/1419/1106
f 2690/1422/1109 2694/1426/1113 2693/1425/1112 2689/1421/1108
f 2692/1423/1110 2696/1427/1114 2695/1428/1115 2691/1424/1111
f 2693/1425/1112 2697/1429/1116 2696/1427/1114 2692/1423/1110
f 2694/1426/1113 2698/1430/1117 2697/1429/1116 2693/1425/1112
f 2696/1427/1114 2700/1431/1118 2699/1432/1119 2695/1428/1115
f 2697/1429/1116 2701/1433/1120 2700/1431/1118 2696/1427/1114
f 2698/1430/1117 2702/1434/1121 2701/1433/1120 2697/1429/1116
f 2700/1431/1118 2704/1435/1122 2703/1436/1123 2699/1432/1119
f 2701/1433/1120 2705/1437/1124 2704/1435/1122 2700/1431/1118
f 2702/1434/1121 2706/1438/1125 2705/1437/1124 2701/1433/1120
f 2704/1435/1122 2708/1439/1126 2707/1440/1127 2703/1436/1123
f 2705/1437/1124 2709/1441/1128 2708/1439/1126 2704/1435/1122
f 2706/1438/1125 2710/1442/1129 2709/1441/1128 2705/1437/1124
f 2708/1439/1126 2712/1443/1130 2711/1444/1131 2707/1440/1127
f 2709/1441/1128 2713/1445/1132 2712/1443/1130 2708/1439/1126
f 2710/1442/1129 2714/1446/1133 2713/1445/1132 2709/1441/1128
f 2712/1443/1130 2716/1447/1134 2715/1448/1135 2711/1444/1131
f 2713/1445/1132 2717/1449/1136 2716/1447/1134 2712/1443/1130
f 2714/1446/1133 2718/1450/1137 2717/1449/1136 2713/1445/1132
f 2716/1447/1134 2720/1451/1138 2719/1452/1139 2715/1448/1135
f 2717/1449/1136 2721/1453/1140 2720/1451/1138 2716/1447/1134
f 2718/1450/1137 2722/1454/1141 2721/1453/1140 2717/1449/1136
f 2720/1451/1138 2724/1455/1142 2723/1456/1143 2719/1452/1139
f 2721/1453/1140 2725/1457/1144 2724/1455/1142 2720/1451/1138
f 2722/1454/1141 2726/1458/1145 2725/1457/1144 2721/1453/1140
f 2724/1455/1142 2204/772/623 2203/49/626 2723/1456/1143
f 2725/1457/1144 2205/773/627 2204/772/623 2724/1455/1142
f 2726/1458/1145 2206/774/629 2205/773/627 2725/1457/1144
f 2728/694/1146 2732/695/1147 2731/508/1148 2727/30/1149
f 2729/696/1150 2733/697/1151 2732/695/1147 2728/694/1146
f 2730/698/1152 2734/699/1153 2733/697/1151 2729/696/1150
f 2732/695/1147 2736/700/1154 2735/483/1155 2731/508/1148
f 2733/697/1151 2737/701/1156 2736/700/1154 2732/695/1147
f 2734/699/1153 2738/702/1157 2737/701/1156 2733/697/1151
f 2736/700/1154 2740/703/1158 2739/506/1159 2735/483/1155
f 2737/701/1156 2741/704/1160 2740/703/1158 2736/700/1154
f 2738/702/1157 2742/705/1161 2741/704/1160 2737/701/1156
f 2740/703/1158 2744/706/1162 2743/521/1163 2739/506/1159
f 2741/704/1160 2745/707/1164 2744/706/1162 2740/703/1158
f 2742/705/1161 2746/708/1165 2745/707/1164 2741/704/1160
f 2744/706/1162 2748/709/1166 2747/526/1167 2743/521/1163
f 2745/707/1164 2749/710/1168 2748/709/1166 2744/706/1162
f 2746/708/1165 2750/711/1169 2749/710/1168 2745/707/1164
f 2748/709/1166 2752/712/1170 2751/531/1171 2747/526/1167
f 2749/710/1168 2753/713/1172 2752/712/1170 2748/709/1166
f 2750/711/1169 2754/714/1173 2753/713/1172 2749/710/1168
f 2752/712/1170 2756/715/1174 2755/541/1175 2751/531/1171
f 2753/713/1172 2757/716/1176 2756/715/1174 2752/712/1170
f 2754/714/1173 2758/717/1177 2757/716/1176 2753/713/1172
f 2756/715/1174 2760/718/1178 2759/547/1179 2755/541/1175
f 2757/716/1176 2761/719/1180 2760/718/1178 2756/715/1174
f 2758/717/1177 2762/720/1181 2761/719/1180 2757/716/1176
f 2760/718/1178 2764/721/1182 2763/538/1183 2759/547/1179
f 2761/719/1180 2765/722/1184 2764/721/1182 2760/718/1178
f 2762/720/1181 2766/723/1185 2765/722/1184 2761/719/1180
f 2764/721/1182 2768/724/1186 2767/504/1187 2763/538/1183
f 2765/722/1184 2769/725/1188 2768/724/1186 2764/721/1182
f 2766/723/1185 2770/726/1189 2769/725/1188 2765/722/1184
f 2768/724/1186 2772/727/1190 2771/495/1191 2767/504/1187
f 2769/725/1188 2773/728/1192 2772/727/1190 2768/724/1186
f 2770/726/1189 2774/729/1193 2773/728/1192 2769/725/1188
f 2772/727/1190 2776/730/1194 2775/490/1195 2771/495/1191
f 2773/728/1192 2777/731/1196 2776/730/1194 2772/727/1190
f 2774/729/1193 2778/732/1197 2777/731/1196 2773/728/1192
f 2776/730/1194 2780/733/1198 2779/482/1199 2775/490/1195
f 2777/731/1196 2781/734/1200 2780/733/1198 2776/730/1194
f 2778/732/1197 2782/735/1201 2781/734/1200 2777/731/1196
f 2780/733/1198 2784/736/1202 2783/445/1203 2779/482/1199
f 2781/734/1200 2785/737/1204 2784/736/1202 2780/733/1198
f 2782/735/1201 2786/738/1205 2785/737/1204 2781/734/1200
f 2784/736/1202 2788/739/1206 2787/436/1207 2783/445/1203
f 2785/737/1204 2789/740/1208 2788/739/1206 2784/736/1202
f 2786/738/1205 2790/741/1209 2789/740/1208 2785/737/1204
f 2788/739/1206 2792/742/1210 2791/427/1211 2787/436/1207
f 2789/740/1208 2793/743/1212 2792/742/1210 2788/739/1206
f 2790/741/1209 2794/744/1213 2793/743/1212 2789/740/1208
f 2792/742/1210 2796/745/1214 2795/431/1215 2791/427/1211
f 2793/743/1212 2797/746/1216 2796/745/1214 2792/742/1210
f 2794/744/1213 2798/747/1217 2797/746/1216 2793/743/1212
f 2796/745/1214 2800/748/1218 2799/441/1219 2795/431/1215
f 2797/746/1216 2801/749/1220 2800/748/1218 2796/745/1214
f 2798/747/1217 2802/750/1221 2801/749/1220 2797/746/1216
f 2800/748/1218 2804/751/1222 2803/476/1223 2799/441/1219
f 2801/749/1220 2805/752/1224 2804/751/1222 2800/748/1218
f 2802/750/1221 2806/753/1225 2805/752/1224 2801/749/1220
f 2804/751/1222 2808/754/1226 2807/469/1227 2803/476/1223
f 2805/752/1224 2809/755/1228 2808/754/1226 2804/751/1222
f 2806/753/1225 2810/756/1229 2809/755/1228 2805/752/1224
f 2808/754/1226 2812/757/1230 2811/465/1231 2807/469/1227
f 2809/755/1228 2813/758/1232 2812/757/1230 2808/754/1226
f 2810/756/1229 2814/759/1233 2813/758/1232 2809/755/1228
f 2812/757/1230 2816/760/1234 2815/460/1235 2811/465/1231
f 2813/758/1232 2817/761/1236 2816/760/1234 2812/757/1230
f 2814/759/1233 2818/762/1237 2817/761/1236 2813/758/1232
f 2816/760/1234 2820/763/1238 2819/455/1239 2815/460/1235
f 2817/761/1236 2821/764/1240 2820/763/1238 2816/760/1234
f 2818/762/1237 2822/765/1241 2821/764/1240 2817/761/1236
f 2820/763/1238 2824/766/1242 2823/475/1243 2819/455/1239
f 2821/764/1240 2825/767/1244 2824/766/1242 2820/763/1238
f 2822/765/1241 2826/768/1245 2825/767/1244 2821/764/1240
f 2824/766/1242 2828/769/1246 2827/507/1247 2823/475/1243
f 2825/767/1244 2829/770/1248 2828/769/1246 2824/766/1242
f 2826/768/1245 2830/771/1249 2829/770/1248 2825/767/1244
f 2828/769/1246 2728/772/1146 2727/49/1149 2827/507/1247
f 2829/770/1248 2729/773/1150 2728/772/1146 2828/769/1246
f 2830/771/1249 2730/774/1152 2729/773/1150 2829/770/1248
f 2832/694/1250 2836/775/1251 2835/776/1252 2831/30/1253
f 2833/696/1254 2837/777/1255 2836/775/1251 2832/694/1250
f 2834/698/1256 2838/778/1257 2837/777/1255 2833/696/1254
f 2836/775/1251 2840/779/1258 2839/27/1259 2835/776/1252
f 2837/777/1255 2841/780/1260 2840/779/1258 2836/775/1251
f 2838/778/1257 2842/781/1261 2841/780/1260 2837/777/1255
f 2840/779/1258 2844/782/1262 2843/783/1263 2839/27/1259
f 2841/780/1260 2845/784/1264 2844/782/1262 2840/779/1258
f 2842/781/1261 2846/785/1265 2845/784/1264 2841/780/1260
f 2844/782/1262 2848/786/1266 2847/17/1267 2843/783/1263
f 2845/784/1264 2849/787/1268 2848/786/1266 2844/782/1262
f 2846/785/1265 2850/788/1269 2849/787/1268 2845/784/1264
f 2848/786/1266 2852/789/1270 2851/480/1271 2847/17/1267
f 2849/787/1268 2853/790/1272 2852/789/1270 2848/786/1266
f 2850/788/1269 2854/791/1273 2853/790/1272 2849/787/1268
f 2852/789/1270 2856/792/1274 2855/11/1275 2851/480/1271
f 2853/790/1272 2857/793/1276 2856/792/1274 2852/789/1270
f 2854/791/1273 2858/794/1277 2857/793/1276 2853/790/1272
f 2856/792/1274 2860/795/1278 2859/796/1279 2855/11/1275
f 2857/793/1276 2861/797/1280 2860/795/1278 2856/792/1274
f 2858/794/1277 2862/798/1281 2861/797/1280 2857/793/1276
f 2860/795/1278 2864/799/1282 2863/1/1283 2859/796/1279
f 2861/797/1280 2865/800/1284 2864/799/1282 2860/795/1278
f 2862/798/1281 2866/801/1285 2865/800/1284 2861/797/1280
f 2864/799/1282 2868/802/1286 2867/803/1287 2863/1/1283
f 2865/800/1284 2869/804/1288 2868/802/1286 2864/799/1282
f 2866/801/1285 2870/805/1289 2869/804/1288 2865/800/1284
f 2868/802/1286 2872/806/1290 2871/4/1291 2867/803/1287
f 2869/804/1288 2873/807/1292 2872/806/1290 2868/802/1286
f 2870/805/1289 2874/808/1293 2873/807/1292 2869/804/1288
f 2872/806/1290 2876/809/1294 2875/810/1295 2871/4/1291
f 2873/807/1292 2877/811/1296 2876/809/1294 2872/806/1290
f 2874/808/1293 2878/812/1297 2877/811/1296 2873/807/1292
f 2876/809/1294 2880/813/1298 2879/8/1299 2875/810/1295
f 2877/811/1296 2881/814/1300 2880/813/1298 2876/809/1294
f 2878/812/1297 2882/815/1301 2881/814/1300 2877/811/1296
f 2880/813/1298 2884/816/1302 2883/817/1303 2879/8/1299
f 2881/814/1300 2885/818/1304 2884/816/1302 2880/813/1298
f 2882/815/1301 2886/819/1305 2885/818/1304 2881/814/1300
f 2884/816/1302 2888/820/1306 2887/14/1307 2883/817/1303
f 2885/818/1304 2889/821/1308 2888/820/1306 2884/816/1302
f 2886/819/1305 2890/822/1309 2889/821/1308 2885/818/1304
f 2888/820/1306 2892/823/1310 2891/548/1311 2887/14/1307
f 2889/821/1308 2893/824/1312 2892/823/1310 2888/820/1306
f 2890/822/1309 2894/825/1313 2893/824/1312 2889/821/1308
f 2892/823/1310 2896/826/1314 2895/23/1315 2891/548/1311
f 2893/824/1312 2897/827/1316 2896/826/1314 2892/823/1310
f 2894/825/1313 2898/828/1317 2897/827/1316 2893/824/1312
f 2896/826/1314 2900/829/1318 2899/830/1319 2895/23/1315
f 2897/827/1316 2901/831/1320 2900/829/1318 2896/826/1314
f 2898/828/1317 2902/832/1321 2901/831/1320 2897/827/1316
f 2900/829/1318 2904/833/1322 2903/45/1323 2899/830/1319
f 2901/831/1320 2905/834/1324 2904/833/1322 2900/829/1318
f 2902/832/1321 2906/835/1325 2905/834/1324 2901/831/1320
f 2904/833/1322 2908/836/1326 2907/837/1327 2903/45/1323
f 2905/834/1324 2909/838/1328 2908/836/1326 2904/833/1322
f 2906/835/1325 2910/839/1329 2909/838/1328 2905/834/1324
f 2908/836/1326 2912/840/1330 2911/39/1331 2907/837/1327
f 2909/838/1328 2913/841/1332 2912/840/1330 2908/836/1326
f 2910/839/1329 2914/842/1333 2913/841/1332 2909/838/1328
f 2912/840/1330 2916/843/1334 2915/844/1335 2911/39/1331
f 2913/841/1332 2917/845/1336 2916/843/1334 2912/840/1330
f 2914/842/1333 2918/846/1337 2917/845/1336 2913/841/1332
f 2916/843/1334 2920/847/1338 2919/33/1339 2915/844/1335
f 2917/845/1336 2921/848/1340 2920/847/1338 2916/843/1334
f 2918/846/1337 2922/849/1341 2921/848/1340 2917/845/1336
f 2920/847/1338 2924/850/1342 2923/851/1343 2919/33/1339
f 2921/848/1340 2925/852/1344 2924/850/1342 2920/847/1338
f 2922/849/1341 2926/853/1345 2925/852/1344 2921/848/1340
f 2924/850/1342 2928/854/1346 2927/18/1347 2923/851/1343
f 2925/852/1344 2929/855/1348 2928/854/1346 2924/850/1342
f 2926/853/1345 2930/856/1349 2929/855/1348 2925/852/1344
f 2928/854/1346 2932/733/1350 2931/482/1351 2927/18/1347
f 2929/855/1348 2933/734/1352 2932/733/1350 2928/854/1346
f 2930/856/1349 2934/735/1353 2933/734/1352 2929/855/1348
f 2932/733/1350 2936/857/1354 2935/32/1355 2931/482/1351
f 2933/734/1352 2937/858/1356 2936/857/1354 2932/733/1350
f 2934/735/1353 2938/859/1357 2937/858/1356 2933/734/1352
f 2936/857/1354 2940/860/1358 2939/861/1359 2935/32/1355
f 2937/858/1356 2941/862/1360 2940/860/1358 2936/857/1354
f 2938/859/1357 2942/863/1361 2941/862/1360 2937/858/1356
f 2940/860/1358 2944/864/1362 2943/38/1363 2939/861/1359
f 2941/862/1360 2945/865/1364 2944/864/1362 2940/860/1358
f 2942/863/1361 2946/866/1365 2945/865/1364 2941/862/1360
f 2944/864/1362 2948/867/1366 2947/868/1367 2943/38/1363
f 2945/865/1364 2949/869/1368 2948/867/1366 2944/864/1362
f 2946/866/1365 2950/870/1369 2949/869/1368 2945/865/1364
f 2948/867/1366 2952/871/1370 2951/44/1371 2947/868/1367
f 2949/869/1368 2953/872/1372 2952/871/1370 2948/867/1366
f 2950/870/1369 2954/873/1373 2953/872/1372 2949/869/1368
f 2952/871/1370 2956/874/1374 2955/875/1375 2951/44/1371
f 2953/872/1372 2957/876/1376 2956/874/1374 2952/871/1370
f 2954/873/1373 2958/877/1377 2957/876/1376 2953/872/1372
f 2956/874/1374 2960/878/1378 2959/50/1379 2955/875/1375
f 2957/876/1376 2961/879/1380 2960/878/1378 2956/874/1374
f 2958/877/1377 2962/880/1381 2961/879/1380 2957/876/1376
f 2960/878/1378 2964/881/1382 2963/882/1383 2959/50/1379
f 2961/879/1380 2965/883/1384 2964/881/1382 2960/878/1378
f 2962/880/1381 2966/884/1385 2965/883/1384 2961/879/1380
f 2964/881/1382 2968/885/1386 2967/59/1387 2963/882/1383
f 2965/883/1384 2969/886/1388 2968/885/1386 2964/881/1382
f 2966/884/1385 2970/887/1389 2969/886/1388 2965/883/1384
f 2968/885/1386 2972/888/1390 2971/443/1391 2967/59/1387
f 2969/886/1388 2973/889/1392 2972/888/1390 2968/885/1386
f 2970/887/1389 2974/890/1393 2973/889/1392 2969/886/1388
f 2972/888/1390 2976/891/1394 2975/65/1395 2971/443/1391
f 2973/889/1392 2977/892/1396 2976/891/1394 2972/888/1390
f 2974/890/1393 2978/893/1397 2977/892/1396 2973/889/1392
f 2976/891/1394 2980/894/1398 2979/895/1399 2975/65/1395
f 2977/892/1396 2981/896/1400 2980/894/1398 2976/891/1394
f 2978/893/1397 2982/897/1401 2981/896/1400 2977/892/1396
f 2980/894/1398 2984/898/1402 2983/72/1403 2979/895/1399
f 2981/896/1400 2985/899/1404 2984/898/1402 2980/894/1398
f 2982/897/1401 2986/900/1405 2985/899/1404 2981/896/1400
f 2984/898/1402 2988/901/1406 2987/902/1407 2983/72/1403
f 2985/899/1404 2989/903/1408 2988/901/1406 2984/898/1402
f 2986/900/1405 2990/904/1409 2989/903/1408 2985/899/1404
f 2988/901/1406 2992/905/1410 2991/75/1411 2987/902/1407
f 2989/903/1408 2993/906/1412 2992/905/1410 2988/901/1406
f 2990/904/1409 2994/907/1413 2993/906/1412 2989/903/1408
f 2992/905/1410 2996/908/1414 2995/909/1415 2991/75/1411
f 2993/906/1412 2997/910/1416 2996/908/1414 2992/905/1410
f 2994/907/1413 2998/911/1417 2997/910/1416 2993/906/1412
f 2996/908/1414 3000/912/1418 2999/69/1419 2995/909/1415
f 2997/910/1416 3001/913/1420 3000/912/1418 2996/908/1414
f 2998/911/1417 3002/914/1421 3001/913/1420 2997/910/1416
f 3000/912/1418 3004/915/1422 3003/916/1423 2999/69/1419
f 3001/913/1420 3005/917/1424 3004/915/1422 3000/912/1418
f 3002/914/1421 3006/918/1425 3005/917/1424 3001/913/1420
f 3004/915/1422 3008/919/1426 3007/64/1427 3003/916/1423
f 3005/917/1424 3009/920/1428 3008/919/1426 3004/915/1422
f 3006/918/1425 3010/921/1429 3009/920/1428 3005/917/1424
f 3008/919/1426 3012/922/1430 3011/454/1431 3007/64/1427
f 3009/920/1428 3013/923/1432 3012/922/1430 3008/919/1426
f 3010/921/1429 3014/924/1433 3013/923/1432 3009/920/1428
f 3012/922/1430 3016/925/1434 3015/58/1435 3011/454/1431
f 3013/923/1432 3017/926/1436 3016/925/1434 3012/922/1430
f 3014/924/1433 3018/927/1437 3017/926/1436 3013/923/1432
f 3016/925/1434 3020/928/1438 3019/929/1439 3015/58/1435
f 3017/926/1436 3021/930/1440 3020/928/1438 3016/925/1434
f 3018/927/1437 3022/931/1441 3021/930/1440 3017/926/1436
f 3020/928/1438 3024/932/1442 3023/54/1443 3019/929/1439
f 3021/930/1440 3025/933/1444 3024/932/1442 3020/928/1438
f 3022/931/1441 3026/934/1445 3025/933/1444 3021/930/1440
f 3024/932/1442 3028/935/1446 3027/936/1447 3023/54/1443
f 3025/933/1444 3029/937/1448 3028/935/1446 3024/932/1442
f 3026/934/1445 3030/938/1449 3029/937/1448 3025/933/1444
f 3028/935/1446 2832/772/1250 2831/49/1253 3027/936/1447
f 3029/937/1448 2833/773/1254 2832/772/1250 3028/935/1446
f 3030/938/1449 2834/774/1256 2833/773/1254 3029/937/1448
f 3032/694/1450 3036/1459/1451 3035/1460/1452 3031/30/1453
f 3033/696/1454 3037/1461/1455 3036/1459/1451 3032/694/1450
f 3034/698/1456 3038/1462/1457 3037/1461/1455 3033/696/1454
f 3036/1459/1451 3040/1463/1458 3039/1464/1459 3035/1460/1452
f 3037/1461/1455 3041/1465/1460 3040/1463/1458 3036/1459/1451
f 3038/1462/1457 3042/1466/1461 3041/1465/1460 3037/1461/1455
f 3040/1463/1458 3044/1467/1462 3043/1468/1463 3039/1464/1459
f 3041/1465/1460 3045/1469/1464 3044/1467/1462 3040/1463/1458
f 3042/1466/1461 3046/1470/1465 3045/1469/1464 3041/1465/1460
f 3044/1467/1462 3048/1471/1466 3047/1472/1467 3043/1468/1463
f 3045/1469/1464 3049/1473/1468 3048/1471/1466 3044/1467/1462
f 3046/1470/1465 3050/1474/1469 3049/1473/1468 3045/1469/1464
f 3048/1471/1466 3052/1475/1470 3051/1476/1471 3047/1472/1467
f 3049/1473/1468 3053/1477/1472 3052/1475/1470 3048/1471/1466
f 3050/1474/1469 3054/1478/1473 3053/1477/1472 3049/1473/1468
f 3052/1475/1470 3056/1479/1474 3055/1480/1475 3051/1476/1471
f 3053/1477/1472 3057/1481/1476 3056/1479/1474 3052/1475/1470
f 3054/1478/1473 3058/1482/1477 3057/1481/1476 3053/1477/1472
f 3056/1479/1474 3060/1483/1478 3059/1484/1479 3055/1480/1475
f 3057/1481/1476 3061/1485/1480 3060/1483/1478 3056/1479/1474
f 3058/1482/1477 3062/1486/1481 3061/1485/1480 3057/1481/1476
f 3060/1483/1478 3064/1487/1482 3063/1488/1483 3059/1484/1479
f 3061/1485/1480 3065/1489/1484 3064/1487/1482 3060/1483/1478
f 3062/1486/1481 3066/1490/1485 3065/1489/1484 3061/1485/1480
f 3064/1487/1482 3068/1491/1486 3067/1492/1487 3063/1488/1483
f 3065/1489/1484 3069/1493/1488 3068/1491/1486 3064/1487/1482
f 3066/1490/1485 3070/1494/1489 3069/1493/1488 3065/1489/1484
f 3068/1491/1486 3072/1495/1490 3071/1496/1491 3067/1492/1487
f 3069/1493/1488 3073/1497/1492 3072/1495/1490 3068/1491/1486
f 3070/1494/1489 3074/1498/1493 3073/1497/1492 3069/1493/1488
f 3072/1495/1490 3076/1499/1494 3075/1500/1495 3071/1496/1491
f 3073/1497/1492 3077/1501/1496 3076/1499/1494 3072/1495/1490
f 3074/1498/1493 3078/1502/1497 3077/1501/1496 3073/1497/1492
f 3076/1499/1494 3080/1503/1498 3079/1504/1499 3075/1500/1495
f 3077/1501/1496 3081/1505/1500 3080/1503/1498 3076/1499/1494
f 3078/1502/1497 3082/1506/1501 3081/1505/1500 3077/1501/1496
f 3080/1503/1498 3084/1507/1502 3083/1508/1503 3079/1504/1499
f 3081/1505/1500 3085/1509/1504 3084/1507/1502 3080/1503/1498
f 3082/1506/1501 3086/1510/1505 3085/1509/1504 3081/1505/1500
f 3084/1507/1502 3088/1511/1506 3087/1512/1507 3083/1508/1503
f 3085/1509/1504 3089/1513/1508 3088/1511/1506 3084/1507/1502
f 3086/1510/1505 3090/1514/1509 3089/1513/1508 3085/1509/1504
f 3088/1511/1506 3092/1515/1510 3091/1516/1511 3087/1512/1507
f 3089/1513/1508 3093/1517/1512 3092/1515/1510 3088/1511/1506
f 3090/1514/1509 3094/1518/1513 3093/1517/1512 3089/1513/1508
f 3092/1515/1510 3096/1519/1514 3095/26/1515 3091/1516/1511
f 3093/1517/1512 3097/1520/1516 3096/1519/1514 3092/1515/1510
f 3094/1518/1513 3098/1521/1517 3097/1520/1516 3093/1517/1512
f 3096/1519/1514 3100/1522/1518 3099/1523/1519 3095/26/1515
f 3097/1520/1516 3101/1524/1520 3100/1522/1518 3096/1519/1514
f 3098/1521/1517 3102/1525/1521 3101/1524/1520 3097/1520/1516
f 3100/1522/1518 3104/1526/1522 3103/1527/1523 3099/1523/1519
f 3101/1524/1520 3105/1528/1524 3104/1526/1522 3100/1522/1518
f 3102/1525/1521 3106/1529/1525 3105/1528/1524 3101/1524/1520
f 3104/1526/1522 3108/1530/1526 3107/1531/1527 3103/1527/1523
f 3105/1528/1524 3109/1532/1528 3108/1530/1526 3104/1526/1522
f 3106/1529/1525 3110/1533/1529 3109/1532/1528 3105/1528/1524
f 3108/1530/1526 3112/1534/1530 3111/1535/1531 3107/1531/1527
f 3109/1532/1528 3113/1536/1532 3112/1534/1530 3108/1530/1526
f 3110/1533/1529 3114/1537/1533 3113/1536/1532 3109/1532/1528
f 3112/1534/1530 3116/1538/1534 3115/1539/1535 3111/1535/1531
f 3113/1536/1532 3117/1540/1536 3116/1538/1534 3112/1534/1530
f 3114/1537/1533 3118/1541/1537 3117/1540/1536 3113/1536/1532
f 3116/1538/1534 3120/1542/1538 3119/1543/1539 3115/1539/1535
f 3117/1540/1536 3121/1544/1540 3120/1542/1538 3116/1538/1534
f 3118/1541/1537 3122/1545/1541 3121/1544/1540 3117/1540/1536
f 3120/1542/1538 3124/1546/1542 3123/1547/1543 3119/1543/1539
f 3121/1544/1540 3125/1548/1544 3124/1546/1542 3120/1542/1538
f 3122/1545/1541 3126/1549/1545 3125/1548/1544 3121/1544/1540
f 3124/1546/1542 3128/733/1546 3127/482/1547 3123/1547/1543
f 3125/1548/1544 3129/734/1548 3128/733/1546 3124/1546/1542
f 3126/1549/1545 3130/735/1549 3129/734/1548 3125/1548/1544
f 3128/733/1546 3132/1550/1550 3131/1551/1551 3127/482/1547
f 3129/734/1548 3133/1552/1552 3132/1550/1550 3128/733/1546
f 3130/735/1549 3134/1553/1553 3133/1552/1552 3129/734/1548
f 3132/1550/1550 3136/1554/1554 3135/1555/1555 3131/1551/1551
f 3133/1552/1552 3137/1556/1556 3136/1554/1554 3132/1550/1550
f 3134/1553/1553 3138/1557/1557 3137/1556/1556 3133/1552/1552
f 3136/1554/1554 3140/1558/1558 3139/1559/1559 3135/1555/1555
f 3137/1556/1556 3141/1560/1560 3140/1558/1558 3136/1554/1554
f 3138/1557/1557 3142/1561/1561 3141/1560/1560 3137/1556/1556
f 3140/1558/1558 3144/1562/1562 3143/1563/1563 3139/1559/1559
f 3141/1560/1560 3145/1564/1564 3144/1562/1562 3140/1558/1558
f 3142/1561/1561 3146/1565/1565 3145/1564/1564 3141/1560/1560
f 3144/1562/1562 3148/1566/1566 3147/1567/1567 3143/1563/1563
f 3145/1564/1564 3149/1568/1568 3148/1566/1566 3144/1562/1562
f 3146/1565/1565 3150/1569/1569 3149/1568/1568 3145/1564/1564
f 3148/1566/1566 3152/1570/1570 3151/1571/1571 3147/1567/1567
f 3149/1568/1568 3153/1572/1572 3152/1570/1570 3148/1566/1566
f 3150/1569/1569 3154/1573/1573 3153/1572/1572 3149/1568/1568
f 3152/1570/1570 3156/1574/1574 3155/1575/1575 3151/1571/1571
f 3153/1572/1572 3157/1576/1576 3156/1574/1574 3152/1570/1570
f 3154/1573/1573 3158/1577/1577 3157/1576/1576 3153/1572/1572
f 3156/1574/1574 3160/1578/1578 3159/56/1579 3155/1575/1575
f 3157/1576/1576 3161/1579/1580 3160/1578/1578 3156/1574/1574
f 3158/1577/1577 3162/1580/1581 3161/1579/1580 3157/1576/1576
f 3160/1578/1578 3164/1581/1582 3163/1582/1583 3159/56/1579
f 3161/1579/1580 3165/1583/1584 3164/1581/1582 3160/1578/1578
f 3162/1580/1581 3166/1584/1585 3165/1583/1584 3161/1579/1580
f 3164/1581/1582 3168/1585/1586 3167/1586/1587 3163/1582/1583
f 3165/1583/1584 3169/1587/1588 3168/1585/1586 3164/1581/1582
f 3166/1584/1585 3170/1588/1589 3169/1587/1588 3165/1583/1584
f 3168/1585/1586 3172/1589/1590 3171/1590/1591 3167/1586/1587
f 3169/1587/1588 3173/1591/1592 3172/1589/1590 3168/1585/1586
f 3170/1588/1589 3174/1592/1593 3173/1591/1592 3169/1587/1588
f 3172/1589/1590 3176/1593/1594 3175/1594/1595 3171/1590/1591
f 3173/1591/1592 3177/1595/1596 3176/1593/1594 3172/1589/1590
f 3174/1592/1593 3178/1596/1597 3177/1595/1596 3173/1591/1592
f 3176/1593/1594 3180/1597/1598 3179/1598/1599 3175/1594/1595
f 3177/1595/1596 3181/1599/1600 3180/1597/1598 3176/1593/1594
f 3178/1596/1597 3182/1600/1601 3181/1599/1600 3177/1595/1596
f 3180/1597/1598 3184/1601/1602 3183/1602/1603 3179/1598/1599
f 3181/1599/1600 3185/1603/1604 3184/1601/1602 3180/1597/1598
f 3182/1600/1601 3186/1604/1605 3185/1603/1604 3181/1599/1600
f 3184/1601/1602 3188/1605/1606 3187/1606/1607 3183/1602/1603
f 3185/1603/1604 3189/1607/1608 3188/1605/1606 3184/1601/1602
f 3186/1604/1605 3190/1608/1609 3189/1607/1608 3185/1603/1604
f 3188/1605/1606 3192/1609/1610 3191/1610/1611 3187/1606/1607
f 3189/1607/1608 3193/1611/1612 3192/1609/1610 3188/1605/1606
f 3190/1608/1609 3194/1612/1613 3193/1611/1612 3189/1607/1608
f 3192/1609/1610 3196/1613/1614 3195/1614/1615 3191/1610/1611
f 3193/1611/1612 3197/1615/1616 3196/1613/1614 3192/1609/1610
f 3194/1612/1613 3198/1616/1617 3197/1615/1616 3193/1611/1612
f 3196/1613/1614 3200/1617/1618 3199/1618/1619 3195/1614/1615
f 3197/1615/1616 3201/1619/1620 3200/1617/1618 3196/1613/1614
f 3198/1616/1617 3202/1620/1621 3201/1619/1620 3197/1615/1616
f 3200/1617/1618 3204/1621/1622 3203/1622/1623 3199/1618/1619
f 3201/1619/1620 3205/1623/1624 3204/1621/1622 3200/1617/1618
f 3202/1620/1621 3206/1624/1625 3205/1623/1624 3201/1619/1620
f 3204/1621/1622 3208/1625/1626 3207/1626/1627 3203/1622/1623
f 3205/1623/1624 3209/1627/1628 3208/1625/1626 3204/1621/1622
f 3206/1624/1625 3210/1628/1629 3209/1627/1628 3205/1623/1624
f 3208/1625/1626 3212/1629/1630 3211/1630/1631 3207/1626/1627
f 3209/1627/1628 3213/1631/1632 3212/1629/1630 3208/1625/1626
f 3210/1628/1629 3214/1632/1633 3213/1631/1632 3209/1627/1628
f 3212/1629/1630 3216/1633/1634 3215/1634/1635 3211/1630/1631
f 3213/1631/1632 3217/1635/1636 3216/1633/1634 3212/1629/1630
f 3214/1632/1633 3218/1636/1637 3217/1635/1636 3213/1631/1632
f 3216/1633/1634 3220/1637/1638 3219/1638/1639 3215/1634/1635
f 3217/1635/1636 3221/1639/1640 3220/1637/1638 3216/1633/1634
f 3218/1636/1637 3222/1640/1641 3221/1639/1640 3217/1635/1636
f 3220/1637/1638 3032/772/1450 3031/49/1453 3219/1638/1639
f 3221/1639/1640 3033/773/1454 3032/772/1450 3220/1637/1638
f 3222/1640/1641 3034/774/1456 3033/773/1454 3221/1639/1640
f 3224/694/1642 3228/1641/1643 3227/1642/1644 3223/30/1645
f 3225/696/1646 3229/1643/1647 3228/1641/1643 3224/694/1642
f 3226/698/1648 3230/1644/1649 3229/1643/1647 3225/696/1646
f 3228/1641/1643 3232/1645/1650 3231/1646/1651 3227/1642/1644
f 3229/1643/1647 3233/1647/1652 3232/1645/1650 3228/1641/1643
f 3230/1644/1649 3234/1648/1653 3233/1647/1652 3229/1643/1647
f 3232/1645/1650 3236/1649/1654 3235/1650/1655 3231/1646/1651
f 3233/1647/1652 3237/1651/1656 3236/1649/1654 3232/1645/1650
f 3234/1648/1653 3238/1652/1657 3237/1651/1656 3233/1647/1652
f 3236/1649/1654 3240/1653/1658 3239/1654/1659 3235/1650/1655
f 3237/1651/1656 3241/1655/1660 3240/1653/1658 3236/1649/1654
f 3238/1652/1657 3242/1656/1661 3241/1655/1660 3237/1651/1656
f 3240/1653/1658 3244/1657/1662 3243/1658/1615 3239/1654/1659
f 3241/1655/1660 3245/1659/1663 3244/1657/1662 3240/1653/1658
f 3242/1656/1661 3246/1660/1617 3245/1659/1663 3241/1655/1660
f 3244/1657/1662 3248/1661/1664 3247/1662/1665 3243/1658/1615
f 3245/1659/1663 3249/1663/1666 3248/1661/1664 3244/1657/1662
f 3246/1660/1617 3250/1664/1667 3249/1663/1666 3245/1659/1663
f 3248/1661/1664 3252/1665/1668 3251/1666/1669 3247/1662/1665
f 3249/1663/1666 3253/1667/1670 3252/1665/1668 3248/1661/1664
f 3250/1664/1667 3254/1668/1671 3253/1667/1670 3249/1663/1666
f 3252/1665/1668 3256/1669/1672 3255/1670/1673 3251/1666/1669
f 3253/1667/1670 3257/1671/1674 3256/1669/1672 3252/1665/1668
f 3254/1668/1671 3258/1672/1675 3257/1671/1674 3253/1667/1670
f 3256/1669/1672 3260/1673/1676 3259/1674/1677 3255/1670/1673
f 3257/1671/1674 3261/1675/1678 3260/1673/1676 3256/1669/1672
f 3258/1672/1675 3262/1676/1679 3261/1675/1678 3257/1671/1674
f 3260/1673/1676 3264/1467/1680 3263/1468/1681 3259/1674/1677
f 3261/1675/1678 3265/1469/1682 3264/1467/1680 3260/1673/1676
f 3262/1676/1679 3266/1470/1683 3265/1469/1682 3261/1675/1678
f 3264/1467/1680 3268/1677/1684 3267/1678/1685 3263/1468/1681
f 3265/1469/1682 3269/1679/1686 3268/1677/1684 3264/1467/1680
f 3266/1470/1683 3270/1680/1687 3269/1679/1686 3265/1469/1682
f 3268/1677/1684 3272/1681/1688 3271/1682/1689 3267/1678/1685
f 3269/1679/1686 3273/1683/1690 3272/1681/1688 3268/1677/1684
f 3270/1680/1687 3274/1684/1691 3273/1683/1690 3269/1679/1686
f 3272/1681/1688 3276/1685/1692 3275/1686/1693 3271/1682/1689
f 3273/1683/1690 3277/1687/1694 3276/1685/1692 3272/1681/1688
f 3274/1684/1691 3278/1688/1695 3277/1687/1694 3273/1683/1690
f 3276/1685/1692 3280/1689/1696 3279/1690/1697 3275/1686/1693
f 3277/1687/1694 3281/1691/1698 3280/1689/1696 3276/1685/1692
f 3278/1688/1695 3282/1692/1699 3281/1691/1698 3277/1687/1694
f 3280/1689/1696 3284/1693/1700 3283/1694/1701 3279/1690/1697
f 3281/1691/1698 3285/1695/1702 3284/1693/1700 3280/1689/1696
f 3282/1692/1699 3286/1696/1703 3285/1695/1702 3281/1691/1698
f 3284/1693/1700 3288/789/1704 3287/480/1705 3283/1694/1701
f 3285/1695/1702 3289/790/1706 3288/789/1704 3284/1693/1700
f 3286/1696/1703 3290/791/1707 3289/790/1706 3285/1695/1702
f 3288/789/1704 3292/1697/1708 3291/1698/1709 3287/480/1705
f 3289/790/1706 3293/1699/1710 3292/1697/1708 3288/789/1704
f 3290/791/1707 3294/1700/1711 3293/1699/1710 3289/790/1706
f 3292/1697/1708 3296/1701/1712 3295/1702/1713 3291/1698/1709
f 3293/1699/1710 3297/1703/1714 3296/1701/1712 3292/1697/1708
f 3294/1700/1711 3298/1704/1715 3297/1703/1714 3293/1699/1710
f 3296/1701/1712 3300/1705/1716 3299/1706/1717 3295/1702/1713
f 3297/1703/1714 3301/1707/1718 3300/1705/1716 3296/1701/1712
f 3298/1704/1715 3302/1708/1719 3301/1707/1718 3297/1703/1714
f 3300/1705/1716 3304/1479/1720 3303/1480/1721 3299/1706/1717
f 3301/1707/1718 3305/1481/1722 3304/1479/1720 3300/1705/1716
f 3302/1708/1719 3306/1482/1723 3305/1481/1722 3301/1707/1718
f 3304/1479/1720 3308/1709/1724 3307/1710/1725 3303/1480/1721
f 3305/1481/1722 3309/1711/1726 3308/1709/1724 3304/1479/1720
f 3306/1482/1723 3310/1712/1727 3309/1711/1726 3305/1481/1722
f 3308/1709/1724 3312/1713/1728 3311/1714/1729 3307/1710/1725
f 3309/1711/1726 3313/1715/1730 3312/1713/1728 3308/1709/1724
f 3310/1712/1727 3314/1716/1731 3313/1715/1730 3309/1711/1726
f 3312/1713/1728 3316/1717/1732 3315/1718/1733 3311/1714/1729
f 3313/1715/1730 3317/1719/1734 3316/1717/1732 3312/1713/1728
f 3314/1716/1731 3318/1720/1735 3317/1719/1734 3313/1715/1730
f 3316/1717/1732 3320/1721/1736 3319/1722/1737 3315/1718/1733
f 3317/1719/1734 3321/1723/1738 3320/1721/1736 3316/1717/1732
f 3318/1720/1735 3322/1724/1739 3321/1723/1738 3317/1719/1734
f 3320/1721/1736 3324/1725/1740 3323/1726/1741 3319/1722/1737
f 3321/1723/1738 3325/1727/1742 3324/1725/1740 3320/1721/1736
f 3322/1724/1739 3326/1728/1743 3325/1727/1742 3321/1723/1738
f 3324/1725/1740 3328/1729/1744 3327/1730/1745 3323/1726/1741
f 3325/1727/1742 3329/1731/1746 3328/1729/1744 3324/1725/1740
f 3326/1728/1743 3330/1732/1747 3329/1731/1746 3325/1727/1742
f 3328/1729/1744 3332/1733/1748 3331/1734/1749 3327/1730/1745
f 3329/1731/1746 3333/1735/1750 3332/1733/1748 3328/1729/1744
f 3330/1732/1747 3334/1736/1751 3333/1735/1750 3329/1731/1746
f 3332/1733/1748 3336/1737/1752 3335/1738/1753 3331/1734/1749
f 3333/1735/1750 3337/1739/1754 3336/1737/1752 3332/1733/1748
f 3334/1736/1751 3338/1740/1755 3337/1739/1754 3333/1735/1750
f 3336/1737/1752 3340/1741/1756 3339/1742/1757 3335/1738/1753
f 3337/1739/1754 3341/1743/1758 3340/1741/1756 3336/1737/1752
f 3338/1740/1755 3342/1744/1759 3341/1743/1758 3337/1739/1754
f 3340/1741/1756 3344/1491/1760 3343/1492/1761 3339/1742/1757
f 3341/1743/1758 3345/1493/1762 3344/1491/1760 3340/1741/1756
f 3342/1744/1759 3346/1494/1763 3345/1493/1762 3341/1743/1758
f 3344/1491/1760 3348/1745/1764 3347/1746/1765 3343/1492/1761
f 3345/1493/1762 3349/1747/1766 3348/1745/1764 3344/1491/1760
f 3346/1494/1763 3350/1748/1767 3349/1747/1766 3345/1493/1762
f 3348/1745/1764 3352/806/1768 3351/4/1769 3347/1746/1765
f 3349/1747/1766 3353/807/1770 3352/806/1768 3348/1745/1764
f 3350/1748/1767 3354/808/1771 3353/807/1770 3349/1747/1766
f 3352/806/1768 3356/1749/1772 3355/1750/1773 3351/4/1769
f 3353/807/1770 3357/1751/1774 3356/1749/1772 3352/806/1768
f 3354/808/1771 3358/1752/1775 3357/1751/1774 3353/807/1770
f 3356/1749/1772 3360/1753/1776 3359/1754/1777 3355/1750/1773
f 3357/1751/1774 3361/1755/1778 3360/1753/1776 3356/1749/1772
f 3358/1752/1775 3362/1756/1779 3361/1755/1778 3357/1751/1774
f 3360/1753/1776 3364/1757/1780 3363/1758/1781 3359/1754/1777
f 3361/1755/1778 3365/1759/1782 3364/1757/1780 3360/1753/1776
f 3362/1756/1779 3366/1760/1783 3365/1759/1782 3361/1755/1778
f 3364/1757/1780 3368/1761/1784 3367/1762/1785 3363/1758/1781
f 3365/1759/1782 3369/1763/1786 3368/1761/1784 3364/1757/1780
f 3366/1760/1783 3370/1764/1787 3369/1763/1786 3365/1759/1782
f 3368/1761/1784 3372/1765/1788 3371/1766/1789 3367/1762/1785
f 3369/1763/1786 3373/1767/1790 3372/1765/1788 3368/1761/1784
f 3370/1764/1787 3374/1768/1791 3373/1767/1790 3369/1763/1786
f 3372/1765/1788 3376/1769/1792 3375/1770/1793 3371/1766/1789
f 3373/1767/1790 3377/1771/1794 3376/1769/1792 3372/1765/1788
f 3374/1768/1791 3378/1772/1795 3377/1771/1794 3373/1767/1790
f 3376/1769/1792 3380/1773/1796 3379/1774/1797 3375/1770/1793
f 3377/1771/1794 3381/1775/1798 3380/1773/1796 3376/1769/1792
f 3378/1772/1795 3382/1776/1799 3381/1775/1798 3377/1771/1794
f 3380/1773/1796 3384/1503/1800 3383/1504/1801 3379/1774/1797
f 3381/1775/1798 3385/1505/1802 3384/1503/1800 3380/1773/1796
f 3382/1776/1799 3386/1506/1803 3385/1505/1802 3381/1775/1798
f 3384/1503/1800 3388/1777/1804 3387/1778/1805 3383/1504/1801
f 3385/1505/1802 3389/1779/1806 3388/1777/1804 3384/1503/1800
f 3386/1506/1803 3390/1780/1807 3389/1779/1806 3385/1505/1802
f 3388/1777/1804 3392/1781/1808 3391/1782/1809 3387/1778/1805
f 3389/1779/1806 3393/1783/1810 3392/1781/1808 3388/1777/1804
f 3390/1780/1807 3394/1784/1811 3393/1783/1810 3389/1779/1806
f 3392/1781/1808 3396/1785/1812 3395/1786/1813 3391/1782/1809
f 3393/1783/1810 3397/1787/1814 3396/1785/1812 3392/1781/1808
f 3394/1784/1811 3398/1788/1815 3397/1787/1814 3393/1783/1810
f 3396/1785/1812 3400/1789/1816 3399/1790/1817 3395/1786/1813
f 3397/1787/1814 3401/1791/1818 3400/1789/1816 3396/1785/1812
f 3398/1788/1815 3402/1792/1819 3401/1791/1818 3397/1787/1814
f 3400/1789/1816 3404/1793/1820 3403/1794/1821 3399/1790/1817
f 3401/1791/1818 3405/1795/1822 3404/1793/1820 3400/1789/1816
f 3402/1792/1819 3406/1796/1823 3405/1795/1822 3401/1791/1818
f 3404/1793/1820 3408/1797/1824 3407/1798/1825 3403/1794/1821
f 3405/1795/1822 3409/1799/1826 3408/1797/1824 3404/1793/1820
f 3406/1796/1823 3410/1800/1827 3409/1799/1826 3405/1795/1822
f 3408/1797/1824 3412/1801/1828 3411/1802/1829 3407/1798/1825
f 3409/1799/1826 3413/1803/1830 3412/1801/1828 3408/1797/1824
f 3410/1800/1827 3414/1804/1831 3413/1803/1830 3409/1799/1826
f 3412/1801/1828 3416/823/1832 3415/548/1833 3411/1802/1829
f 3413/1803/1830 3417/824/1834 3416/823/1832 3412/1801/1828
f 3414/1804/1831 3418/825/1835 3417/824/1834 3413/1803/1830
f 3416/823/1832 3420/1805/1836 3419/1806/1837 3415/548/1833
f 3417/824/1834 3421/1807/1838 3420/1805/1836 3416/823/1832
f 3418/825/1835 3422/1808/1839 3421/1807/1838 3417/824/1834
f 3420/1805/1836 3424/1515/1840 3423/1516/1841 3419/1806/1837
f 3421/1807/1838 3425/1517/1842 3424/1515/1840 3420/1805/1836
f 3422/1808/1839 3426/1518/1843 3425/1517/1842 3421/1807/1838
f 3424/1515/1840 3428/1809/1844 3427/1810/1845 3423/1516/1841
f 3425/1517/1842 3429/1811/1846 3428/1809/1844 3424/1515/1840
f 3426/1518/1843 3430/1812/1847 3429/1811/1846 3425/1517/1842
f 3428/1809/1844 3432/1813/1848 3431/1814/1849 3427/1810/1845
f 3429/1811/1846 3433/1815/1850 3432/1813/1848 3428/1809/1844
f 3430/1812/1847 3434/1816/1851 3433/1815/1850 3429/1811/1846
f 3432/1813/1848 3436/1817/1852 3435/1818/1853 3431/1814/1849
f 3433/1815/1850 3437/1819/1854 3436/1817/1852 3432/1813/1848
f 3434/1816/1851 3438/1820/1855 3437/1819/1854 3433/1815/1850
f 3436/1817/1852 3440/1821/1856 3439/1822/1857 3435/1818/1853
f 3437/1819/1854 3441/1823/1858 3440/1821/1856 3436/1817/1852
f 3438/1820/1855 3442/1824/1859 3441/1823/1858 3437/1819/1854
f 3440/1821/1856 3444/1825/1860 3443/1826/1861 3439/1822/1857
f 3441/1823/1858 3445/1827/1862 3444/1825/1860 3440/1821/1856
f 3442/1824/1859 3446/1828/1863 3445/1827/1862 3441/1823/1858
f 3444/1825/1860 3448/1829/1864 3447/1830/1865 3443/1826/1861
f 3445/1827/1862 3449/1831/1866 3448/1829/1864 3444/1825/1860
f 3446/1828/1863 3450/1832/1867 3449/1831/1866 3445/1827/1862
f 3448/1829/1864 3452/1833/1868 3451/1834/1869 3447/1830/1865
f 3449/1831/1866 3453/1835/1870 3452/1833/1868 3448/1829/1864
f 3450/1832/1867 3454/1836/1871 3453/1835/1870 3449/1831/1866
f 3452/1833/1868 3456/1837/1872 3455/1838/1873 3451/1834/1869
f 3453/1835/1870 3457/1839/1874 3456/1837/1872 3452/1833/1868
f 3454/1836/1871 3458/1840/1875 3457/1839/1874 3453/1835/1870
f 3456/1837/1872 3460/1841/1876 3459/1842/1877 3455/1838/1873
f 3457/1839/1874 3461/1843/1878 3460/1841/1876 3456/1837/1872
f 3458/1840/1875 3462/1844/1879 3461/1843/1878 3457/1839/1874
f 3460/1841/1876 3464/1526/1880 3463/1527/1881 3459/1842/1877
f 3461/1843/1878 3465/1528/1882 3464/1526/1880 3460/1841/1876
f 3462/1844/1879 3466/1529/1883 3465/1528/1882 3461/1843/1878
f 3464/1526/1880 3468/1845/1884 3467/1846/1885 3463/1527/1881
f 3465/1528/1882 3469/1847/1886 3468/1845/1884 3464/1526/1880
f 3466/1529/1883 3470/1848/1887 3469/1847/1886 3465/1528/1882
f 3468/1845/1884 3472/1849/1888 3471/1850/1889 3467/1846/1885
f 3469/1847/1886 3473/1851/1890 3472/1849/1888 3468/1845/1884
f 3470/1848/1887 3474/1852/1891 3473/1851/1890 3469/1847/1886
f 3472/1849/1888 3476/1853/1892 3475/1854/1893 3471/1850/1889
f 3473/1851/1890 3477/1855/1894 3476/1853/1892 3472/1849/1888
f 3474/1852/1891 3478/1856/1895 3477/1855/1894 3473/1851/1890
f 3476/1853/1892 3480/840/1896 3479/39/1897 3475/1854/1893
f 3477/1855/1894 3481/841/1898 3480/840/1896 3476/1853/1892
f 3478/1856/1895 3482/842/1899 3481/841/1898 3477/1855/1894
f 3480/840/1896 3484/1857/1900 3483/1858/1901 3479/39/1897
f 3481/841/1898 3485/1859/1902 3484/1857/1900 3480/840/1896
f 3482/842/1899 3486/1860/1903 3485/1859/1902 3481/841/1898
f 3484/1857/1900 3488/1861/1904 3487/1862/1905 3483/1858/1901
f 3485/1859/1902 3489/1863/1906 3488/1861/1904 3484/1857/1900
f 3486/1860/1903 3490/1864/1907 3489/1863/1906 3485/1859/1902
f 3488/1861/1904 3492/1865/1908 3491/1866/1909 3487/1862/1905
f 3489/1863/1906 3493/1867/1910 3492/1865/1908 3488/1861/1904
f 3490/1864/1907 3494/1868/1911 3493/1867/1910 3489/1863/1906
f 3492/1865/1908 3496/1869/1912 3495/1870/1913 3491/1866/1909
f 3493/1867/1910 3497/1871/1914 3496/1869/1912 3492/1865/1908
f 3494/1868/1911 3498/1872/1915 3497/1871/1914 3493/1867/1910
f 3496/1869/1912 3500/1873/1916 3499/1874/1917 3495/1870/1913
f 3497/1871/1914 3501/1875/1918 3500/1873/1916 3496/1869/1912
f 3498/1872/1915 3502/1876/1919 3501/1875/1918 3497/1871/1914
f 3500/1873/1916 3504/1538/1920 3503/1539/1921 3499/1874/1917
f 3501/1875/1918 3505/1540/1922 3504/1538/1920 3500/1873/1916
f 3502/1876/1919 3506/1541/1923 3505/1540/1922 3501/1875/1918
f 3504/1538/1920 3508/1877/1924 3507/1878/1925 3503/1539/1921
f 3505/1540/1922 3509/1879/1926 3508/1877/1924 3504/1538/1920
f 3506/1541/1923 3510/1880/1927 3509/1879/1926 3505/1540/1922
f 3508/1877/1924 3512/1881/1928 3511/1882/1929 3507/1878/1925
f 3509/1879/1926 3513/1883/1930 3512/1881/1928 3508/1877/1924
f 3510/1880/1927 3514/1884/1931 3513/1883/1930 3509/1879/1926
f 3512/1881/1928 3516/1885/1932 3515/1886/1933 3511/1882/1929
f 3513/1883/1930 3517/1887/1934 3516/1885/1932 3512/1881/1928
f 3514/1884/1931 3518/1888/1935 3517/1887/1934 3513/1883/1930
f 3516/1885/1932 3520/1889/1936 3519/1890/1937 3515/1886/1933
f 3517/1887/1934 3521/1891/1938 3520/1889/1936 3516/1885/1932
f 3518/1888/1935 3522/1892/1939 3521/1891/1938 3517/1887/1934
f 3520/1889/1936 3524/1893/1940 3523/1894/1941 3519/1890/1937
f 3521/1891/1938 3525/1895/1942 3524/1893/1940 3520/1889/1936
f 3522/1892/1939 3526/1896/1943 3525/1895/1942 3521/1891/1938
f 3524/1893/1940 3528/1897/1944 3527/1898/1945 3523/1894/1941
f 3525/1895/1942 3529/1899/1946 3528/1897/1944 3524/1893/1940
f 3526/1896/1943 3530/1900/1947 3529/1899/1946 3525/1895/1942
f 3528/1897/1944 3532/1901/1948 3531/1902/1949 3527/1898/1945
f 3529/1899/1946 3533/1903/1950 3532/1901/1948 3528/1897/1944
f 3530/1900/1947 3534/1904/1951 3533/1903/1950 3529/1899/1946
f 3532/1901/1948 3536/1905/1952 3535/1906/1953 3531/1902/1949
f 3533/1903/1950 3537/1907/1954 3536/1905/1952 3532/1901/1948
f 3534/1904/1951 3538/1908/1955 3537/1907/1954 3533/1903/1950
f 3536/1905/1952 3540/1909/1956 3539/1910/1957 3535/1906/1953
f 3537/1907/1954 3541/1911/1958 3540/1909/1956 3536/1905/1952
f 3538/1908/1955 3542/1912/1959 3541/1911/1958 3537/1907/1954
f 3540/1909/1956 3544/733/1960 3543/482/1961 3539/1910/1957
f 3541/1911/1958 3545/734/1962 3544/733/1960 3540/1909/1956
f 3542/1912/1959 3546/735/1963 3545/734/1962 3541/1911/1958
f 3544/733/1960 3548/1913/1964 3547/1914/1965 3543/482/1961
f 3545/734/1962 3549/1915/1966 3548/1913/1964 3544/733/1960
f 3546/735/1963 3550/1916/1967 3549/1915/1966 3545/734/1962
f 3548/1913/1964 3552/1917/1968 3551/1918/1969 3547/1914/1965
f 3549/1915/1966 3553/1919/1970 3552/1917/1968 3548/1913/1964
f 3550/1916/1967 3554/1920/1971 3553/1919/1970 3549/1915/1966
f 3552/1917/1968 3556/1921/1972 3555/1922/1973 3551/1918/1969
f 3553/1919/1970 3557/1923/1974 3556/1921/1972 3552/1917/1968
f 3554/1920/1971 3558/1924/1975 3557/1923/1974 3553/1919/1970
f 3556/1921/1972 3560/1925/1976 3559/1926/1977 3555/1922/1973
f 3557/1923/1974 3561/1927/1978 3560/1925/1976 3556/1921/1972
f 3558/1924/1975 3562/1928/1979 3561/1927/1978 3557/1923/1974
f 3560/1925/1976 3564/1929/1980 3563/1930/1981 3559/1926/1977
f 3561/1927/1978 3565/1931/1982 3564/1929/1980 3560/1925/1976
f 3562/1928/1979 3566/1932/1983 3565/1931/1982 3561/1927/1978
f 3564/1929/1980 3568/1933/1984 3567/1934/1984 3563/1930/1981
f 3565/1931/1982 3569/1935/1985 3568/1933/1984 3564/1929/1980
f 3566/1932/1983 3570/1936/1985 3569/1935/1985 3565/1931/1982
f 3568/1933/1984 3572/1937/1986 3571/1938/1984 3567/1934/1984
f 3569/1935/1985 3573/1939/1987 3572/1937/1986 3568/1933/1984
f 3570/1936/1985 3574/1940/1985 3573/1939/1987 3569/1935/1985
f 3572/1937/1986 3576/1941/1986 3575/1942/1984 3571/1938/1984
f 3573/1939/1987 3577/1943/1987 3576/1941/1986 3572/1937/1986
f 3574/1940/1985 3578/1944/1985 3577/1943/1987 3573/1939/1987
f 3576/1941/1986 3580/1945/1986 3579/1946/1984 3575/1942/1984
f 3577/1943/1987 3581/1947/1987 3580/1945/1986 3576/1941/1986
f 3578/1944/1985 3582/1948/1985 3581/1947/1987 3577/1943/1987
f 3580/1945/1986 3584/1558/1986 3583/1559/1984 3579/1946/1984
f 3581/1947/1987 3585/1560/1987 3584/1558/1986 3580/1945/1986
f 3582/1948/1985 3586/1561/1985 3585/1560/1987 3581/1947/1987
f 3584/1558/1986 3588/1949/1986 3587/1950/1984 3583/1559/1984
f 3585/1560/1987 3589/1951/1987 3588/1949/1986 3584/1558/1986
f 3586/1561/1985 3590/1952/1985 3589/1951/1987 3585/1560/1987
f 3588/1949/1986 3592/1953/1986 3591/1954/1984 3587/1950/1984
f 3589/1951/1987 3593/1955/1987 3592/1953/1986 3588/1949/1986
f 3590/1952/1985 3594/1956/1985 3593/1955/1987 3589/1951/1987
f 3592/1953/1986 3596/1957/1986 3595/1958/1984 3591/1954/1984
f 3593/1955/1987 3597/1959/1987 3596/1957/1986 3592/1953/1986
f 3594/1956/1985 3598/1960/1985 3597/1959/1987 3593/1955/1987
f 3596/1957/1986 3600/1961/1986 3599/1962/1984 3595/1958/1984
f 3597/1959/1987 3601/1963/1987 3600/1961/1986 3596/1957/1986
f 3598/1960/1985 3602/1964/1985 3601/1963/1987 3597/1959/1987
f 3600/1961/1986 3604/1965/1986 3603/1966/1984 3599/1962/1984
f 3601/1963/1987 3605/1967/1987 3604/1965/1986 3600/1961/1986
f 3602/1964/1985 3606/1968/1985 3605/1967/1987 3601/1963/1987
f 3604/1965/1986 3608/871/1986 3607/44/1984 3603/1966/1984
f 3605/1967/1987 3609/872/1987 3608/871/1986 3604/1965/1986
f 3606/1968/1985 3610/873/1985 3609/872/1987 3605/1967/1987
f 3608/871/1986 3612/1969/1988 3611/1970/1989 3607/44/1984
f 3609/872/1987 3613/1971/1990 3612/1969/1988 3608/871/1986
f 3610/873/1985 3614/1972/1991 3613/1971/1990 3609/872/1987
f 3612/1969/1988 3616/1973/1992 3615/1974/1993 3611/1970/1989
f 3613/1971/1990 3617/1975/1994 3616/1973/1992 3612/1969/1988
f 3614/1972/1991 3618/1976/1995 3617/1975/1994 3613/1971/1990
f 3616/1973/1992 3620/1977/1996 3619/1978/1997 3615/1974/1993
f 3617/1975/1994 3621/1979/1998 3620/1977/1996 3616/1973/1992
f 3618/1976/1995 3622/1980/1999 3621/1979/1998 3617/1975/1994
f 3620/1977/1996 3624/1570/2000 3623/1571/2001 3619/1978/1997
f 3621/1979/1998 3625/1572/2002 3624/1570/2000 3620/1977/1996
f 3622/1980/1999 3626/1573/2003 3625/1572/2002 3621/1979/1998
f 3624/1570/2000 3628/1981/2004 3627/1982/2005 3623/1571/2001
f 3625/1572/2002 3629/1983/2006 3628/1981/2004 3624/1570/2000
f 3626/1573/2003 3630/1984/2007 3629/1983/2006 3625/1572/2002
f 3628/1981/2004 3632/1985/2008 3631/1986/2009 3627/1982/2005
f 3629/1983/2006 3633/1987/2010 3632/1985/2008 3628/1981/2004
f 3630/1984/2007 3634/1988/2011 3633/1987/2010 3629/1983/2006
f 3632/1985/2008 3636/1989/2012 3635/1990/2013 3631/1986/2009
f 3633/1987/2010 3637/1991/2014 3636/1989/2012 3632/1985/2008
f 3634/1988/2011 3638/1992/2015 3637/1991/2014 3633/1987/2010
f 3636/1989/2012 3640/1993/2016 3639/1994/2017 3635/1990/2013
f 3637/1991/2014 3641/1995/2018 3640/1993/2016 3636/1989/2012
f 3638/1992/2015 3642/1996/2019 3641/1995/2018 3637/1991/2014
f 3640/1993/2016 3644/1997/2020 3643/1998/2021 3639/1994/2017
f 3641/1995/2018 3645/1999/2022 3644/1997/2020 3640/1993/2016
f 3642/1996/2019 3646/2000/2023 3645/1999/2022 3641/1995/2018
f 3644/1997/2020 3648/2001/2024 3647/2002/2025 3643/1998/2021
f 3645/1999/2022 3649/2003/2026 3648/2001/2024 3644/1997/2020
f 3646/2000/2023 3650/2004/2027 3649/2003/2026 3645/1999/2022
f 3648/2001/2024 3652/2005/2028 3651/2006/2029 3647/2002/2025
f 3649/2003/2026 3653/2007/2030 3652/2005/2028 3648/2001/2024
f 3650/2004/2027 3654/2008/2031 3653/2007/2030 3649/2003/2026
f 3652/2005/2028 3656/2009/2032 3655/2010/2033 3651/2006/2029
f 3653/2007/2030 3657/2011/2034 3656/2009/2032 3652/2005/2028
f 3654/2008/2031 3658/2012/2035 3657/2011/2034 3653/2007/2030
f 3656/2009/2032 3660/2013/2036 3659/2014/2037 3655/2010/2033
f 3657/2011/2034 3661/2015/2038 3660/2013/2036 3656/2009/2032
f 3658/2012/2035 3662/2016/2039 3661/2015/2038 3657/2011/2034
f 3660/2013/2036 3664/1581/2040 3663/1582/2041 3659/2014/2037
f 3661/2015/2038 3665/1583/2042 3664/1581/2040 3660/2013/2036
f 3662/2016/2039 3666/1584/2043 3665/1583/2042 3661/2015/2038
f 3664/1581/2040 3668/2017/2044 3667/2018/2045 3663/1582/2041
f 3665/1583/2042 3669/2019/2046 3668/2017/2044 3664/1581/2040
f 3666/1584/2043 3670/2020/2047 3669/2019/2046 3665/1583/2042
f 3668/2017/2044 3672/888/2048 3671/443/2049 3667/2018/2045
f 3669/2019/2046 3673/889/2050 3672/888/2048 3668/2017/2044
f 3670/2020/2047 3674/890/2051 3673/889/2050 3669/2019/2046
f 3672/888/2048 3676/2021/2052 3675/2022/2053 3671/443/2049
f 3673/889/2050 3677/2023/2054 3676/2021/2052 3672/888/2048
f 3674/890/2051 3678/2024/2055 3677/2023/2054 3673/889/2050
f 3676/2021/2052 3680/2025/2056 3679/2026/2057 3675/2022/2053
f 3677/2023/2054 3681/2027/2058 3680/2025/2056 3676/2021/2052
f 3678/2024/2055 3682/2028/2059 3681/2027/2058 3677/2023/2054
f 3680/2025/2056 3684/2029/2060 3683/2030/2061 3679/2026/2057
f 3681/2027/2058 3685/2031/2062 3684/2029/2060 3680/2025/2056
f 3682/2028/2059 3686/2032/2063 3685/2031/2062 3681/2027/2058
f 3684/2029/2060 3688/2033/2064 3687/2034/2065 3683/2030/2061
f 3685/2031/2062 3689/2035/2066 3688/2033/2064 3684/2029/2060
f 3686/2032/2063 3690/2036/2067 3689/2035/2066 3685/2031/2062
f 3688/2033/2064 3692/2037/2068 3691/2038/2069 3687/2034/2065
f 3689/2035/2066 3693/2039/2070 3692/2037/2068 3688/2033/2064
f 3690/2036/2067 3694/2040/2071 3693/2039/2070 3689/2035/2066
f 3692/2037/2068 3696/2041/2072 3695/2042/2073 3691/2038/2069
f 3693/2039/2070 3697/2043/2074 3696/2041/2072 3692/2037/2068
f 3694/2040/2071 3698/2044/2075 3697/2043/2074 3693/2039/2070
f 3696/2041/2072 3700/2045/2076 3699/2046/2077 3695/2042/2073
f 3697/2043/2074 3701/2047/2078 3700/2045/2076 3696/2041/2072
f 3698/2044/2075 3702/2048/2079 3701/2047/2078 3697/2043/2074
f 3700/2045/2076 3704/1593/2080 3703/1594/2081 3699/2046/2077
f 3701/2047/2078 3705/1595/2082 3704/1593/2080 3700/2045/2076
f 3702/2048/2079 3706/1596/2083 3705/1595/2082 3701/2047/2078
f 3704/1593/2080 3708/2049/2084 3707/2050/2085 3703/1594/2081
f 3705/1595/2082 3709/2051/2086 3708/2049/2084 3704/1593/2080
f 3706/1596/2083 3710/2052/2087 3709/2051/2086 3705/1595/2082
f 3708/2049/2084 3712/2053/2088 3711/2054/2089 3707/2050/2085
f 3709/2051/2086 3713/2055/2090 3712/2053/2088 3708/2049/2084
f 3710/2052/2087 3714/2056/2091 3713/2055/2090 3709/2051/2086
f 3712/2053/2088 3716/2057/2092 3715/2058/2093 3711/2054/2089
f 3713/2055/2090 3717/2059/2094 3716/2057/2092 3712/2053/2088
f 3714/2056/2091 3718/2060/2095 3717/2059/2094 3713/2055/2090
f 3716/2057/2092 3720/2061/2092 3719/2062/2093 3715/2058/2093
f 3717/2059/2094 3721/2063/2094 3720/2061/2092 3716/2057/2092
f 3718/2060/2095 3722/2064/2095 3721/2063/2094 3717/2059/2094
f 3720/2061/2092 3724/2065/2092 3723/2066/2093 3719/2062/2093
f 3721/2063/2094 3725/2067/2094 3724/2065/2092 3720/2061/2092
f 3722/2064/2095 3726/2068/2095 3725/2067/2094 3721/2063/2094
f 3724/2065/2092 3728/2069/2092 3727/2070/2093 3723/2066/2093
f 3725/2067/2094 3729/2071/2094 3728/2069/2092 3724/2065/2092
f 3726/2068/2095 3730/2072/2095 3729/2071/2094 3725/2067/2094
f 3728/2069/2092 3732/2073/2092 3731/2074/2093 3727/2070/2093
f 3729/2071/2094 3733/2075/2094 3732/2073/2092 3728/2069/2092
f 3730/2072/2095 3734/2076/2095 3733/2075/2094 3729/2071/2094
f 3732/2073/2092 3736/905/2092 3735/75/2093 3731/2074/2093
f 3733/2075/2094 3737/906/2094 3736/905/2092 3732/2073/2092
f 3734/2076/2095 3738/907/2095 3737/906/2094 3733/2075/2094
f 3736/905/2092 3740/2077/2092 3739/2078/2093 3735/75/2093
f 3737/906/2094 3741/2079/2094 3740/2077/2092 3736/905/2092
f 3738/907/2095 3742/2080/2095 3741/2079/2094 3737/906/2094
f 3740/2077/2092 3744/1605/2092 3743/1606/2093 3739/2078/2093
f 3741/2079/2094 3745/1607/2094 3744/1605/2092 3740/2077/2092
f 3742/2080/2095 3746/1608/2095 3745/1607/2094 3741/2079/2094
f 3744/1605/2092 3748/2081/2092 3747/2082/2093 3743/1606/2093
f 3745/1607/2094 3749/2083/2094 3748/2081/2092 3744/1605/2092
f 3746/1608/2095 3750/2084/2095 3749/2083/2094 3745/1607/2094
f 3748/2081/2092 3752/2085/2092 3751/2086/2093 3747/2082/2093
f 3749/2083/2094 3753/2087/2094 3752/2085/2092 3748/2081/2092
f 3750/2084/2095 3754/2088/2095 3753/2087/2094 3749/2083/2094
f 3752/2085/2092 3756/2089/2092 3755/2090/2093 3751/2086/2093
f 3753/2087/2094 3757/2091/2094 3756/2089/2092 3752/2085/2092
f 3754/2088/2095 3758/2092/2095 3757/2091/2094 3753/2087/2094
f 3756/2089/2092 3760/2093/2096 3759/2094/2097 3755/2090/2093
f 3757/2091/2094 3761/2095/2098 3760/2093/2096 3756/2089/2092
f 3758/2092/2095 3762/2096/2099 3761/2095/2098 3757/2091/2094
f 3760/2093/2096 3764/2097/2100 3763/2098/2101 3759/2094/2097
f 3761/2095/2098 3765/2099/2100 3764/2097/2100 3760/2093/2096
f 3762/2096/2099 3766/2100/2101 3765/2099/2100 3761/2095/2098
f 3764/2097/2100 3768/2101/2102 3767/2102/2103 3763/2098/2101
f 3765/2099/2100 3769/2103/2104 3768/2101/2102 3764/2097/2100
f 3766/2100/2101 3770/2104/2105 3769/2103/2104 3765/2099/2100
f 3768/2101/2102 3772/2105/2106 3771/2106/2107 3767/2102/2103
f 3769/2103/2104 3773/2107/2108 3772/2105/2106 3768/2101/2102
f 3770/2104/2105 3774/2108/2109 3773/2107/2108 3769/2103/2104
f 3772/2105/2106 3776/2109/2110 3775/2110/2111 3771/2106/2107
f 3773/2107/2108 3777/2111/2112 3776/2109/2110 3772/2105/2106
f 3774/2108/2109 3778/2112/2113 3777/2111/2112 3773/2107/2108
f 3776/2109/2110 3780/2113/2114 3779/2114/2115 3775/2110/2111
f 3777/2111/2112 3781/2115/2116 3780/2113/2114 3776/2109/2110
f 3778/2112/2113 3782/2116/2117 3781/2115/2116 3777/2111/2112
f 3780/2113/2114 3784/1617/2118 3783/1618/2119 3779/2114/2115
f 3781/2115/2116 3785/1619/2120 3784/1617/2118 3780/2113/2114
f 3782/2116/2117 3786/1620/2121 3785/1619/2120 3781/2115/2116
f 3784/1617/2118 3788/2117/2122 3787/2118/2123 3783/1618/2119
f 3785/1619/2120 3789/2119/2124 3788/2117/2122 3784/1617/2118
f 3786/1620/2121 3790/2120/2125 3789/2119/2124 3785/1619/2120
f 3788/2117/2122 3792/2121/2126 3791/2122/2127 3787/2118/2123
f 3789/2119/2124 3793/2123/2128 3792/2121/2126 3788/2117/2122
f 3790/2120/2125 3794/2124/2129 3793/2123/2128 3789/2119/2124
f 3792/2121/2126 3796/2125/2130 3795/2126/2131 3791/2122/2127
f 3793/2123/2128 3797/2127/2132 3796/2125/2130 3792/2121/2126
f 3794/2124/2129 3798/2128/2133 3797/2127/2132 3793/2123/2128
f 3796/2125/2130 3800/922/2134 3799/454/2135 3795/2126/2131
f 3797/2127/2132 3801/923/2136 3800/922/2134 3796/2125/2130
f 3798/2128/2133 3802/924/2137 3801/923/2136 3797/2127/2132
f 3800/922/2134 3804/2129/2138 3803/2130/2139 3799/454/2135
f 3801/923/2136 3805/2131/2140 3804/2129/2138 3800/922/2134
f 3802/924/2137 3806/2132/2141 3805/2131/2140 3801/923/2136
f 3804/2129/2138 3808/2133/2142 3807/2134/2143 3803/2130/2139
f 3805/2131/2140 3809/2135/2144 3808/2133/2142 3804/2129/2138
f 3806/2132/2141 3810/2136/2145 3809/2135/2144 3805/2131/2140
f 3808/2133/2142 3812/2137/2146 3811/2138/2147 3807/2134/2143
f 3809/2135/2144 3813/2139/2148 3812/2137/2146 3808/2133/2142
f 3810/2136/2145 3814/2140/2149 3813/2139/2148 3809/2135/2144
f 3812/2137/2146 3816/2141/2150 3815/2142/2151 3811/2138/2147
f 3813/2139/2148 3817/2143/2152 3816/2141/2150 3812/2137/2146
f 3814/2140/2149 3818/2144/2153 3817/2143/2152 3813/2139/2148
f 3816/2141/2150 3820/2145/2154 3819/2146/2155 3815/2142/2151
f 3817/2143/2152 3821/2147/2156 3820/2145/2154 3816/2141/2150
f 3818/2144/2153 3822/2148/2157 3821/2147/2156 3817/2143/2152
f 3820/2145/2154 3824/1629/2158 3823/1630/2159 3819/2146/2155
f 3821/2147/2156 3825/1631/2160 3824/1629/2158 3820/2145/2154
f 3822/2148/2157 3826/1632/2161 3825/1631/2160 3821/2147/2156
f 3824/1629/2158 3828/2149/2162 3827/2150/2163 3823/1630/2159
f 3825/1631/2160 3829/2151/2164 3828/2149/2162 3824/1629/2158
f 3826/1632/2161 3830/2152/2165 3829/2151/2164 3825/1631/2160
f 3828/2149/2162 3832/2153/2166 3831/2154/2167 3827/2150/2163
f 3829/2151/2164 3833/2155/2168 3832/2153/2166 3828/2149/2162
f 3830/2152/2165 3834/2156/2169 3833/2155/2168 3829/2151/2164
f 3832/2153/2166 3836/2157/2170 3835/2158/2171 3831/2154/2167
f 3833/2155/2168 3837/2159/2172 3836/2157/2170 3832/2153/2166
f 3834/2156/2169 3838/2160/2173 3837/2159/2172 3833/2155/2168
f 3836/2157/2170 3840/2161/2174 3839/2162/2175 3835/2158/2171
f 3837/2159/2172 3841/2163/2176 3840/2161/2174 3836/2157/2170
f 3838/2160/2173 3842/2164/2177 3841/2163/2176 3837/2159/2172
f 3840/2161/2174 3844/2165/2178 3843/2166/2179 3839/2162/2175
f 3841/2163/2176 3845/2167/2180 3844/2165/2178 3840/2161/2174
f 3842/2164/2177 3846/2168/2181 3845/2167/2180 3841/2163/2176
f 3844/2165/2178 3848/2169/2182 3847/2170/2183 3843/2166/2179
f 3845/2167/2180 3849/2171/2184 3848/2169/2182 3844/2165/2178
f 3846/2168/2181 3850/2172/2185 3849/2171/2184 3845/2167/2180
f 3848/2169/2182 3852/2173/2186 3851/2174/2187 3847/2170/2183
f 3849/2171/2184 3853/2175/2188 3852/2173/2186 3848/2169/2182
f 3850/2172/2185 3854/2176/2189 3853/2175/2188 3849/2171/2184
f 3852/2173/2186 3856/2177/2190 3855/2178/2191 3851/2174/2187
f 3853/2175/2188 3857/2179/2192 3856/2177/2190 3852/2173/2186
f 3854/2176/2189 3858/2180/2193 3857/2179/2192 3853/2175/2188
f 3856/2177/2190 3860/2181/2194 3859/2182/2195 3855/2178/2191
f 3857/2179/2192 3861/2183/2196 3860/2181/2194 3856/2177/2190
f 3858/2180/2193 3862/2184/2197 3861/2183/2196 3857/2179/2192
f 3860/2181/2194 3224/772/1642 3223/49/1645 3859/2182/2195
f 3861/2183/2196 3225/773/1646 3224/772/1642 3860/2181/2194
f 3862/2184/2197 3226/774/1648 3225/773/1646 3861/2183/2196
f 3864/694/2198 3868/2185/2199 3867/2186/2200 3863/30/2201
f 3865/696/2202 3869/2187/2203 3868/2185/2199 3864/694/2198
f 3866/698/2204 3870/2188/2205 3869/2187/2203 3865/696/2202
f 3868/2185/2199 3872/2189/2206 3871/2190/2207 3867/2186/2200
f 3869/2187/2203 3873/2191/2208 3872/2189/2206 3868/2185/2199
f 3870/2188/2205 3874/2192/2209 3873/2191/2208 3869/2187/2203
f 3872/2189/2206 3876/2193/2210 3875/2194/2211 3871/2190/2207
f 3873/2191/2208 3877/2195/2212 3876/2193/2210 3872/2189/2206
f 3874/2192/2209 3878/2196/2213 3877/2195/2212 3873/2191/2208
f 3876/2193/2210 3880/2197/2214 3879/2198/2215 3875/2194/2211
f 3877/2195/2212 3881/2199/2216 3880/2197/2214 3876/2193/2210
f 3878/2196/2213 3882/2200/2217 3881/2199/2216 3877/2195/2212
f 3880/2197/2214 3884/2201/2218 3883/2202/2219 3879/2198/2215
f 3881/2199/2216 3885/2203/2220 3884/2201/2218 3880/2197/2214
f 3882/2200/2217 3886/2204/2221 3885/2203/2220 3881/2199/2216
f 3884/2201/2218 3888/2205/2222 3887/2206/2223 3883/2202/2219
f 3885/2203/2220 3889/2207/2224 3888/2205/2222 3884/2201/2218
f 3886/2204/2221 3890/2208/2225 3889/2207/2224 3885/2203/2220
f 3888/2205/2222 3892/2209/2226 3891/2210/2227 3887/2206/2223
f 3889/2207/2224 3893/2211/2228 3892/2209/2226 3888/2205/2222
f 3890/2208/2225 3894/2212/2229 3893/2211/2228 3889/2207/2224
f 3892/2209/2226 3896/2213/2230 3895/2214/2231 3891/2210/2227
f 3893/2211/2228 3897/2215/2232 3896/2213/2230 3892/2209/2226
f 3894/2212/2229 3898/2216/2233 3897/2215/2232 3893/2211/2228
f 3896/2213/2230 3900/2217/2234 3899/2218/2235 3895/2214/2231
f 3897/2215/2232 3901/2219/2236 3900/2217/2234 3896/2213/2230
f 3898/2216/2233 3902/2220/2237 3901/2219/2236 3897/2215/2232
f 3900/2217/2234 3904/2221/2238 3903/2222/2239 3899/2218/2235
f 3901/2219/2236 3905/2223/2240 3904/2221/2238 3900/2217/2234
f 3902/2220/2237 3906/2224/2241 3905/2223/2240 3901/2219/2236
f 3904/2221/2238 3908/2225/2242 3907/2226/2243 3903/2222/2239
f 3905/2223/2240 3909/2227/2244 3908/2225/2242 3904/2221/2238
f 3906/2224/2241 3910/2228/2245 3909/2227/2244 3905/2223/2240
f 3908/2225/2242 3912/2229/2246 3911/2230/2247 3907/2226/2243
f 3909/2227/2244 3913/2231/2248 3912/2229/2246 3908/2225/2242
f 3910/2228/2245 3914/2232/2249 3913/2231/2248 3909/2227/2244
f 3912/2229/2246 3916/2233/2250 3915/2234/2251 3911/2230/2247
f 3913/2231/2248 3917/2235/2252 3916/2233/2250 3912/2229/2246
f 3914/2232/2249 3918/2236/2253 3917/2235/2252 3913/2231/2248
f 3916/2233/2250 3920/2237/2254 3919/2238/2255 3915/2234/2251
f 3917/2235/2252 3921/2239/2256 3920/2237/2254 3916/2233/2250
f 3918/2236/2253 3922/2240/2257 3921/2239/2256 3917/2235/2252
f 3920/2237/2254 3924/2241/2258 3923/2242/2259 3919/2238/2255
f 3921/2239/2256 3925/2243/2260 3924/2241/2258 3920/2237/2254
f 3922/2240/2257 3926/2244/2261 3925/2243/2260 3921/2239/2256
f 3924/2241/2258 3928/2245/2262 3927/2246/2263 3923/2242/2259
f 3925/2243/2260 3929/2247/2264 3928/2245/2262 3924/2241/2258
f 3926/2244/2261 3930/2248/2265 3929/2247/2264 3925/2243/2260
f 3928/2245/2262 3932/2249/2266 3931/2250/2267 3927/2246/2263
f 3929/2247/2264 3933/2251/2268 3932/2249/2266 3928/2245/2262
f 3930/2248/2265 3934/2252/2269 3933/2251/2268 3929/2247/2264
f 3932/2249/2266 3936/2253/2270 3935/2254/2271 3931/2250/2267
f 3933/2251/2268 3937/2255/2272 3936/2253/2270 3932/2249/2266
f 3934/2252/2269 3938/2256/2273 3937/2255/2272 3933/2251/2268
f 3936/2253/2270 3940/2257/2274 3939/2258/2275 3935/2254/2271
f 3937/2255/2272 3941/2259/2276 3940/2257/2274 3936/2253/2270
f 3938/2256/2273 3942/2260/2277 3941/2259/2276 3937/2255/2272
f 3940/2257/2274 3944/2261/2278 3943/2262/2279 3939/2258/2275
f 3941/2259/2276 3945/2263/2280 3944/2261/2278 3940/2257/2274
f 3942/2260/2277 3946/2264/2281 3945/2263/2280 3941/2259/2276
f 3944/2261/2278 3948/2265/2282 3947/2266/2283 3943/2262/2279
f 3945/2263/2280 3949/2267/2284 3948/2265/2282 3944/2261/2278
f 3946/2264/2281 3950/2268/2285 3949/2267/2284 3945/2263/2280
f 3948/2265/2282 3952/2269/2286 3951/2270/2287 3947/2266/2283
f 3949/2267/2284 3953/2271/2288 3952/2269/2286 3948/2265/2282
f 3950/2268/2285 3954/2272/2289 3953/2271/2288 3949/2267/2284
f 3952/2269/2286 3956/2273/2290 3955/2274/2291 3951/2270/2287
f 3953/2271/2288 3957/2275/2292 3956/2273/2290 3952/2269/2286
f 3954/2272/2289 3958/2276/2293 3957/2275/2292 3953/2271/2288
f 3956/2273/2290 3960/2277/2294 3959/2278/2295 3955/2274/2291
f 3957/2275/2292 3961/2279/2296 3960/2277/2294 3956/2273/2290
f 3958/2276/2293 3962/2280/2297 3961/2279/2296 3957/2275/2292
f 3960/2277/2294 3964/2281/1984 3963/2282/1984 3959/2278/2295
f 3961/2279/2296 3965/2283/1985 3964/2281/1984 3960/2277/2294
f 3962/2280/2297 3966/2284/1985 3965/2283/1985 3961/2279/2296
f 3964/2281/1984 3968/2285/1986 3967/2286/1984 3963/2282/1984
f 3965/2283/1985 3969/2287/1987 3968/2285/1986 3964/2281/1984
f 3966/2284/1985 3970/2288/1985 3969/2287/1987 3965/2283/1985
f 3968/2285/1986 3972/2289/1986 3971/2290/1984 3967/2286/1984
f 3969/2287/1987 3973/2291/1987 3972/2289/1986 3968/2285/1986
f 3970/2288/1985 3974/2292/1985 3973/2291/1987 3969/2287/1987
f 3972/2289/1986 3976/2293/1986 3975/2294/1984 3971/2290/1984
f 3973/2291/1987 3977/2295/1987 3976/2293/1986 3972/2289/1986
f 3974/2292/1985 3978/2296/1985 3977/2295/1987 3973/2291/1987
f 3976/2293/1986 3980/2297/1986 3979/2298/1984 3975/2294/1984
f 3977/2295/1987 3981/2299/1987 3980/2297/1986 3976/2293/1986
f 3978/2296/1985 3982/2300/1985 3981/2299/1987 3977/2295/1987
f 3980/2297/1986 3984/2301/1986 3983/2302/1984 3979/2298/1984
f 3981/2299/1987 3985/2303/1987 3984/2301/1986 3980/2297/1986
f 3982/2300/1985 3986/2304/1985 3985/2303/1987 3981/2299/1987
f 3984/2301/1986 3988/2305/1986 3987/2306/1984 3983/2302/1984
f 3985/2303/1987 3989/2307/1987 3988/2305/1986 3984/2301/1986
f 3986/2304/1985 3990/2308/1985 3989/2307/1987 3985/2303/1987
f 3988/2305/1986 3992/2309/1986 3991/2310/1984 3987/2306/1984
f 3989/2307/1987 3993/2311/1987 3992/2309/1986 3988/2305/1986
f 3990/2308/1985 3994/2312/1985 3993/2311/1987 3989/2307/1987
f 3992/2309/1986 3996/2313/1986 3995/2314/1984 3991/2310/1984
f 3993/2311/1987 3997/2315/1987 3996/2313/1986 3992/2309/1986
f 3994/2312/1985 3998/2316/1985 3997/2315/1987 3993/2311/1987
f 3996/2313/1986 4000/2317/1986 3999/2318/1984 3995/2314/1984
f 3997/2315/1987 4001/2319/1987 4000/2317/1986 3996/2313/1986
f 3998/2316/1985 4002/2320/1985 4001/2319/1987 3997/2315/1987
f 4000/2317/1986 4004/2321/1986 4003/2322/1984 3999/2318/1984
f 4001/2319/1987 4005/2323/1987 4004/2321/1986 4000/2317/1986
f 4002/2320/1985 4006/2324/1985 4005/2323/1987 4001/2319/1987
f 4004/2321/1986 4008/2325/2298 4007/2326/2299 4003/2322/1984
f 4005/2323/1987 4009/2327/2300 4008/2325/2298 4004/2321/1986
f 4006/2324/1985 4010/2328/2301 4009/2327/2300 4005/2323/1987
f 4008/2325/2298 4012/1503/2302 4011/1504/2303 4007/2326/2299
f 4009/2327/2300 4013/1505/2304 4012/1503/2302 4008/2325/2298
f 4010/2328/2301 4014/1506/2305 4013/1505/2304 4009/2327/2300
f 4012/1503/2302 4016/2329/2306 4015/2330/2307 4011/1504/2303
f 4013/1505/2304 4017/2331/2308 4016/2329/2306 4012/1503/2302
f 4014/1506/2305 4018/2332/2309 4017/2331/2308 4013/1505/2304
f 4016/2329/2306 4020/2333/2310 4019/2334/2311 4015/2330/2307
f 4017/2331/2308 4021/2335/2312 4020/2333/2310 4016/2329/2306
f 4018/2332/2309 4022/2336/2313 4021/2335/2312 4017/2331/2308
f 4020/2333/2310 4024/2337/2314 4023/2338/2315 4019/2334/2311
f 4021/2335/2312 4025/2339/2316 4024/2337/2314 4020/2333/2310
f 4022/2336/2313 4026/2340/2317 4025/2339/2316 4021/2335/2312
f 4024/2337/2314 4028/2341/2318 4027/2342/2319 4023/2338/2315
f 4025/2339/2316 4029/2343/2320 4028/2341/2318 4024/2337/2314
f 4026/2340/2317 4030/2344/2321 4029/2343/2320 4025/2339/2316
f 4028/2341/2318 4032/2345/2322 4031/2346/2323 4027/2342/2319
f 4029/2343/2320 4033/2347/2324 4032/2345/2322 4028/2341/2318
f 4030/2344/2321 4034/2348/2325 4033/2347/2324 4029/2343/2320
f 4032/2345/2322 4036/2349/2326 4035/2350/2327 4031/2346/2323
f 4033/2347/2324 4037/2351/2328 4036/2349/2326 4032/2345/2322
f 4034/2348/2325 4038/2352/2329 4037/2351/2328 4033/2347/2324
f 4036/2349/2326 4040/2353/2330 4039/2354/2331 4035/2350/2327
f 4037/2351/2328 4041/2355/2332 4040/2353/2330 4036/2349/2326
f 4038/2352/2329 4042/2356/2333 4041/2355/2332 4037/2351/2328
f 4040/2353/2330 4044/2357/2334 4043/2358/2335 4039/2354/2331
f 4041/2355/2332 4045/2359/2336 4044/2357/2334 4040/2353/2330
f 4042/2356/2333 4046/2360/2337 4045/2359/2336 4041/2355/2332
f 4044/2357/2334 4048/2361/2338 4047/2362/2339 4043/2358/2335
f 4045/2359/2336 4049/2363/2340 4048/2361/2338 4044/2357/2334
f 4046/2360/2337 4050/2364/2341 4049/2363/2340 4045/2359/2336
f 4048/2361/2338 4052/2365/2342 4051/2366/2343 4047/2362/2339
f 4049/2363/2340 4053/2367/2344 4052/2365/2342 4048/2361/2338
f 4050/2364/2341 4054/2368/2345 4053/2367/2344 4049/2363/2340
f 4052/2365/2342 4056/2369/2346 4055/2370/2347 4051/2366/2343
f 4053/2367/2344 4057/2371/2348 4056/2369/2346 4052/2365/2342
f 4054/2368/2345 4058/2372/2349 4057/2371/2348 4053/2367/2344
f 4056/2369/2346 4060/2373/2350 4059/2374/2351 4055/2370/2347
f 4057/2371/2348 4061/2375/2352 4060/2373/2350 4056/2369/2346
f 4058/2372/2349 4062/2376/2353 4061/2375/2352 4057/2371/2348
f 4060/2373/2350 4064/2377/2354 4063/2378/2355 4059/2374/2351
f 4061/2375/2352 4065/2379/2356 4064/2377/2354 4060/2373/2350
f 4062/2376/2353 4066/2380/2357 4065/2379/2356 4061/2375/2352
f 4064/2377/2354 4068/2381/2358 4067/2382/2359 4063/2378/2355
f 4065/2379/2356 4069/2383/2360 4068/2381/2358 4064/2377/2354
f 4066/2380/2357 4070/2384/2361 4069/2383/2360 4065/2379/2356
f 4068/2381/2358 4072/2385/2362 4071/2386/2363 4067/2382/2359
f 4069/2383/2360 4073/2387/2364 4072/2385/2362 4068/2381/2358
f 4070/2384/2361 4074/2388/2365 4073/2387/2364 4069/2383/2360
f 4072/2385/2362 4076/2389/2366 4075/2390/2367 4071/2386/2363
f 4073/2387/2364 4077/2391/2368 4076/2389/2366 4072/2385/2362
f 4074/2388/2365 4078/2392/2369 4077/2391/2368 4073/2387/2364
f 4076/2389/2366 4080/2393/2370 4079/2394/2371 4075/2390/2367
f 4077/2391/2368 4081/2395/2372 4080/2393/2370 4076/2389/2366
f 4078/2392/2369 4082/2396/2373 4081/2395/2372 4077/2391/2368
f 4080/2393/2370 4084/2397/2374 4083/2398/2375 4079/2394/2371
f 4081/2395/2372 4085/2399/2376 4084/2397/2374 4080/2393/2370
f 4082/2396/2373 4086/2400/2377 4085/2399/2376 4081/2395/2372
f 4084/2397/2374 4088/2401/2378 4087/2402/2379 4083/2398/2375
f 4085/2399/2376 4089/2403/2380 4088/2401/2378 4084/2397/2374
f 4086/2400/2377 4090/2404/2381 4089/2403/2380 4085/2399/2376
f 4088/2401/2378 4092/2405/2382 4091/2406/2383 4087/2402/2379
f 4089/2403/2380 4093/2407/2384 4092/2405/2382 4088/2401/2378
f 4090/2404/2381 4094/2408/2385 4093/2407/2384 4089/2403/2380
f 4092/2405/2382 4096/2409/2386 4095/2410/2387 4091/2406/2383
f 4093/2407/2384 4097/2411/2388 4096/2409/2386 4092/2405/2382
f 4094/2408/2385 4098/2412/2389 4097/2411/2388 4093/2407/2384
f 4096/2409/2386 4100/2413/2390 4099/2414/2391 4095/2410/2387
f 4097/2411/2388 4101/2415/2392 4100/2413/2390 4096/2409/2386
f 4098/2412/2389 4102/2416/2393 4101/2415/2392 4097/2411/2388
f 4100/2413/2390 4104/2417/2394 4103/2418/2395 4099/2414/2391
f 4101/2415/2392 4105/2419/2396 4104/2417/2394 4100/2413/2390
f 4102/2416/2393 4106/2420/2397 4105/2419/2396 4101/2415/2392
f 4104/2417/2394 4108/2421/2398 4107/2422/2399 4103/2418/2395
f 4105/2419/2396 4109/2423/2400 4108/2421/2398 4104/2417/2394
f 4106/2420/2397 4110/2424/2401 4109/2423/2400 4105/2419/2396
f 4108/2421/2398 4112/2425/2092 4111/2426/2093 4107/2422/2399
f 4109/2423/2400 4113/2427/2094 4112/2425/2092 4108/2421/2398
f 4110/2424/2401 4114/2428/2095 4113/2427/2094 4109/2423/2400
f 4112/2425/2092 4116/2429/2092 4115/2430/2093 4111/2426/2093
f 4113/2427/2094 4117/2431/2094 4116/2429/2092 4112/2425/2092
f 4114/2428/2095 4118/2432/2095 4117/2431/2094 4113/2427/2094
f 4116/2429/2092 4120/2433/2092 4119/2434/2093 4115/2430/2093
f 4117/2431/2094 4121/2435/2094 4120/2433/2092 4116/2429/2092
f 4118/2432/2095 4122/2436/2095 4121/2435/2094 4117/2431/2094
f 4120/2433/2092 4124/2437/2092 4123/2438/2093 4119/2434/2093
f 4121/2435/2094 4125/2439/2094 4124/2437/2092 4120/2433/2092
f 4122/2436/2095 4126/2440/2095 4125/2439/2094 4121/2435/2094
f 4124/2437/2092 4128/2441/2092 4127/2442/2093 4123/2438/2093
f 4125/2439/2094 4129/2443/2094 4128/2441/2092 4124/2437/2092
f 4126/2440/2095 4130/2444/2095 4129/2443/2094 4125/2439/2094
f 4128/2441/2092 4132/2445/2092 4131/2446/2093 4127/2442/2093
f 4129/2443/2094 4133/2447/2094 4132/2445/2092 4128/2441/2092
f 4130/2444/2095 4134/2448/2095 4133/2447/2094 4129/2443/2094
f 4132/2445/2092 4136/2449/2092 4135/2450/2093 4131/2446/2093
f 4133/2447/2094 4137/2451/2094 4136/2449/2092 4132/2445/2092
f 4134/2448/2095 4138/2452/2095 4137/2451/2094 4133/2447/2094
f 4136/2449/2092 4140/2453/2092 4139/2454/2093 4135/2450/2093
f 4137/2451/2094 4141/2455/2094 4140/2453/2092 4136/2449/2092
f 4138/2452/2095 4142/2456/2095 4141/2455/2094 4137/2451/2094
f 4140/2453/2092 4144/2457/2092 4143/2458/2093 4139/2454/2093
f 4141/2455/2094 4145/2459/2094 4144/2457/2092 4140/2453/2092
f 4142/2456/2095 4146/2460/2095 4145/2459/2094 4141/2455/2094
f 4144/2457/2092 4148/2461/2092 4147/2462/2093 4143/2458/2093
f 4145/2459/2094 4149/2463/2094 4148/2461/2092 4144/2457/2092
f 4146/2460/2095 4150/2464/2095 4149/2463/2094 4145/2459/2094
f 4148/2461/2092 4152/2465/2092 4151/2466/2093 4147/2462/2093
f 4149/2463/2094 4153/2467/2094 4152/2465/2092 4148/2461/2092
f 4150/2464/2095 4154/2468/2095 4153/2467/2094 4149/2463/2094
f 4152/2465/2092 4156/2469/2402 4155/2470/2403 4151/2466/2093
f 4153/2467/2094 4157/2471/2404 4156/2469/2402 4152/2465/2092
f 4154/2468/2095 4158/2472/2405 4157/2471/2404 4153/2467/2094
f 4156/2469/2402 4160/733/2406 4159/482/2407 4155/2470/2403
f 4157/2471/2404 4161/734/2408 4160/733/2406 4156/2469/2402
f 4158/2472/2405 4162/735/2409 4161/734/2408 4157/2471/2404
f 4160/733/2406 4164/2473/2410 4163/2474/2411 4159/482/2407
f 4161/734/2408 4165/2475/2412 4164/2473/2410 4160/733/2406
f 4162/735/2409 4166/2476/2413 4165/2475/2412 4161/734/2408
f 4164/2473/2410 4168/2477/2414 4167/2478/2415 4163/2474/2411
f 4165/2475/2412 4169/2479/2416 4168/2477/2414 4164/2473/2410
f 4166/2476/2413 4170/2480/2417 4169/2479/2416 4165/2475/2412
f 4168/2477/2414 4172/2481/2418 4171/2482/2419 4167/2478/2415
f 4169/2479/2416 4173/2483/2420 4172/2481/2418 4168/2477/2414
f 4170/2480/2417 4174/2484/2421 4173/2483/2420 4169/2479/2416
f 4172/2481/2418 4176/2485/2422 4175/2486/2423 4171/2482/2419
f 4173/2483/2420 4177/2487/2424 4176/2485/2422 4172/2481/2418
f 4174/2484/2421 4178/2488/2425 4177/2487/2424 4173/2483/2420
f 4176/2485/2422 4180/2489/2426 4179/2490/2427 4175/2486/2423
f 4177/2487/2424 4181/2491/2428 4180/2489/2426 4176/2485/2422
f 4178/2488/2425 4182/2492/2429 4181/2491/2428 4177/2487/2424
f 4180/2489/2426 4184/2493/2430 4183/2494/2431 4179/2490/2427
f 4181/2491/2428 4185/2495/2432 4184/2493/2430 4180/2489/2426
f 4182/2492/2429 4186/2496/2433 4185/2495/2432 4181/2491/2428
f 4184/2493/2430 4188/2497/2434 4187/2498/2435 4183/2494/2431
f 4185/2495/2432 4189/2499/2436 4188/2497/2434 4184/2493/2430
f 4186/2496/2433 4190/2500/2437 4189/2499/2436 4185/2495/2432
f 4188/2497/2434 4192/2501/2438 4191/2502/2439 4187/2498/2435
f 4189/2499/2436 4193/2503/2440 4192/2501/2438 4188/2497/2434
f 4190/2500/2437 4194/2504/2441 4193/2503/2440 4189/2499/2436
f 4192/2501/2438 4196/2505/2442 4195/2506/2443 4191/2502/2439
f 4193/2503/2440 4197/2507/2444 4196/2505/2442 4192/2501/2438
f 4194/2504/2441 4198/2508/2445 4197/2507/2444 4193/2503/2440
f 4196/2505/2442 4200/2509/2446 4199/2510/2447 4195/2506/2443
f 4197/2507/2444 4201/2511/2448 4200/2509/2446 4196/2505/2442
f 4198/2508/2445 4202/2512/2449 4201/2511/2448 4197/2507/2444
f 4200/2509/2446 4204/2513/2450 4203/2514/2451 4199/2510/2447
f 4201/2511/2448 4205/2515/2452 4204/2513/2450 4200/2509/2446
f 4202/2512/2449 4206/2516/2453 4205/2515/2452 4201/2511/2448
f 4204/2513/2450 4208/2517/2454 4207/2518/2455 4203/2514/2451
f 4205/2515/2452 4209/2519/2456 4208/2517/2454 4204/2513/2450
f 4206/2516/2453 4210/2520/2457 4209/2519/2456 4205/2515/2452
f 4208/2517/2454 4212/2521/2458 4211/2522/2459 4207/2518/2455
f 4209/2519/2456 4213/2523/2460 4212/2521/2458 4208/2517/2454
f 4210/2520/2457 4214/2524/2461 4213/2523/2460 4209/2519/2456
f 4212/2521/2458 4216/2525/2462 4215/2526/2463 4211/2522/2459
f 4213/2523/2460 4217/2527/2464 4216/2525/2462 4212/2521/2458
f 4214/2524/2461 4218/2528/2465 4217/2527/2464 4213/2523/2460
f 4216/2525/2462 4220/2529/2466 4219/2530/2467 4215/2526/2463
f 4217/2527/2464 4221/2531/2468 4220/2529/2466 4216/2525/2462
f 4218/2528/2465 4222/2532/2469 4221/2531/2468 4217/2527/2464
f 4220/2529/2466 4224/2533/2470 4223/2534/2471 4219/2530/2467
f 4221/2531/2468 4225/2535/2472 4224/2533/2470 4220/2529/2466
f 4222/2532/2469 4226/2536/2473 4225/2535/2472 4221/2531/2468
f 4224/2533/2470 4228/2537/2474 4227/2538/2475 4223/2534/2471
f 4225/2535/2472 4229/2539/2476 4228/2537/2474 4224/2533/2470
f 4226/2536/2473 4230/2540/2477 4229/2539/2476 4225/2535/2472
f 4228/2537/2474 4232/2541/2478 4231/2542/2479 4227/2538/2475
f 4229/2539/2476 4233/2543/2480 4232/2541/2478 4228/2537/2474
f 4230/2540/2477 4234/2544/2481 4233/2543/2480 4229/2539/2476
f 4232/2541/2478 4236/2545/2482 4235/2546/2483 4231/2542/2479
f 4233/2543/2480 4237/2547/2484 4236/2545/2482 4232/2541/2478
f 4234/2544/2481 4238/2548/2485 4237/2547/2484 4233/2543/2480
f 4236/2545/2482 4240/2549/2486 4239/2550/2487 4235/2546/2483
f 4237/2547/2484 4241/2551/2488 4240/2549/2486 4236/2545/2482
f 4238/2548/2485 4242/2552/2489 4241/2551/2488 4237/2547/2484
f 4240/2549/2486 4244/2553/2490 4243/2554/2491 4239/2550/2487
f 4241/2551/2488 4245/2555/2492 4244/2553/2490 4240/2549/2486
f 4242/2552/2489 4246/2556/2493 4245/2555/2492 4241/2551/2488
f 4244/2553/2490 4248/2557/2494 4247/2558/2495 4243/2554/2491
f 4245/2555/2492 4249/2559/2496 4248/2557/2494 4244/2553/2490
f 4246/2556/2493 4250/2560/2497 4249/2559/2496 4245/2555/2492
f 4248/2557/2494 4252/2561/2498 4251/2562/2499 4247/2558/2495
f 4249/2559/2496 4253/2563/2500 4252/2561/2498 4248/2557/2494
f 4250/2560/2497 4254/2564/2501 4253/2563/2500 4249/2559/2496
f 4252/2561/2498 4256/2565/2502 4255/2566/2503 4251/2562/2499
f 4253/2563/2500 4257/2567/2504 4256/2565/2502 4252/2561/2498
f 4254/2564/2501 4258/2568/2505 4257/2567/2504 4253/2563/2500
f 4256/2565/2502 4260/2569/2506 4259/2570/2507 4255/2566/2503
f 4257/2567/2504 4261/2571/2508 4260/2569/2506 4256/2565/2502
f 4258/2568/2505 4262/2572/2509 4261/2571/2508 4257/2567/2504
f 4260/2569/2506 4264/2573/2510 4263/2574/2511 4259/2570/2507
f 4261/2571/2508 4265/2575/2512 4264/2573/2510 4260/2569/2506
f 4262/2572/2509 4266/2576/2513 4265/2575/2512 4261/2571/2508
f 4264/2573/2510 4268/2577/2514 4267/2578/2515 4263/2574/2511
f 4265/2575/2512 4269/2579/2516 4268/2577/2514 4264/2573/2510
f 4266/2576/2513 4270/2580/2517 4269/2579/2516 4265/2575/2512
f 4268/2577/2514 4272/2581/2518 4271/2582/2519 4267/2578/2515
f 4269/2579/2516 4273/2583/2520 4272/2581/2518 4268/2577/2514
f 4270/2580/2517 4274/2584/2521 4273/2583/2520 4269/2579/2516
f 4272/2581/2518 4276/2585/2522 4275/2586/2523 4271/2582/2519
f 4273/2583/2520 4277/2587/2524 4276/2585/2522 4272/2581/2518
f 4274/2584/2521 4278/2588/2525 4277/2587/2524 4273/2583/2520
f 4276/2585/2522 4280/2589/2526 4279/2590/2527 4275/2586/2523
f 4277/2587/2524 4281/2591/2528 4280/2589/2526 4276/2585/2522
f 4278/2588/2525 4282/2592/2529 4281/2591/2528 4277/2587/2524
f 4280/2589/2526 4284/2593/2530 4283/2594/2531 4279/2590/2527
f 4281/2591/2528 4285/2595/2532 4284/2593/2530 4280/2589/2526
f 4282/2592/2529 4286/2596/2533 4285/2595/2532 4281/2591/2528
f 4284/2593/2530 4288/2597/2534 4287/2598/2535 4283/2594/2531
f 4285/2595/2532 4289/2599/2536 4288/2597/2534 4284/2593/2530
f 4286/2596/2533 4290/2600/2537 4289/2599/2536 4285/2595/2532
f 4288/2597/2534 4292/2601/2538 4291/2602/2539 4287/2598/2535
f 4289/2599/2536 4293/2603/2540 4292/2601/2538 4288/2597/2534
f 4290/2600/2537 4294/2604/2541 4293/2603/2540 4289/2599/2536
f 4292/2601/2538 4296/2605/2542 4295/2606/2543 4291/2602/2539
f 4293/2603/2540 4297/2607/2544 4296/2605/2542 4292/2601/2538
f 4294/2604/2541 4298/2608/2545 4297/2607/2544 4293/2603/2540
f 4296/2605/2542 4300/2609/2546 4299/2610/2547 4295/2606/2543
f 4297/2607/2544 4301/2611/2548 4300/2609/2546 4296/2605/2542
f 4298/2608/2545 4302/2612/2549 4301/2611/2548 4297/2607/2544
f 4300/2609/2546 4304/2613/2550 4303/2614/2551 4299/2610/2547
f 4301/2611/2548 4305/2615/2552 4304/2613/2550 4300/2609/2546
f 4302/2612/2549 4306/2616/2553 4305/2615/2552 4301/2611/2548
f 4304/2613/2550 4308/1593/2554 4307/1594/2555 4303/2614/2551
f 4305/2615/2552 4309/1595/2556 4308/1593/2554 4304/2613/2550
f 4306/2616/2553 4310/1596/2557 4309/1595/2556 4305/2615/2552
f 4308/1593/2554 4312/2617/2558 4311/2618/2559 4307/1594/2555
f 4309/1595/2556 4313/2619/2560 4312/2617/2558 4308/1593/2554
f 4310/1596/2557 4314/2620/2561 4313/2619/2560 4309/1595/2556
f 4312/2617/2558 4316/2621/2562 4315/2622/2563 4311/2618/2559
f 4313/2619/2560 4317/2623/2564 4316/2621/2562 4312/2617/2558
f 4314/2620/2561 4318/2624/2565 4317/2623/2564 4313/2619/2560
f 4316/2621/2562 4320/2625/2566 4319/2626/2567 4315/2622/2563
f 4317/2623/2564 4321/2627/2568 4320/2625/2566 4316/2621/2562
f 4318/2624/2565 4322/2628/2569 4321/2627/2568 4317/2623/2564
f 4320/2625/2566 4324/2629/2570 4323/2630/2571 4319/2626/2567
f 4321/2627/2568 4325/2631/2572 4324/2629/2570 4320/2625/2566
f 4322/2628/2569 4326/2632/2573 4325/2631/2572 4321/2627/2568
f 4324/2629/2570 4328/2633/2574 4327/2634/2575 4323/2630/2571
f 4325/2631/2572 4329/2635/2576 4328/2633/2574 4324/2629/2570
f 4326/2632/2573 4330/2636/2577 4329/2635/2576 4325/2631/2572
f 4328/2633/2574 4332/2637/2578 4331/2638/2579 4327/2634/2575
f 4329/2635/2576 4333/2639/2580 4332/2637/2578 4328/2633/2574
f 4330/2636/2577 4334/2640/2581 4333/2639/2580 4329/2635/2576
f 4332/2637/2578 4336/2641/2582 4335/2642/2583 4331/2638/2579
f 4333/2639/2580 4337/2643/2584 4336/2641/2582 4332/2637/2578
f 4334/2640/2581 4338/2644/2585 4337/2643/2584 4333/2639/2580
f 4336/2641/2582 4340/2645/2586 4339/2646/2587 4335/2642/2583
f 4337/2643/2584 4341/2647/2588 4340/2645/2586 4336/2641/2582
f 4338/2644/2585 4342/2648/2589 4341/2647/2588 4337/2643/2584
f 4340/2645/2586 4344/2649/2590 4343/2650/2591 4339/2646/2587
f 4341/2647/2588 4345/2651/2592 4344/2649/2590 4340/2645/2586
f 4342/2648/2589 4346/2652/2593 4345/2651/2592 4341/2647/2588
f 4344/2649/2590 4348/2653/2594 4347/2654/2595 4343/2650/2591
f 4345/2651/2592 4349/2655/2596 4348/2653/2594 4344/2649/2590
f 4346/2652/2593 4350/2656/2597 4349/2655/2596 4345/2651/2592
f 4348/2653/2594 4352/2657/2598 4351/2658/2599 4347/2654/2595
f 4349/2655/2596 4353/2659/2600 4352/2657/2598 4348/2653/2594
f 4350/2656/2597 4354/2660/2601 4353/2659/2600 4349/2655/2596
f 4352/2657/2598 4356/2661/2602 4355/2662/2603 4351/2658/2599
f 4353/2659/2600 4357/2663/2604 4356/2661/2602 4352/2657/2598
f 4354/2660/2601 4358/2664/2605 4357/2663/2604 4353/2659/2600
f 4356/2661/2602 4360/2665/2606 4359/2666/2607 4355/2662/2603
f 4357/2663/2604 4361/2667/2608 4360/2665/2606 4356/2661/2602
f 4358/2664/2605 4362/2668/2609 4361/2667/2608 4357/2663/2604
f 4360/2665/2606 4364/2669/2610 4363/2670/2611 4359/2666/2607
f 4361/2667/2608 4365/2671/2612 4364/2669/2610 4360/2665/2606
f 4362/2668/2609 4366/2672/2613 4365/2671/2612 4361/2667/2608
f 4364/2669/2610 4368/2673/2614 4367/2674/2615 4363/2670/2611
f 4365/2671/2612 4369/2675/2616 4368/2673/2614 4364/2669/2610
f 4366/2672/2613 4370/2676/2617 4369/2675/2616 4365/2671/2612
f 4368/2673/2614 4372/2677/2618 4371/2678/2619 4367/2674/2615
f 4369/2675/2616 4373/2679/2620 4372/2677/2618 4368/2673/2614
f 4370/2676/2617 4374/2680/2621 4373/2679/2620 4369/2675/2616
f 4372/2677/2618 4376/2681/2622 4375/2682/2623 4371/2678/2619
f 4373/2679/2620 4377/2683/2624 4376/2681/2622 4372/2677/2618
f 4374/2680/2621 4378/2684/2625 4377/2683/2624 4373/2679/2620
f 4376/2681/2622 4380/2685/2626 4379/2686/2627 4375/2682/2623
f 4377/2683/2624 4381/2687/2628 4380/2685/2626 4376/2681/2622
f 4378/2684/2625 4382/2688/2629 4381/2687/2628 4377/2683/2624
f 4380/2685/2626 4384/2689/2630 4383/2690/2631 4379/2686/2627
f 4381/2687/2628 4385/2691/2632 4384/2689/2630 4380/2685/2626
f 4382/2688/2629 4386/2692/2633 4385/2691/2632 4381/2687/2628
f 4384/2689/2630 4388/2693/2634 4387/2694/2635 4383/2690/2631
f 4385/2691/2632 4389/2695/2636 4388/2693/2634 4384/2689/2630
f 4386/2692/2633 4390/2696/2637 4389/2695/2636 4385/2691/2632
f 4388/2693/2634 4392/2697/2638 4391/2698/2639 4387/2694/2635
f 4389/2695/2636 4393/2699/2640 4392/2697/2638 4388/2693/2634
f 4390/2696/2637 4394/2700/2641 4393/2699/2640 4389/2695/2636
f 4392/2697/2638 4396/2701/2642 4395/2702/2643 4391/2698/2639
f 4393/2699/2640 4397/2703/2644 4396/2701/2642 4392/2697/2638
f 4394/2700/2641 4398/2704/2645 4397/2703/2644 4393/2699/2640
f 4396/2701/2642 4400/2705/2646 4399/2706/2647 4395/2702/2643
f 4397/2703/2644 4401/2707/2648 4400/2705/2646 4396/2701/2642
f 4398/2704/2645 4402/2708/2649 4401/2707/2648 4397/2703/2644
f 4400/2705/2646 4404/2709/2650 4403/2710/2651 4399/2706/2647
f 4401/2707/2648 4405/2711/2652 4404/2709/2650 4400/2705/2646
f 4402/2708/2649 4406/2712/2653 4405/2711/2652 4401/2707/2648
f 4404/2709/2650 4408/2713/2654 4407/2714/2655 4403/2710/2651
f 4405/2711/2652 4409/2715/2656 4408/2713/2654 4404/2709/2650
f 4406/2712/2653 4410/2716/2657 4409/2715/2656 4405/2711/2652
f 4408/2713/2654 4412/2717/2658 4411/2718/2659 4407/2714/2655
f 4409/2715/2656 4413/2719/2660 4412/2717/2658 4408/2713/2654
f 4410/2716/2657 4414/2720/2661 4413/2719/2660 4409/2715/2656
f 4412/2717/2658 4416/2721/2662 4415/2722/2663 4411/2718/2659
f 4413/2719/2660 4417/2723/2664 4416/2721/2662 4412/2717/2658
f 4414/2720/2661 4418/2724/2665 4417/2723/2664 4413/2719/2660
f 4416/2721/2662 4420/2725/2666 4419/2726/2667 4415/2722/2663
f 4417/2723/2664 4421/2727/2668 4420/2725/2666 4416/2721/2662
f 4418/2724/2665 4422/2728/2669 4421/2727/2668 4417/2723/2664
f 4420/2725/2666 4424/2729/2670 4423/2730/2671 4419/2726/2667
f 4421/2727/2668 4425/2731/2672 4424/2729/2670 4420/2725/2666
f 4422/2728/2669 4426/2732/2673 4425/2731/2672 4421/2727/2668
f 4424/2729/2670 4428/2733/2674 4427/2734/2675 4423/2730/2671
f 4425/2731/2672 4429/2735/2676 4428/2733/2674 4424/2729/2670
f 4426/2732/2673 4430/2736/2677 4429/2735/2676 4425/2731/2672
f 4428/2733/2674 4432/2737/2678 4431/2738/2679 4427/2734/2675
f 4429/2735/2676 4433/2739/2680 4432/2737/2678 4428/2733/2674
f 4430/2736/2677 4434/2740/2681 4433/2739/2680 4429/2735/2676
f 4432/2737/2678 4436/2741/2682 4435/2742/2683 4431/2738/2679
f 4433/2739/2680 4437/2743/2684 4436/2741/2682 4432/2737/2678
f 4434/2740/2681 4438/2744/2685 4437/2743/2684 4433/2739/2680
f 4436/2741/2682 4440/2745/2686 4439/2746/2687 4435/2742/2683
f 4437/2743/2684 4441/2747/2688 4440/2745/2686 4436/2741/2682
f 4438/2744/2685 4442/2748/2689 4441/2747/2688 4437/2743/2684
f 4440/2745/2686 4444/2749/2690 4443/2750/2691 4439/2746/2687
f 4441/2747/2688 4445/2751/2692 4444/2749/2690 4440/2745/2686
f 4442/2748/2689 4446/2752/2693 4445/2751/2692 4441/2747/2688
f 4444/2749/2690 4448/2753/2694 4447/2754/2695 4443/2750/2691
f 4445/2751/2692 4449/2755/2696 4448/2753/2694 4444/2749/2690
f 4446/2752/2693 4450/2756/2697 4449/2755/2696 4445/2751/2692
f 4448/2753/2694 4452/2757/2698 4451/2758/2699 4447/2754/2695
f 4449/2755/2696 4453/2759/2700 4452/2757/2698 4448/2753/2694
f 4450/2756/2697 4454/2760/2701 4453/2759/2700 4449/2755/2696
f 4452/2757/2698 3864/772/2198 3863/49/2201 4451/2758/2699
f 4453/2759/2700 3865/773/2202 3864/772/2198 4452/2757/2698
f 4454/2760/2701 3866/774/2204 3865/773/2202 4453/2759/2700
f 4456/694/1146 4460/695/1147 4459/508/1148 4455/30/1149
f 4457/696/1150 4461/697/1151 4460/695/1147 4456/694/1146
f 4458/698/1152 4462/699/1153 4461/697/1151 4457/696/1150
f 4460/695/1147 4464/700/1154 4463/483/1155 4459/508/1148
f 4461/697/1151 4465/701/1156 4464/700/1154 4460/695/1147
f 4462/699/1153 4466/702/1157 4465/701/1156 4461/697/1151
f 4464/700/1154 4468/703/2702 4467/506/1159 4463/483/1155
f 4465/701/1156 4469/704/2703 4468/703/2702 4464/700/1154
f 4466/702/1157 4470/705/1161 4469/704/2703 4465/701/1156
f 4468/703/2702 4472/706/1162 4471/521/1163 4467/506/1159
f 4469/704/2703 4473/707/1164 4472/706/1162 4468/703/2702
f 4470/705/1161 4474/708/1165 4473/707/1164 4469/704/2703
f 4472/706/1162 4476/709/1166 4475/526/1167 4471/521/1163
f 4473/707/1164 4477/710/1168 4476/709/1166 4472/706/1162
f 4474/708/1165 4478/711/1169 4477/710/1168 4473/707/1164
f 4476/709/1166 4480/712/1170 4479/531/1171 4475/526/1167
f 4477/710/1168 4481/713/1172 4480/712/1170 4476/709/1166
f 4478/711/1169 4482/714/1173 4481/713/1172 4477/710/1168
f 4480/712/1170 4484/715/1174 4483/541/1175 4479/531/1171
f 4481/713/1172 4485/716/1176 4484/715/1174 4480/712/1170
f 4482/714/1173 4486/717/1177 4485/716/1176 4481/713/1172
f 4484/715/1174 4488/718/1178 4487/547/1179 4483/541/1175
f 4485/716/1176 4489/719/1180 4488/718/1178 4484/715/1174
f 4486/717/1177 4490/720/1181 4489/719/1180 4485/716/1176
f 4488/718/1178 4492/721/1182 4491/538/1183 4487/547/1179
f 4489/719/1180 4493/722/1184 4492/721/1182 4488/718/1178
f 4490/720/1181 4494/723/1185 4493/722/1184 4489/719/1180
f 4492/721/1182 4496/724/1186 4495/504/1187 4491/538/1183
f 4493/722/1184 4497/725/1188 4496/724/1186 4492/721/1182
f 4494/723/1185 4498/726/1189 4497/725/1188 4493/722/1184
f 4496/724/1186 4500/727/1190 4499/495/1191 4495/504/1187
f 4497/725/1188 4501/728/1192 4500/727/1190 4496/724/1186
f 4498/726/1189 4502/729/1193 4501/728/1192 4497/725/1188
f 4500/727/1190 4504/730/2704 4503/490/1195 4499/495/1191
f 4501/728/1192 4505/731/2705 4504/730/2704 4500/727/1190
f 4502/729/1193 4506/732/1197 4505/731/2705 4501/728/1192
f 4504/730/2704 4508/733/1198 4507/482/2706 4503/490/1195
f 4505/731/2705 4509/734/1200 4508/733/1198 4504/730/2704
f 4506/732/1197 4510/735/2707 4509/734/1200 4505/731/2705
f 4508/733/1198 4512/736/1202 4511/445/1203 4507/482/2706
f 4509/734/1200 4513/737/1204 4512/736/1202 4508/733/1198
f 4510/735/2707 4514/738/1205 4513/737/1204 4509/734/1200
f 4512/736/1202 4516/739/2708 4515/436/1207 4511/445/1203
f 4513/737/1204 4517/740/2709 4516/739/2708 4512/736/1202
f 4514/738/1205 4518/741/1209 4517/740/2709 4513/737/1204
f 4516/739/2708 4520/742/1210 4519/427/1211 4515/436/1207
f 4517/740/2709 4521/743/1212 4520/742/1210 4516/739/2708
f 4518/741/1209 4522/744/1213 4521/743/1212 4517/740/2709
f 4520/742/1210 4524/745/1214 4523/431/1215 4519/427/1211
f 4521/743/1212 4525/746/1216 4524/745/1214 4520/742/1210
f 4522/744/1213 4526/747/1217 4525/746/1216 4521/743/1212
f 4524/745/1214 4528/748/1218 4527/441/1219 4523/431/1215
f 4525/746/1216 4529/749/1220 4528/748/1218 4524/745/1214
f 4526/747/1217 4530/750/1221 4529/749/1220 4525/746/1216
f 4528/748/1218 4532/751/1222 4531/476/1223 4527/441/1219
f 4529/749/1220 4533/752/1224 4532/751/1222 4528/748/1218
f 4530/750/1221 4534/753/1225 4533/752/1224 4529/749/1220
f 4532/751/1222 4536/754/1226 4535/469/1227 4531/476/1223
f 4533/752/1224 4537/755/1228 4536/754/1226 4532/751/1222
f 4534/753/1225 4538/756/1229 4537/755/1228 4533/752/1224
f 4536/754/1226 4540/757/1230 4539/465/1231 4535/469/1227
f 4537/755/1228 4541/758/1232 4540/757/1230 4536/754/1226
f 4538/756/1229 4542/759/1233 4541/758/1232 4537/755/1228
f 4540/757/1230 4544/760/1234 4543/460/1235 4539/465/1231
f 4541/758/1232 4545/761/1236 4544/760/1234 4540/757/1230
f 4542/759/1233 4546/762/1237 4545/761/1236 4541/758/1232
f 4544/760/1234 4548/763/1238 4547/455/1239 4543/460/1235
f 4545/761/1236 4549/764/1240 4548/763/1238 4544/760/1234
f 4546/762/1237 4550/765/1241 4549/764/1240 4545/761/1236
f 4548/763/1238 4552/766/1242 4551/475/1243 4547/455/1239
f 4549/764/1240 4553/767/1244 4552/766/1242 4548/763/1238
f 4550/765/1241 4554/768/1245 4553/767/1244 4549/764/1240
f 4552/766/1242 4556/769/1246 4555/507/1247 4551/475/1243
f 4553/767/1244 4557/770/1248 4556/769/1246 4552/766/1242
f 4554/768/1245 4558/771/1249 4557/770/1248 4553/767/1244
f 4556/769/1246 4456/772/1146 4455/49/1149 4555/507/1247
f 4557/770/1248 4457/773/1150 4456/772/1146 4556/769/1246
f 4558/771/1249 4458/774/1152 4457/773/1150 4557/770/1248
f 4560/694/1250 4564/775/1251 4563/776/1252 4559/30/1253
f 4561/696/1254 4565/777/1255 4564/775/1251 4560/694/1250
f 4562/698/1256 4566/778/1257 4565/777/1255 4561/696/1254
f 4564/775/1251 4568/779/1258 4567/27/1259 4563/776/1252
f 4565/777/1255 4569/780/1260 4568/779/1258 4564/775/1251
f 4566/778/1257 4570/781/1261 4569/780/1260 4565/777/1255
f 4568/779/1258 4572/782/2710 4571/783/1263 4567/27/1259
f 4569/780/1260 4573/784/2711 4572/782/2710 4568/779/1258
f 4570/781/1261 4574/785/1265 4573/784/2711 4569/780/1260
f 4572/782/2710 4576/786/1266 4575/17/1267 4571/783/1263
f 4573/784/2711 4577/787/1268 4576/786/1266 4572/782/2710
f 4574/785/1265 4578/788/1269 4577/787/1268 4573/784/2711
f 4576/786/1266 4580/789/1270 4579/480/1271 4575/17/1267
f 4577/787/1268 4581/790/1272 4580/789/1270 4576/786/1266
f 4578/788/1269 4582/791/1273 4581/790/1272 4577/787/1268
f 4580/789/1270 4584/792/1274 4583/11/1275 4579/480/1271
f 4581/790/1272 4585/793/1276 4584/792/1274 4580/789/1270
f 4582/791/1273 4586/794/1277 4585/793/1276 4581/790/1272
f 4584/792/1274 4588/795/1278 4587/796/1279 4583/11/1275
f 4585/793/1276 4589/797/1280 4588/795/1278 4584/792/1274
f 4586/794/1277 4590/798/1281 4589/797/1280 4585/793/1276
f 4588/795/1278 4592/799/1282 4591/1/1283 4587/796/1279
f 4589/797/1280 4593/800/1284 4592/799/1282 4588/795/1278
f 4590/798/1281 4594/801/1285 4593/800/1284 4589/797/1280
f 4592/799/1282 4596/802/1286 4595/803/1287 4591/1/1283
f 4593/800/1284 4597/804/1288 4596/802/1286 4592/799/1282
f 4594/801/1285 4598/805/1289 4597/804/1288 4593/800/1284
f 4596/802/1286 4600/806/1290 4599/4/1291 4595/803/1287
f 4597/804/1288 4601/807/1292 4600/806/1290 4596/802/1286
f 4598/805/1289 4602/808/1293 4601/807/1292 4597/804/1288
f 4600/806/1290 4604/809/1294 4603/810/1295 4599/4/1291
f 4601/807/1292 4605/811/1296 4604/809/1294 4600/806/1290
f 4602/808/1293 4606/812/1297 4605/811/1296 4601/807/1292
f 4604/809/1294 4608/813/1298 4607/8/1299 4603/810/1295
f 4605/811/1296 4609/814/1300 4608/813/1298 4604/809/1294
f 4606/812/1297 4610/815/1301 4609/814/1300 4605/811/1296
f 4608/813/1298 4612/816/1302 4611/817/1303 4607/8/1299
f 4609/814/1300 4613/818/1304 4612/816/1302 4608/813/1298
f 4610/815/1301 4614/819/1305 4613/818/1304 4609/814/1300
f 4612/816/1302 4616/820/1306 4615/14/1307 4611/817/1303
f 4613/818/1304 4617/821/1308 4616/820/1306 4612/816/1302
f 4614/819/1305 4618/822/1309 4617/821/1308 4613/818/1304
f 4616/820/1306 4620/823/1310 4619/548/1311 4615/14/1307
f 4617/821/1308 4621/824/1312 4620/823/1310 4616/820/1306
f 4618/822/1309 4622/825/1313 4621/824/1312 4617/821/1308
f 4620/823/1310 4624/826/1314 4623/23/1315 4619/548/1311
f 4621/824/1312 4625/827/1316 4624/826/1314 4620/823/1310
f 4622/825/1313 4626/828/1317 4625/827/1316 4621/824/1312
f 4624/826/1314 4628/829/1318 4627/830/1319 4623/23/1315
f 4625/827/1316 4629/831/1320 4628/829/1318 4624/826/1314
f 4626/828/1317 4630/832/1321 4629/831/1320 4625/827/1316
f 4628/829/1318 4632/833/1322 4631/45/1323 4627/830/1319
f 4629/831/1320 4633/834/1324 4632/833/1322 4628/829/1318
f 4630/832/1321 4634/835/1325 4633/834/1324 4629/831/1320
f 4632/833/1322 4636/836/1326 4635/837/1327 4631/45/1323
f 4633/834/1324 4637/838/1328 4636/836/1326 4632/833/1322
f 4634/835/1325 4638/839/1329 4637/838/1328 4633/834/1324
f 4636/836/1326 4640/840/1330 4639/39/1331 4635/837/1327
f 4637/838/1328 4641/841/1332 4640/840/1330 4636/836/1326
f 4638/839/1329 4642/842/1333 4641/841/1332 4637/838/1328
f 4640/840/1330 4644/843/1334 4643/844/1335 4639/39/1331
f 4641/841/1332 4645/845/1336 4644/843/1334 4640/840/1330
f 4642/842/1333 4646/846/1337 4645/845/1336 4641/841/1332
f 4644/843/1334 4648/847/1338 4647/33/1339 4643/844/1335
f 4645/845/1336 4649/848/1340 4648/847/1338 4644/843/1334
f 4646/846/1337 4650/849/1341 4649/848/1340 4645/845/1336
f 4648/847/1338 4652/850/1342 4651/851/1343 4647/33/1339
f 4649/848/1340 4653/852/1344 4652/850/1342 4648/847/1338
f 4650/849/1341 4654/853/1345 4653/852/1344 4649/848/1340
f 4652/850/1342 4656/854/1346 4655/18/1347 4651/851/1343
f 4653/852/1344 4657/855/1348 4656/854/1346 4652/850/1342
f 4654/853/1345 4658/856/1349 4657/855/1348 4653/852/1344
f 4656/854/1346 4660/733/1350 4659/482/1351 4655/18/1347
f 4657/855/1348 4661/734/1352 4660/733/1350 4656/854/1346
f 4658/856/1349 4662/735/1353 4661/734/1352 4657/855/1348
f 4660/733/1350 4664/857/1354 4663/32/1355 4659/482/1351
f 4661/734/1352 4665/858/1356 4664/857/1354 4660/733/1350
f 4662/735/1353 4666/859/1357 4665/858/1356 4661/734/1352
f 4664/857/1354 4668/860/1358 4667/861/1359 4663/32/1355
f 4665/858/1356 4669/862/1360 4668/860/1358 4664/857/1354
f 4666/859/1357 4670/863/1361 4669/862/1360 4665/858/1356
f 4668/860/1358 4672/864/1362 4671/38/1363 4667/861/1359
f 4669/862/1360 4673/865/1364 4672/864/1362 4668/860/1358
f 4670/863/1361 4674/866/1365 4673/865/1364 4669/862/1360
f 4672/864/1362 4676/867/1366 4675/868/1367 4671/38/1363
f 4673/865/1364 4677/869/1368 4676/867/1366 4672/864/1362
f 4674/866/1365 4678/870/1369 4677/869/1368 4673/865/1364
f 4676/867/1366 4680/871/1370 4679/44/1371 4675/868/1367
f 4677/869/1368 4681/872/1372 4680/871/1370 4676/867/1366
f 4678/870/1369 4682/873/1373 4681/872/1372 4677/869/1368
f 4680/871/1370 4684/874/1374 4683/875/1375 4679/44/1371
f 4681/872/1372 4685/876/1376 4684/874/1374 4680/871/1370
f 4682/873/1373 4686/877/1377 4685/876/1376 4681/872/1372
f 4684/874/1374 4688/878/1378 4687/50/1379 4683/875/1375
f 4685/876/1376 4689/879/1380 4688/878/1378 4684/874/1374
f 4686/877/1377 4690/880/1381 4689/879/1380 4685/876/1376
f 4688/878/1378 4692/881/1382 4691/882/1383 4687/50/1379
f 4689/879/1380 4693/883/1384 4692/881/1382 4688/878/1378
f 4690/880/1381 4694/884/1385 4693/883/1384 4689/879/1380
f 4692/881/1382 4696/885/1386 4695/59/1387 4691/882/1383
f 4693/883/1384 4697/886/1388 4696/885/1386 4692/881/1382
f 4694/884/1385 4698/887/1389 4697/886/1388 4693/883/1384
f 4696/885/1386 4700/888/1390 4699/443/1391 4695/59/1387
f 4697/886/1388 4701/889/1392 4700/888/1390 4696/885/1386
f 4698/887/1389 4702/890/1393 4701/889/1392 4697/886/1388
f 4700/888/1390 4704/891/1394 4703/65/1395 4699/443/1391
f 4701/889/1392 4705/892/1396 4704/891/1394 4700/888/1390
f 4702/890/1393 4706/893/1397 4705/892/1396 4701/889/1392
f 4704/891/1394 4708/894/1398 4707/895/1399 4703/65/1395
f 4705/892/1396 4709/896/1400 4708/894/1398 4704/891/1394
f 4706/893/1397 4710/897/1401 4709/896/1400 4705/892/1396
f 4708/894/1398 4712/898/1402 4711/72/1403 4707/895/1399
f 4709/896/1400 4713/899/1404 4712/898/1402 4708/894/1398
f 4710/897/1401 4714/900/1405 4713/899/1404 4709/896/1400
f 4712/898/1402 4716/901/1406 4715/902/1407 4711/72/1403
f 4713/899/1404 4717/903/1408 4716/901/1406 4712/898/1402
f 4714/900/1405 4718/904/1409 4717/903/1408 4713/899/1404
f 4716/901/1406 4720/905/1410 4719/75/1411 4715/902/1407
f 4717/903/1408 4721/906/1412 4720/905/1410 4716/901/1406
f 4718/904/1409 4722/907/1413 4721/906/1412 4717/903/1408
f 4720/905/1410 4724/908/1414 4723/909/1415 4719/75/1411
f 4721/906/1412 4725/910/1416 4724/908/1414 4720/905/1410
f 4722/907/1413 4726/911/1417 4725/910/1416 4721/906/1412
f 4724/908/1414 4728/912/1418 4727/69/1419 4723/909/1415
f 4725/910/1416 4729/913/1420 4728/912/1418 4724/908/1414
f 4726/911/1417 4730/914/1421 4729/913/1420 4725/910/1416
f 4728/912/1418 4732/915/1422 4731/916/1423 4727/69/1419
f 4729/913/1420 4733/917/1424 4732/915/1422 4728/912/1418
f 4730/914/1421 4734/918/1425 4733/917/1424 4729/913/1420
f 4732/915/1422 4736/919/1426 4735/64/1427 4731/916/1423
f 4733/917/1424 4737/920/1428 4736/919/1426 4732/915/1422
f 4734/918/1425 4738/921/1429 4737/920/1428 4733/917/1424
f 4736/919/1426 4740/922/1430 4739/454/1431 4735/64/1427
f 4737/920/1428 4741/923/1432 4740/922/1430 4736/919/1426
f 4738/921/1429 4742/924/1433 4741/923/1432 4737/920/1428
f 4740/922/1430 4744/925/1434 4743/58/1435 4739/454/1431
f 4741/923/1432 4745/926/1436 4744/925/1434 4740/922/1430
f 4742/924/1433 4746/927/1437 4745/926/1436 4741/923/1432
f 4744/925/1434 4748/928/1438 4747/929/1439 4743/58/1435
f 4745/926/1436 4749/930/1440 4748/928/1438 4744/925/1434
f 4746/927/1437 4750/931/1441 4749/930/1440 4745/926/1436
f 4748/928/1438 4752/932/1442 4751/54/1443 4747/929/1439
f 4749/930/1440 4753/933/1444 4752/932/1442 4748/928/1438
f 4750/931/1441 4754/934/1445 4753/933/1444 4749/930/1440
f 4752/932/1442 4756/935/1446 4755/936/1447 4751/54/1443
f 4753/933/1444 4757/937/1448 4756/935/1446 4752/932/1442
f 4754/934/1445 4758/938/1449 4757/937/1448 4753/933/1444
f 4756/935/1446 4560/772/1250 4559/49/1253 4755/936/1447
f 4757/937/1448 4561/773/1254 4560/772/1250 4756/935/1446
f 4758/938/1449 4562/774/1256 4561/773/1254 4757/937/1448
